architecture_id,battery_energy_charged_J,battery_energy_discharged_J,battery_energy_throughput_J,campaign_id,compute_energy_denied_J,compute_energy_denied_fraction,delta_peak_temperature_vs_reference_K,dt_s,electrical_energy_balance_residual_J,electrical_energy_balance_tolerance_J,electrical_energy_curtailed_J,electrical_unserved_energy_J,environment_id,environment_orbits_elapsed,environment_period_s,executed_compute_energy_J,executed_mean_compute_power_W,executed_workload_trace_sha256,fdir_controller,fdir_latency_s,final_battery_SOC,git_commit,hot_phase_executed_energy_fraction,hot_phase_requested_energy_fraction,initial_battery_SOC,invalid_reason,maximum_absolute_cumulative_electrical_residual_J,maximum_battery_SOC,measurement_end_s_exclusive,measurement_start_s,measurement_window_basis,minimum_battery_SOC,mode,model_version,peak_executed_compute_power_W,peak_node_temperature_K,peak_radiator_temperature_K,peak_requested_compute_power_W,physical_realization_sha256,record_type,requested_compute_energy_J,requested_mean_compute_power_W,requested_workload_trace_sha256,schema_version,scientific_scope,seed,simulation_duration_s,solar_energy_generated_J,thermal_energy_balance_residual_J,thermal_throttle_event_count,time_above_project_throttle_threshold_s,time_thermally_throttled_s,valid_run,workload_id,workload_label,assumption_dominance_warnings,invariants,workload_allowed_inputs
A0_CROSS_ENVIRONMENT_NOMINAL_FEASIBLE,,,,RSIM-001-smoke,0.0,0.0,0.0,1.0,,,,,E0_CANONICAL,8.0,5400.0,970564165.1659082,29955.684110058894,f031c2a14c3c82a4615f6255ecb04c808faaf1d92f5993402bbf727cfbdbd0b8,,,,2bf50b710c5028c469736791796328ef22636056,0.6200000000000001,0.6200000000000001,,,,,43200.0,10800.0,canonical_wrb_wall_clock,,THERMAL_ONLY,TSM-01-v0.4.4-canonical-with-RSIM-wrapper-v1,29955.684110058897,324.0455667606524,313.4806658746379,29955.684110058897,f1e4e90f3f517362d1f0d86129448dbb51a9890353ed63ed0111bae36bf018af,run,970564165.1659082,29955.684110058894,c764803869c24ee6d44da3021b834589271b02a50e268b7b2c12cbcd3fa542c8,rsim-001-smoke.1,non-authoritative representative architecture challenge; not attack or spacecraft validation,0,43200.0,,-6.73486283631064e-07,0,0.0,0.0,True,constant_reference,W0 — constant reference,[],"{""battery_never_creates_energy"":true,""electrical_balance_closes"":true,""executed_le_design"":true,""executed_le_requested"":true,""fdir_never_increases_power"":true,""finite_state"":true,""housekeeping_priority"":true,""no_hidden_clipping"":true,""soc_within_bounds"":true}","[""time_s"",""rng""]"
A0_CROSS_ENVIRONMENT_NOMINAL_FEASIBLE,483169943.7440473,552194221.4218178,1035364165.165865,RSIM-001-smoke,0.0,0.0,0.0,1.0,-6.185134407132864e-05,0.0019913453793165554,74650173.9077116,0.0,E0_CANONICAL,8.0,5400.0,970564165.1659082,29955.684110058894,f031c2a14c3c82a4615f6255ecb04c808faaf1d92f5993402bbf727cfbdbd0b8,,,0.2286759698321553,2bf50b710c5028c469736791796328ef22636056,0.6200000000000001,0.6200000000000001,0.9,,6.421970465453342e-05,0.9,43200.0,10800.0,canonical_wrb_wall_clock,0.2286759698321553,POWER_CONSTRAINED,TSM-01-v0.4.4-canonical-with-RSIM-wrapper-v1,29955.684110058897,324.0455667606524,313.4806658746379,29955.684110058897,f1e4e90f3f517362d1f0d86129448dbb51a9890353ed63ed0111bae36bf018af,run,970564165.1659082,29955.684110058894,c764803869c24ee6d44da3021b834589271b02a50e268b7b2c12cbcd3fa542c8,rsim-001-smoke.1,non-authoritative representative architecture challenge; not attack or spacecraft validation,0,43200.0,1439151157.8947375,-6.73486283631064e-07,0,0.0,0.0,True,constant_reference,W0 — constant reference,[],"{""battery_never_creates_energy"":true,""electrical_balance_closes"":true,""executed_le_design"":true,""executed_le_requested"":true,""fdir_never_increases_power"":true,""finite_state"":true,""housekeeping_priority"":true,""initialization_domination_flag"":false,""no_hidden_clipping"":true,""soc_within_bounds"":true}","[""time_s"",""rng""]"
A0_CROSS_ENVIRONMENT_NOMINAL_FEASIBLE,483169943.7440473,552194221.4218178,1035364165.165865,RSIM-001-smoke,0.0,0.0,0.0,1.0,-6.185134407132864e-05,0.0019913453793165554,74650173.9077116,0.0,E0_CANONICAL,8.0,5400.0,970564165.1659082,29955.684110058894,f031c2a14c3c82a4615f6255ecb04c808faaf1d92f5993402bbf727cfbdbd0b8,RSIM canonical-derived monotone FDIR,30.0,0.2286759698321553,2bf50b710c5028c469736791796328ef22636056,0.6200000000000001,0.6200000000000001,0.9,,6.421970465453342e-05,0.9,43200.0,10800.0,canonical_wrb_wall_clock,0.2286759698321553,CLOSED_LOOP,TSM-01-v0.4.4-canonical-with-RSIM-wrapper-v1,29955.684110058897,324.0455667606524,313.4806658746379,29955.684110058897,f1e4e90f3f517362d1f0d86129448dbb51a9890353ed63ed0111bae36bf018af,run,970564165.1659082,29955.684110058894,c764803869c24ee6d44da3021b834589271b02a50e268b7b2c12cbcd3fa542c8,rsim-001-smoke.1,non-authoritative representative architecture challenge; not attack or spacecraft validation,0,43200.0,1439151157.8947375,-6.73486283631064e-07,0,0.0,0.0,True,constant_reference,W0 — constant reference,[],"{""battery_never_creates_energy"":true,""electrical_balance_closes"":true,""executed_le_design"":true,""executed_le_requested"":true,""fdir_never_increases_power"":true,""finite_state"":true,""housekeeping_priority"":true,""initialization_domination_flag"":false,""no_hidden_clipping"":true,""soc_within_bounds"":true}","[""time_s"",""rng""]"
A0_CROSS_ENVIRONMENT_NOMINAL_FEASIBLE,,,,RSIM-001-smoke,0.0,0.0,0.0,1.0,,,,,E1_REPRESENTATIVE_ANALYTIC_LEO,7.527453229594017,5738.992815014798,970564165.1659082,29955.684110058894,f031c2a14c3c82a4615f6255ecb04c808faaf1d92f5993402bbf727cfbdbd0b8,,,,2bf50b710c5028c469736791796328ef22636056,0.6325617283950618,0.6325617283950618,,,,,43200.0,10800.0,canonical_wrb_wall_clock,,THERMAL_ONLY,TSM-01-v0.4.4-canonical-with-RSIM-wrapper-v1,29955.684110058897,331.573832753243,320.96156980894125,29955.684110058897,b348f00169c885d3849e406bf8ee33c9e3461c493394179d38bcd5672eae6285,run,970564165.1659082,29955.684110058894,c764803869c24ee6d44da3021b834589271b02a50e268b7b2c12cbcd3fa542c8,rsim-001-smoke.1,non-authoritative representative architecture challenge; not attack or spacecraft validation,0,43200.0,,1.262035766558256e-06,0,0.0,0.0,True,constant_reference,W0 — constant reference,"[""E1 is a fixed-wall-clock representative environment challenge, not a periodic/steady-state result"",""E1 radiator incidence and Earth-view factors are ASSUMED_EXPLORATORY"",""E1 albedo is a bounded analytic approximation, not a flight environment model""]","{""battery_never_creates_energy"":true,""electrical_balance_closes"":true,""executed_le_design"":true,""executed_le_requested"":true,""fdir_never_increases_power"":true,""finite_state"":true,""housekeeping_priority"":true,""no_hidden_clipping"":true,""soc_within_bounds"":true}","[""time_s"",""rng""]"
A0_CROSS_ENVIRONMENT_NOMINAL_FEASIBLE,502948830.3300638,544154844.0509715,1047103674.3810353,RSIM-001-smoke,0.0,0.0,0.0,1.0,-5.917819362366572e-05,0.0019961478898913795,59034772.734218664,0.0,E1_REPRESENTATIVE_ANALYTIC_LEO,7.527453229594017,5738.992815014798,970564165.1659082,29955.684110058894,f031c2a14c3c82a4615f6255ecb04c808faaf1d92f5993402bbf727cfbdbd0b8,,,0.49923394885205763,2bf50b710c5028c469736791796328ef22636056,0.6325617283950618,0.6325617283950618,0.9,,6.044006295269355e-05,0.9,43200.0,10800.0,canonical_wrb_wall_clock,0.20119486918200996,POWER_CONSTRAINED,TSM-01-v0.4.4-canonical-with-RSIM-wrapper-v1,29955.684110058897,331.573832753243,320.96156980894125,29955.684110058897,b348f00169c885d3849e406bf8ee33c9e3461c493394179d38bcd5672eae6285,run,970564165.1659082,29955.684110058894,c764803869c24ee6d44da3021b834589271b02a50e268b7b2c12cbcd3fa542c8,rsim-001-smoke.1,non-authoritative representative architecture challenge; not attack or spacecraft validation,0,43200.0,1451993045.840408,1.262035766558256e-06,0,0.0,0.0,True,constant_reference,W0 — constant reference,"[""E1 is a fixed-wall-clock representative environment challenge, not a periodic/steady-state result"",""E1 radiator incidence and Earth-view factors are ASSUMED_EXPLORATORY"",""E1 albedo is a bounded analytic approximation, not a flight environment model""]","{""battery_never_creates_energy"":true,""electrical_balance_closes"":true,""executed_le_design"":true,""executed_le_requested"":true,""fdir_never_increases_power"":true,""finite_state"":true,""housekeeping_priority"":true,""initialization_domination_flag"":false,""no_hidden_clipping"":true,""soc_within_bounds"":true}","[""time_s"",""rng""]"
A0_CROSS_ENVIRONMENT_NOMINAL_FEASIBLE,502948830.3300638,544154844.0509715,1047103674.3810353,RSIM-001-smoke,0.0,0.0,0.0,1.0,-5.917819362366572e-05,0.0019961478898913795,59034772.734218664,0.0,E1_REPRESENTATIVE_ANALYTIC_LEO,7.527453229594017,5738.992815014798,970564165.1659082,29955.684110058894,f031c2a14c3c82a4615f6255ecb04c808faaf1d92f5993402bbf727cfbdbd0b8,RSIM canonical-derived monotone FDIR,30.0,0.49923394885205763,2bf50b710c5028c469736791796328ef22636056,0.6325617283950618,0.6325617283950618,0.9,,6.044006295269355e-05,0.9,43200.0,10800.0,canonical_wrb_wall_clock,0.20119486918200996,CLOSED_LOOP,TSM-01-v0.4.4-canonical-with-RSIM-wrapper-v1,29955.684110058897,331.573832753243,320.96156980894125,29955.684110058897,b348f00169c885d3849e406bf8ee33c9e3461c493394179d38bcd5672eae6285,run,970564165.1659082,29955.684110058894,c764803869c24ee6d44da3021b834589271b02a50e268b7b2c12cbcd3fa542c8,rsim-001-smoke.1,non-authoritative representative architecture challenge; not attack or spacecraft validation,0,43200.0,1451993045.840408,1.262035766558256e-06,0,0.0,0.0,True,constant_reference,W0 — constant reference,"[""E1 is a fixed-wall-clock representative environment challenge, not a periodic/steady-state result"",""E1 radiator incidence and Earth-view factors are ASSUMED_EXPLORATORY"",""E1 albedo is a bounded analytic approximation, not a flight environment model""]","{""battery_never_creates_energy"":true,""electrical_balance_closes"":true,""executed_le_design"":true,""executed_le_requested"":true,""fdir_never_increases_power"":true,""finite_state"":true,""housekeeping_priority"":true,""initialization_domination_flag"":false,""no_hidden_clipping"":true,""soc_within_bounds"":true}","[""time_s"",""rng""]"
A0_CROSS_ENVIRONMENT_NOMINAL_FEASIBLE,,,,RSIM-001-smoke,0.0,0.0,1.930265139178573,1.0,,,,,E0_CANONICAL,8.0,5400.0,970564165.1659082,29955.6841100589,bf87fc1ff9bf3d5b2ecb6f0147365e0510aafdb4ad7cc46d4189250de5b62404,,,,2bf50b710c5028c469736791796328ef22636056,0.6216305189291582,0.6216305189291582,,,,,43200.0,10800.0,canonical_wrb_wall_clock,,THERMAL_ONLY,TSM-01-v0.4.4-canonical-with-RSIM-wrapper-v1,36493.97815098716,325.97583189983095,315.0595767824931,36493.97815098716,f1e4e90f3f517362d1f0d86129448dbb51a9890353ed63ed0111bae36bf018af,run,970564165.1659082,29955.6841100589,e960ef341cebc0583b018b6773b5744590feb490ab349beb3689815b57da93ab,rsim-001-smoke.1,non-authoritative representative architecture challenge; not attack or spacecraft validation,0,43200.0,,-1.7095771909225732e-07,0,0.0,0.0,True,diversified_stochastic,W1 — diversified stochastic,[],"{""battery_never_creates_energy"":true,""electrical_balance_closes"":true,""executed_le_design"":true,""executed_le_requested"":true,""fdir_never_increases_power"":true,""finite_state"":true,""housekeeping_priority"":true,""no_hidden_clipping"":true,""soc_within_bounds"":true}","[""time_s"",""rng""]"
A0_CROSS_ENVIRONMENT_NOMINAL_FEASIBLE,483512826.54931736,552821387.5875367,1036334214.136854,RSIM-001-smoke,0.0,0.0,1.930265139178573,1.0,-1.4698402083013207e-05,0.001991972545482274,72985775.71099682,0.0,E0_CANONICAL,8.0,5400.0,970564165.1659082,29955.6841100589,bf87fc1ff9bf3d5b2ecb6f0147365e0510aafdb4ad7cc46d4189250de5b62404,,,0.22591105496889902,2bf50b710c5028c469736791796328ef22636056,0.6216305189291582,0.6216305189291582,0.9,,1.4932411431800574e-05,0.9,43200.0,10800.0,canonical_wrb_wall_clock,0.20707284202456125,POWER_CONSTRAINED,TSM-01-v0.4.4-canonical-with-RSIM-wrapper-v1,36493.97815098716,325.97583189983095,315.0595767824931,36493.97815098716,f1e4e90f3f517362d1f0d86129448dbb51a9890353ed63ed0111bae36bf018af,run,970564165.1659082,29955.6841100589,e960ef341cebc0583b018b6773b5744590feb490ab349beb3689815b57da93ab,rsim-001-smoke.1,non-authoritative representative architecture challenge; not attack or spacecraft validation,0,43200.0,1439151157.8947375,-1.7095771909225732e-07,0,0.0,0.0,True,diversified_stochastic,W1 — diversified stochastic,[],"{""battery_never_creates_energy"":true,""electrical_balance_closes"":true,""executed_le_design"":true,""executed_le_requested"":true,""fdir_never_increases_power"":true,""finite_state"":true,""housekeeping_priority"":true,""initialization_domination_flag"":false,""no_hidden_clipping"":true,""soc_within_bounds"":true}","[""time_s"",""rng""]"
A0_CROSS_ENVIRONMENT_NOMINAL_FEASIBLE,483512826.54931736,552821387.5875367,1036334214.136854,RSIM-001-smoke,0.0,0.0,1.930265139178573,1.0,-1.4698402083013207e-05,0.001991972545482274,72985775.71099682,0.0,E0_CANONICAL,8.0,5400.0,970564165.1659082,29955.6841100589,bf87fc1ff9bf3d5b2ecb6f0147365e0510aafdb4ad7cc46d4189250de5b62404,RSIM canonical-derived monotone FDIR,30.0,0.22591105496889902,2bf50b710c5028c469736791796328ef22636056,0.6216305189291582,0.6216305189291582,0.9,,1.4932411431800574e-05,0.9,43200.0,10800.0,canonical_wrb_wall_clock,0.20707284202456125,CLOSED_LOOP,TSM-01-v0.4.4-canonical-with-RSIM-wrapper-v1,36493.97815098716,325.97583189983095,315.0595767824931,36493.97815098716,f1e4e90f3f517362d1f0d86129448dbb51a9890353ed63ed0111bae36bf018af,run,970564165.1659082,29955.6841100589,e960ef341cebc0583b018b6773b5744590feb490ab349beb3689815b57da93ab,rsim-001-smoke.1,non-authoritative representative architecture challenge; not attack or spacecraft validation,0,43200.0,1439151157.8947375,-1.7095771909225732e-07,0,0.0,0.0,True,diversified_stochastic,W1 — diversified stochastic,[],"{""battery_never_creates_energy"":true,""electrical_balance_closes"":true,""executed_le_design"":true,""executed_le_requested"":true,""fdir_never_increases_power"":true,""finite_state"":true,""housekeeping_priority"":true,""initialization_domination_flag"":false,""no_hidden_clipping"":true,""soc_within_bounds"":true}","[""time_s"",""rng""]"
A0_CROSS_ENVIRONMENT_NOMINAL_FEASIBLE,,,,RSIM-001-smoke,0.0,0.0,1.898725980531708,1.0,,,,,E1_REPRESENTATIVE_ANALYTIC_LEO,7.527453229594017,5738.992815014798,970564165.1659082,29955.6841100589,bf87fc1ff9bf3d5b2ecb6f0147365e0510aafdb4ad7cc46d4189250de5b62404,,,,2bf50b710c5028c469736791796328ef22636056,0.6332582149037339,0.6332582149037339,,,,,43200.0,10800.0,canonical_wrb_wall_clock,,THERMAL_ONLY,TSM-01-v0.4.4-canonical-with-RSIM-wrapper-v1,36493.97815098716,333.4725587337747,322.56544739507524,36493.97815098716,b348f00169c885d3849e406bf8ee33c9e3461c493394179d38bcd5672eae6285,run,970564165.1659082,29955.6841100589,e960ef341cebc0583b018b6773b5744590feb490ab349beb3689815b57da93ab,rsim-001-smoke.1,non-authoritative representative architecture challenge; not attack or spacecraft validation,0,43200.0,,3.339506292832084e-06,0,0.0,0.0,True,diversified_stochastic,W1 — diversified stochastic,"[""E1 is a fixed-wall-clock representative environment challenge, not a periodic/steady-state result"",""E1 radiator incidence and Earth-view factors are ASSUMED_EXPLORATORY"",""E1 albedo is a bounded analytic approximation, not a flight environment model""]","{""battery_never_creates_energy"":true,""electrical_balance_closes"":true,""executed_le_design"":true,""executed_le_requested"":true,""fdir_never_increases_power"":true,""finite_state"":true,""housekeeping_priority"":true,""no_hidden_clipping"":true,""soc_within_bounds"":true}","[""time_s"",""rng""]"
A0_CROSS_ENVIRONMENT_NOMINAL_FEASIBLE,500782256.16777265,540394793.6459718,1041177049.8137443,RSIM-001-smoke,2311429.8742995597,0.0023815322646951876,1.8987224214806133,1.0,-1.45886697282549e-05,0.0019923878394863797,59606353.38118696,214000.0,E1_REPRESENTATIVE_ANALYTIC_LEO,7.527453229594017,5738.992815014798,968252735.2916087,29884.34368183978,8b8b29c3fd97456e7305d79c9f1d1674fc2ab491ce399fe93ee0ec3474392192,,,0.5147319580915946,2bf50b710c5028c469736791796328ef22636056,0.6347699399964942,0.6332582149037339,0.9,SYSTEM_POWER_DEFICIT,1.4690347597934306e-05,0.9,43200.0,10800.0,canonical_wrb_wall_clock,0.2,POWER_CONSTRAINED,TSM-01-v0.4.4-canonical-with-RSIM-wrapper-v1,36493.97815098716,333.4725551747236,322.5654443494939,36493.97815098716,b348f00169c885d3849e406bf8ee33c9e3461c493394179d38bcd5672eae6285,run,970564165.1659082,29955.6841100589,e960ef341cebc0583b018b6773b5744590feb490ab349beb3689815b57da93ab,rsim-001-smoke.1,non-authoritative representative architecture challenge; not attack or spacecraft validation,0,43200.0,1451993045.840408,2.7127357498102356e-06,0,0.0,0.0,False,diversified_stochastic,W1 — diversified stochastic,"[""E1 is a fixed-wall-clock representative environment challenge, not a periodic/steady-state result"",""E1 radiator incidence and Earth-view factors are ASSUMED_EXPLORATORY"",""E1 albedo is a bounded analytic approximation, not a flight environment model"",""battery initialization-domination diagnostic flagged""]","{""battery_never_creates_energy"":true,""electrical_balance_closes"":true,""executed_le_design"":true,""executed_le_requested"":true,""fdir_never_increases_power"":true,""finite_state"":true,""housekeeping_priority"":true,""initialization_domination_flag"":true,""no_hidden_clipping"":true,""soc_within_bounds"":true}","[""time_s"",""rng""]"
A0_CROSS_ENVIRONMENT_NOMINAL_FEASIBLE,500782256.16777265,540394793.6459718,1041177049.8137443,RSIM-001-smoke,2311429.8742995597,0.0023815322646951876,1.8987224214806133,1.0,-1.45886697282549e-05,0.0019923878394863797,59606353.38118696,214000.0,E1_REPRESENTATIVE_ANALYTIC_LEO,7.527453229594017,5738.992815014798,968252735.2916087,29884.34368183978,8b8b29c3fd97456e7305d79c9f1d1674fc2ab491ce399fe93ee0ec3474392192,RSIM canonical-derived monotone FDIR,30.0,0.5147319580915946,2bf50b710c5028c469736791796328ef22636056,0.6347699399964942,0.6332582149037339,0.9,SYSTEM_POWER_DEFICIT,1.4690347597934306e-05,0.9,43200.0,10800.0,canonical_wrb_wall_clock,0.2,CLOSED_LOOP,TSM-01-v0.4.4-canonical-with-RSIM-wrapper-v1,36493.97815098716,333.4725551747236,322.5654443494939,36493.97815098716,b348f00169c885d3849e406bf8ee33c9e3461c493394179d38bcd5672eae6285,run,970564165.1659082,29955.6841100589,e960ef341cebc0583b018b6773b5744590feb490ab349beb3689815b57da93ab,rsim-001-smoke.1,non-authoritative representative architecture challenge; not attack or spacecraft validation,0,43200.0,1451993045.840408,2.7127357498102356e-06,0,0.0,0.0,False,diversified_stochastic,W1 — diversified stochastic,"[""E1 is a fixed-wall-clock representative environment challenge, not a periodic/steady-state result"",""E1 radiator incidence and Earth-view factors are ASSUMED_EXPLORATORY"",""E1 albedo is a bounded analytic approximation, not a flight environment model"",""battery initialization-domination diagnostic flagged""]","{""battery_never_creates_energy"":true,""electrical_balance_closes"":true,""executed_le_design"":true,""executed_le_requested"":true,""fdir_never_increases_power"":true,""finite_state"":true,""housekeeping_priority"":true,""initialization_domination_flag"":true,""no_hidden_clipping"":true,""soc_within_bounds"":true}","[""time_s"",""rng""]"
A0_CROSS_ENVIRONMENT_NOMINAL_FEASIBLE,,,,RSIM-001-smoke,0.0,0.0,10.176351598783015,1.0,,,,,E0_CANONICAL,8.0,5400.0,970564165.1659082,29955.684110058894,9e3325a00b327601ab2642d8ce626a29d1d0bb837580b743cab9ef9a731fed73,,,,2bf50b710c5028c469736791796328ef22636056,0.6297295810995157,0.6297295810995157,,,,,43200.0,10800.0,canonical_wrb_wall_clock,,THERMAL_ONLY,TSM-01-v0.4.4-canonical-with-RSIM-wrapper-v1,40000.0,334.2219183594354,321.660840848414,40000.0,f1e4e90f3f517362d1f0d86129448dbb51a9890353ed63ed0111bae36bf018af,run,970564165.1659082,29955.684110058894,833d3fc32958e301ed10b50465f17a7b8e4f353c3557e4628feeeb0af525e024,rsim-001-smoke.1,non-authoritative representative architecture challenge; not attack or spacecraft validation,0,43200.0,,2.6323264137317892e-06,0,0.0,0.0,True,bursty_benign,W2 — bursty benign,[],"{""battery_never_creates_energy"":true,""electrical_balance_closes"":true,""executed_le_design"":true,""executed_le_requested"":true,""fdir_never_increases_power"":true,""finite_state"":true,""housekeeping_priority"":true,""no_hidden_clipping"":true,""soc_within_bounds"":true}","[""time_s"",""rng""]"
A0_CROSS_ENVIRONMENT_NOMINAL_FEASIBLE,470206124.57889897,537895311.714678,1008101436.293577,RSIM-001-smoke,3540856.4878015197,0.0036482456440128774,10.171748560662763,1.0,-1.346923818346113e-05,0.0019770464696094157,80520082.9713061,834000.0,E0_CANONICAL,8.0,5400.0,967023308.6781067,29846.39841599094,8b59f5433fa4d8d3f8d9c0b2c2303199a8523730caf6653f466a24b1f2674092,,,0.24166094256078074,2bf50b710c5028c469736791796328ef22636056,0.6320354014998997,0.6297295810995157,0.9,SYSTEM_POWER_DEFICIT,1.6015703295124695e-05,0.9,43200.0,10800.0,canonical_wrb_wall_clock,0.2,POWER_CONSTRAINED,TSM-01-v0.4.4-canonical-with-RSIM-wrapper-v1,40000.0,334.21731532131514,321.65709067652847,40000.0,f1e4e90f3f517362d1f0d86129448dbb51a9890353ed63ed0111bae36bf018af,run,970564165.1659082,29955.684110058894,833d3fc32958e301ed10b50465f17a7b8e4f353c3557e4628feeeb0af525e024,rsim-001-smoke.1,non-authoritative representative architecture challenge; not attack or spacecraft validation,0,43200.0,1439151157.8947375,-3.0028741093701683e-07,0,0.0,0.0,False,bursty_benign,W2 — bursty benign,"[""battery initialization-domination diagnostic flagged""]","{""battery_never_creates_energy"":true,""electrical_balance_closes"":true,""executed_le_design"":true,""executed_le_requested"":true,""fdir_never_increases_power"":true,""finite_state"":true,""housekeeping_priority"":true,""initialization_domination_flag"":true,""no_hidden_clipping"":true,""soc_within_bounds"":true}","[""time_s"",""rng""]"
A0_CROSS_ENVIRONMENT_NOMINAL_FEASIBLE,470206124.57889897,537895311.714678,1008101436.293577,RSIM-001-smoke,3540856.4878015197,0.0036482456440128774,10.171748560662763,1.0,-1.346923818346113e-05,0.0019770464696094157,80520082.9713061,834000.0,E0_CANONICAL,8.0,5400.0,967023308.6781067,29846.39841599094,8b59f5433fa4d8d3f8d9c0b2c2303199a8523730caf6653f466a24b1f2674092,RSIM canonical-derived monotone FDIR,30.0,0.24166094256078074,2bf50b710c5028c469736791796328ef22636056,0.6320354014998997,0.6297295810995157,0.9,SYSTEM_POWER_DEFICIT,1.6015703295124695e-05,0.9,43200.0,10800.0,canonical_wrb_wall_clock,0.2,CLOSED_LOOP,TSM-01-v0.4.4-canonical-with-RSIM-wrapper-v1,40000.0,334.21731532131514,321.65709067652847,40000.0,f1e4e90f3f517362d1f0d86129448dbb51a9890353ed63ed0111bae36bf018af,run,970564165.1659082,29955.684110058894,833d3fc32958e301ed10b50465f17a7b8e4f353c3557e4628feeeb0af525e024,rsim-001-smoke.1,non-authoritative representative architecture challenge; not attack or spacecraft validation,0,43200.0,1439151157.8947375,-3.0028741093701683e-07,0,0.0,0.0,False,bursty_benign,W2 — bursty benign,"[""battery initialization-domination diagnostic flagged""]","{""battery_never_creates_energy"":true,""electrical_balance_closes"":true,""executed_le_design"":true,""executed_le_requested"":true,""fdir_never_increases_power"":true,""finite_state"":true,""housekeeping_priority"":true,""initialization_domination_flag"":true,""no_hidden_clipping"":true,""soc_within_bounds"":true}","[""time_s"",""rng""]"
A0_CROSS_ENVIRONMENT_NOMINAL_FEASIBLE,,,,RSIM-001-smoke,0.0,0.0,10.412074390435407,1.0,,,,,E1_REPRESENTATIVE_ANALYTIC_LEO,7.527453229594017,5738.992815014798,970564165.1659082,29955.684110058894,9e3325a00b327601ab2642d8ce626a29d1d0bb837580b743cab9ef9a731fed73,,,,2bf50b710c5028c469736791796328ef22636056,0.6452570361674148,0.6452570361674148,,,,,43200.0,10800.0,canonical_wrb_wall_clock,,THERMAL_ONLY,TSM-01-v0.4.4-canonical-with-RSIM-wrapper-v1,40000.0,341.9859071436784,328.9984504329654,40000.0,b348f00169c885d3849e406bf8ee33c9e3461c493394179d38bcd5672eae6285,run,970564165.1659082,29955.684110058894,833d3fc32958e301ed10b50465f17a7b8e4f353c3557e4628feeeb0af525e024,rsim-001-smoke.1,non-authoritative representative architecture challenge; not attack or spacecraft validation,0,43200.0,,-4.0650365917827003e-07,0,0.0,0.0,True,bursty_benign,W2 — bursty benign,"[""E1 is a fixed-wall-clock representative environment challenge, not a periodic/steady-state result"",""E1 radiator incidence and Earth-view factors are ASSUMED_EXPLORATORY"",""E1 albedo is a bounded analytic approximation, not a flight environment model""]","{""battery_never_creates_energy"":true,""electrical_balance_closes"":true,""executed_le_design"":true,""executed_le_requested"":true,""fdir_never_increases_power"":true,""finite_state"":true,""housekeeping_priority"":true,""no_hidden_clipping"":true,""soc_within_bounds"":true}","[""time_s"",""rng""]"
A0_CROSS_ENVIRONMENT_NOMINAL_FEASIBLE,477205240.6501498,517636316.45819324,994841557.1083431,RSIM-001-smoke,5482531.422748729,0.005648808826371149,10.409471322978561,1.0,-4.354395059635863e-06,0.0019696293622986014,64319129.28154442,814000.0,E1_REPRESENTATIVE_ANALYTIC_LEO,7.527453229594017,5738.992815014798,965081633.7431594,29786.47017725801,1d4c4f13297f178cfea8fc087ffb820f35e617573e224ca36f25c0a1032b7ba7,,,0.5067709265686439,2bf50b710c5028c469736791796328ef22636056,0.6489226763089815,0.6452570361674148,0.9,SYSTEM_POWER_DEFICIT,8.225964847952127e-06,0.9,43200.0,10800.0,canonical_wrb_wall_clock,0.2,POWER_CONSTRAINED,TSM-01-v0.4.4-canonical-with-RSIM-wrapper-v1,40000.0,341.98330407622154,328.9962192574421,40000.0,b348f00169c885d3849e406bf8ee33c9e3461c493394179d38bcd5672eae6285,run,970564165.1659082,29955.684110058894,833d3fc32958e301ed10b50465f17a7b8e4f353c3557e4628feeeb0af525e024,rsim-001-smoke.1,non-authoritative representative architecture challenge; not attack or spacecraft validation,0,43200.0,1451993045.840408,-4.135426934226416e-08,0,0.0,0.0,False,bursty_benign,W2 — bursty benign,"[""E1 is a fixed-wall-clock representative environment challenge, not a periodic/steady-state result"",""E1 radiator incidence and Earth-view factors are ASSUMED_EXPLORATORY"",""E1 albedo is a bounded analytic approximation, not a flight environment model"",""battery initialization-domination diagnostic flagged""]","{""battery_never_creates_energy"":true,""electrical_balance_closes"":true,""executed_le_design"":true,""executed_le_requested"":true,""fdir_never_increases_power"":true,""finite_state"":true,""housekeeping_priority"":true,""initialization_domination_flag"":true,""no_hidden_clipping"":true,""soc_within_bounds"":true}","[""time_s"",""rng""]"
A0_CROSS_ENVIRONMENT_NOMINAL_FEASIBLE,477205240.6501498,517636316.45819324,994841557.1083431,RSIM-001-smoke,5482531.422748729,0.005648808826371149,10.409471322978561,1.0,-4.354395059635863e-06,0.0019696293622986014,64319129.28154442,814000.0,E1_REPRESENTATIVE_ANALYTIC_LEO,7.527453229594017,5738.992815014798,965081633.7431594,29786.47017725801,1d4c4f13297f178cfea8fc087ffb820f35e617573e224ca36f25c0a1032b7ba7,RSIM canonical-derived monotone FDIR,30.0,0.5067709265686439,2bf50b710c5028c469736791796328ef22636056,0.6489226763089815,0.6452570361674148,0.9,SYSTEM_POWER_DEFICIT,8.225964847952127e-06,0.9,43200.0,10800.0,canonical_wrb_wall_clock,0.2,CLOSED_LOOP,TSM-01-v0.4.4-canonical-with-RSIM-wrapper-v1,40000.0,341.98330407622154,328.9962192574421,40000.0,b348f00169c885d3849e406bf8ee33c9e3461c493394179d38bcd5672eae6285,run,970564165.1659082,29955.684110058894,833d3fc32958e301ed10b50465f17a7b8e4f353c3557e4628feeeb0af525e024,rsim-001-smoke.1,non-authoritative representative architecture challenge; not attack or spacecraft validation,0,43200.0,1451993045.840408,-4.135426934226416e-08,0,0.0,0.0,False,bursty_benign,W2 — bursty benign,"[""E1 is a fixed-wall-clock representative environment challenge, not a periodic/steady-state result"",""E1 radiator incidence and Earth-view factors are ASSUMED_EXPLORATORY"",""E1 albedo is a bounded analytic approximation, not a flight environment model"",""battery initialization-domination diagnostic flagged""]","{""battery_never_creates_energy"":true,""electrical_balance_closes"":true,""executed_le_design"":true,""executed_le_requested"":true,""fdir_never_increases_power"":true,""finite_state"":true,""housekeeping_priority"":true,""initialization_domination_flag"":true,""no_hidden_clipping"":true,""soc_within_bounds"":true}","[""time_s"",""rng""]"
A0_CROSS_ENVIRONMENT_NOMINAL_FEASIBLE,,,,RSIM-001-smoke,0.0,0.0,8.308611247766748,1.0,,,,,E0_CANONICAL,8.0,5400.0,970564165.1659082,29955.6841100589,00ef14922271d23e4843026f4d538316422e4286baf37838bb2a3d69b0ca4f65,,,,2bf50b710c5028c469736791796328ef22636056,0.6252193205102762,0.6252193205102762,,,,,43200.0,10800.0,canonical_wrb_wall_clock,,THERMAL_ONLY,TSM-01-v0.4.4-canonical-with-RSIM-wrapper-v1,40000.0,332.3541780084191,319.9494543614462,40000.0,f1e4e90f3f517362d1f0d86129448dbb51a9890353ed63ed0111bae36bf018af,run,970564165.1659082,29955.6841100589,7c6bd5f209cf047ded42d1805adf17f25b5f06e819d8847d055509b924c50f5a,rsim-001-smoke.1,non-authoritative representative architecture challenge; not attack or spacecraft validation,0,43200.0,,-1.4128863767837174e-07,0,0.0,0.0,True,queue_driven_benign,W3 — queue-driven benign,[],"{""battery_never_creates_energy"":true,""electrical_balance_closes"":true,""executed_le_design"":true,""executed_le_requested"":true,""fdir_never_increases_power"":true,""finite_state"":true,""housekeeping_priority"":true,""no_hidden_clipping"":true,""soc_within_bounds"":true}","[""time_s"",""rng""]"
A0_CROSS_ENVIRONMENT_NOMINAL_FEASIBLE,473348580.6076797,536719845.8863393,1010068426.494019,RSIM-001-smoke,1989988.36289144,0.0020503418880618487,8.308611247766748,1.0,5.318236162565881e-06,0.0019758710037810767,67578921.96660717,135390.51869536322,E0_CANONICAL,8.0,5400.0,968574176.8030168,29894.264716142497,f12984d9d389a778c7c94feda9e5d8ebda9e46d752e5834a1c7826ca1f071454,,,0.28365666929032224,2bf50b710c5028c469736791796328ef22636056,0.6265038676331172,0.6252193205102762,0.9,SYSTEM_POWER_DEFICIT,1.5987195183697622e-05,0.9,43200.0,10800.0,canonical_wrb_wall_clock,0.2,POWER_CONSTRAINED,TSM-01-v0.4.4-canonical-with-RSIM-wrapper-v1,40000.0,332.3541780084191,319.9494543614462,40000.0,f1e4e90f3f517362d1f0d86129448dbb51a9890353ed63ed0111bae36bf018af,run,970564165.1659082,29955.6841100589,7c6bd5f209cf047ded42d1805adf17f25b5f06e819d8847d055509b924c50f5a,rsim-001-smoke.1,non-authoritative representative architecture challenge; not attack or spacecraft validation,0,43200.0,1439151157.8947375,-8.09018274594564e-08,0,0.0,0.0,False,queue_driven_benign,W3 — queue-driven benign,[],"{""battery_never_creates_energy"":true,""electrical_balance_closes"":true,""executed_le_design"":true,""executed_le_requested"":true,""fdir_never_increases_power"":true,""finite_state"":true,""housekeeping_priority"":true,""initialization_domination_flag"":false,""no_hidden_clipping"":true,""soc_within_bounds"":true}","[""time_s"",""rng""]"
A0_CROSS_ENVIRONMENT_NOMINAL_FEASIBLE,473348580.6076797,536719845.8863393,1010068426.494019,RSIM-001-smoke,1989988.36289144,0.0020503418880618487,8.308611247766748,1.0,5.318236162565881e-06,0.0019758710037810767,67578921.96660717,135390.51869536322,E0_CANONICAL,8.0,5400.0,968574176.8030168,29894.264716142497,f12984d9d389a778c7c94feda9e5d8ebda9e46d752e5834a1c7826ca1f071454,RSIM canonical-derived monotone FDIR,30.0,0.28365666929032224,2bf50b710c5028c469736791796328ef22636056,0.6265038676331172,0.6252193205102762,0.9,SYSTEM_POWER_DEFICIT,1.5987195183697622e-05,0.9,43200.0,10800.0,canonical_wrb_wall_clock,0.2,CLOSED_LOOP,TSM-01-v0.4.4-canonical-with-RSIM-wrapper-v1,40000.0,332.3541780084191,319.9494543614462,40000.0,f1e4e90f3f517362d1f0d86129448dbb51a9890353ed63ed0111bae36bf018af,run,970564165.1659082,29955.6841100589,7c6bd5f209cf047ded42d1805adf17f25b5f06e819d8847d055509b924c50f5a,rsim-001-smoke.1,non-authoritative representative architecture challenge; not attack or spacecraft validation,0,43200.0,1439151157.8947375,-8.09018274594564e-08,0,0.0,0.0,False,queue_driven_benign,W3 — queue-driven benign,[],"{""battery_never_creates_energy"":true,""electrical_balance_closes"":true,""executed_le_design"":true,""executed_le_requested"":true,""fdir_never_increases_power"":true,""finite_state"":true,""housekeeping_priority"":true,""initialization_domination_flag"":false,""no_hidden_clipping"":true,""soc_within_bounds"":true}","[""time_s"",""rng""]"
A0_CROSS_ENVIRONMENT_NOMINAL_FEASIBLE,,,,RSIM-001-smoke,0.0,0.0,8.929254115214235,1.0,,,,,E1_REPRESENTATIVE_ANALYTIC_LEO,7.527453229594017,5738.992815014798,970564165.1659082,29955.6841100589,00ef14922271d23e4843026f4d538316422e4286baf37838bb2a3d69b0ca4f65,,,,2bf50b710c5028c469736791796328ef22636056,0.6388438566772773,0.6388438566772773,,,,,43200.0,10800.0,canonical_wrb_wall_clock,,THERMAL_ONLY,TSM-01-v0.4.4-canonical-with-RSIM-wrapper-v1,40000.0,340.5030868684572,327.3579397230451,40000.0,b348f00169c885d3849e406bf8ee33c9e3461c493394179d38bcd5672eae6285,run,970564165.1659082,29955.6841100589,7c6bd5f209cf047ded42d1805adf17f25b5f06e819d8847d055509b924c50f5a,rsim-001-smoke.1,non-authoritative representative architecture challenge; not attack or spacecraft validation,0,43200.0,,1.374052317260066e-06,0,0.0,0.0,True,queue_driven_benign,W3 — queue-driven benign,"[""E1 is a fixed-wall-clock representative environment challenge, not a periodic/steady-state result"",""E1 radiator incidence and Earth-view factors are ASSUMED_EXPLORATORY"",""E1 albedo is a bounded analytic approximation, not a flight environment model""]","{""battery_never_creates_energy"":true,""electrical_balance_closes"":true,""executed_le_design"":true,""executed_le_requested"":true,""fdir_never_increases_power"":true,""finite_state"":true,""housekeeping_priority"":true,""no_hidden_clipping"":true,""soc_within_bounds"":true}","[""time_s"",""rng""]"
A0_CROSS_ENVIRONMENT_NOMINAL_FEASIBLE,492342567.0048165,528588104.5974159,1020930671.6022325,RSIM-001-smoke,5929357.548283338,0.006109186554677478,8.580461561621064,1.0,1.15162442853034e-05,0.001980581150437824,61444097.49148747,800000.0,E1_REPRESENTATIVE_ANALYTIC_LEO,7.527453229594017,5738.992815014798,964634807.6176249,29772.679247457563,a6445724e4ee3f2567ab27df711067e3f5bd19744ec2154b05639c1864edf614,,,0.5474791016880809,2bf50b710c5028c469736791796328ef22636056,0.6427706625667714,0.6388438566772773,0.9,SYSTEM_POWER_DEFICIT,1.2578881523950258e-05,0.9,43200.0,10800.0,canonical_wrb_wall_clock,0.2,POWER_CONSTRAINED,TSM-01-v0.4.4-canonical-with-RSIM-wrapper-v1,40000.0,340.15429431486405,327.05495349981385,40000.0,b348f00169c885d3849e406bf8ee33c9e3461c493394179d38bcd5672eae6285,run,970564165.1659082,29955.6841100589,7c6bd5f209cf047ded42d1805adf17f25b5f06e819d8847d055509b924c50f5a,rsim-001-smoke.1,non-authoritative representative architecture challenge; not attack or spacecraft validation,0,43200.0,1451993045.840408,9.444465831620619e-08,0,0.0,0.0,False,queue_driven_benign,W3 — queue-driven benign,"[""E1 is a fixed-wall-clock representative environment challenge, not a periodic/steady-state result"",""E1 radiator incidence and Earth-view factors are ASSUMED_EXPLORATORY"",""E1 albedo is a bounded analytic approximation, not a flight environment model"",""battery initialization-domination diagnostic flagged""]","{""battery_never_creates_energy"":true,""electrical_balance_closes"":true,""executed_le_design"":true,""executed_le_requested"":true,""fdir_never_increases_power"":true,""finite_state"":true,""housekeeping_priority"":true,""initialization_domination_flag"":true,""no_hidden_clipping"":true,""soc_within_bounds"":true}","[""time_s"",""rng""]"
A0_CROSS_ENVIRONMENT_NOMINAL_FEASIBLE,492342567.0048165,528588104.5974159,1020930671.6022325,RSIM-001-smoke,5929357.548283338,0.006109186554677478,8.580461561621064,1.0,1.15162442853034e-05,0.001980581150437824,61444097.49148747,800000.0,E1_REPRESENTATIVE_ANALYTIC_LEO,7.527453229594017,5738.992815014798,964634807.6176249,29772.679247457563,a6445724e4ee3f2567ab27df711067e3f5bd19744ec2154b05639c1864edf614,RSIM canonical-derived monotone FDIR,30.0,0.5474791016880809,2bf50b710c5028c469736791796328ef22636056,0.6427706625667714,0.6388438566772773,0.9,SYSTEM_POWER_DEFICIT,1.2578881523950258e-05,0.9,43200.0,10800.0,canonical_wrb_wall_clock,0.2,CLOSED_LOOP,TSM-01-v0.4.4-canonical-with-RSIM-wrapper-v1,40000.0,340.15429431486405,327.05495349981385,40000.0,b348f00169c885d3849e406bf8ee33c9e3461c493394179d38bcd5672eae6285,run,970564165.1659082,29955.6841100589,7c6bd5f209cf047ded42d1805adf17f25b5f06e819d8847d055509b924c50f5a,rsim-001-smoke.1,non-authoritative representative architecture challenge; not attack or spacecraft validation,0,43200.0,1451993045.840408,9.444465831620619e-08,0,0.0,0.0,False,queue_driven_benign,W3 — queue-driven benign,"[""E1 is a fixed-wall-clock representative environment challenge, not a periodic/steady-state result"",""E1 radiator incidence and Earth-view factors are ASSUMED_EXPLORATORY"",""E1 albedo is a bounded analytic approximation, not a flight environment model"",""battery initialization-domination diagnostic flagged""]","{""battery_never_creates_energy"":true,""electrical_balance_closes"":true,""executed_le_design"":true,""executed_le_requested"":true,""fdir_never_increases_power"":true,""finite_state"":true,""housekeeping_priority"":true,""initialization_domination_flag"":true,""no_hidden_clipping"":true,""soc_within_bounds"":true}","[""time_s"",""rng""]"
A0_CROSS_ENVIRONMENT_NOMINAL_FEASIBLE,,,,RSIM-001-smoke,0.0,0.0,10.439347943488372,1.0,,,,,E0_CANONICAL,8.0,5400.0,970564165.1659082,29955.684110058894,9ebf5e355331d1175de82471a90c675ca70c1ea62742c8e928cdea00b6f7dba6,,,,2bf50b710c5028c469736791796328ef22636056,0.6864437721686428,0.6864437721686428,,,,,43200.0,10800.0,canonical_wrb_wall_clock,,THERMAL_ONLY,TSM-01-v0.4.4-canonical-with-RSIM-wrapper-v1,39109.404771320194,334.48491470414075,322.1151388163324,39109.404771320194,f1e4e90f3f517362d1f0d86129448dbb51a9890353ed63ed0111bae36bf018af,run,970564165.1659082,29955.684110058894,53d8751fe6d0825db2a06f0e0470212a3b3a6a30f214f0829ed85f5626c63f44,rsim-001-smoke.1,non-authoritative representative architecture challenge; not attack or spacecraft validation,0,43200.0,,3.686127456603572e-07,0,0.0,0.0,True,power_aware_benign,W4 — power-aware benign,[],"{""battery_never_creates_energy"":true,""electrical_balance_closes"":true,""executed_le_design"":true,""executed_le_requested"":true,""fdir_never_increases_power"":true,""finite_state"":true,""housekeeping_priority"":true,""no_hidden_clipping"":true,""soc_within_bounds"":true}","[""time_s"",""power_availability"",""rng""]"
A0_CROSS_ENVIRONMENT_NOMINAL_FEASIBLE,389369947.15139794,447074515.3668184,836444462.5182164,RSIM-001-smoke,0.0,0.0,10.439347943488372,1.0,-4.163140329183079e-05,0.001886225673261556,110210523.80151191,0.0,E0_CANONICAL,8.0,5400.0,970564165.1659082,29955.684110058894,9ebf5e355331d1175de82471a90c675ca70c1ea62742c8e928cdea00b6f7dba6,,,0.33877046458434845,2bf50b710c5028c469736791796328ef22636056,0.6864437721686428,0.6864437721686428,0.9,,4.173055640421808e-05,0.9,43200.0,10800.0,canonical_wrb_wall_clock,0.33856456448675126,POWER_CONSTRAINED,TSM-01-v0.4.4-canonical-with-RSIM-wrapper-v1,39109.404771320194,334.48491470414075,322.1151388163324,39109.404771320194,f1e4e90f3f517362d1f0d86129448dbb51a9890353ed63ed0111bae36bf018af,run,970564165.1659082,29955.684110058894,53d8751fe6d0825db2a06f0e0470212a3b3a6a30f214f0829ed85f5626c63f44,rsim-001-smoke.1,non-authoritative representative architecture challenge; not attack or spacecraft validation,0,43200.0,1439151157.8947375,3.686127456603572e-07,0,0.0,0.0,True,power_aware_benign,W4 — power-aware benign,[],"{""battery_never_creates_energy"":true,""electrical_balance_closes"":true,""executed_le_design"":true,""executed_le_requested"":true,""fdir_never_increases_power"":true,""finite_state"":true,""housekeeping_priority"":true,""initialization_domination_flag"":false,""no_hidden_clipping"":true,""soc_within_bounds"":true}","[""time_s"",""power_availability"",""rng""]"
A0_CROSS_ENVIRONMENT_NOMINAL_FEASIBLE,389369947.15139794,447074515.3668184,836444462.5182164,RSIM-001-smoke,0.0,0.0,10.439347943488372,1.0,-4.163140329183079e-05,0.001886225673261556,110210523.80151191,0.0,E0_CANONICAL,8.0,5400.0,970564165.1659082,29955.684110058894,9ebf5e355331d1175de82471a90c675ca70c1ea62742c8e928cdea00b6f7dba6,RSIM canonical-derived monotone FDIR,30.0,0.33877046458434845,2bf50b710c5028c469736791796328ef22636056,0.6864437721686428,0.6864437721686428,0.9,,4.173055640421808e-05,0.9,43200.0,10800.0,canonical_wrb_wall_clock,0.33856456448675126,CLOSED_LOOP,TSM-01-v0.4.4-canonical-with-RSIM-wrapper-v1,39109.404771320194,334.48491470414075,322.1151388163324,39109.404771320194,f1e4e90f3f517362d1f0d86129448dbb51a9890353ed63ed0111bae36bf018af,run,970564165.1659082,29955.684110058894,53d8751fe6d0825db2a06f0e0470212a3b3a6a30f214f0829ed85f5626c63f44,rsim-001-smoke.1,non-authoritative representative architecture challenge; not attack or spacecraft validation,0,43200.0,1439151157.8947375,3.686127456603572e-07,0,0.0,0.0,True,power_aware_benign,W4 — power-aware benign,[],"{""battery_never_creates_energy"":true,""electrical_balance_closes"":true,""executed_le_design"":true,""executed_le_requested"":true,""fdir_never_increases_power"":true,""finite_state"":true,""housekeeping_priority"":true,""initialization_domination_flag"":false,""no_hidden_clipping"":true,""soc_within_bounds"":true}","[""time_s"",""power_availability"",""rng""]"
A0_CROSS_ENVIRONMENT_NOMINAL_FEASIBLE,,,,RSIM-001-smoke,0.0,0.0,10.189667949572936,1.0,,,,,E1_REPRESENTATIVE_ANALYTIC_LEO,7.527453229594017,5738.992815014798,970564165.1659082,29955.684110058894,9ebf5e355331d1175de82471a90c675ca70c1ea62742c8e928cdea00b6f7dba6,,,,2bf50b710c5028c469736791796328ef22636056,0.6804887693837385,0.6804887693837385,,,,,43200.0,10800.0,canonical_wrb_wall_clock,,THERMAL_ONLY,TSM-01-v0.4.4-canonical-with-RSIM-wrapper-v1,39109.404771320194,341.7635007028159,329.1922743227381,39109.404771320194,b348f00169c885d3849e406bf8ee33c9e3461c493394179d38bcd5672eae6285,run,970564165.1659082,29955.684110058894,53d8751fe6d0825db2a06f0e0470212a3b3a6a30f214f0829ed85f5626c63f44,rsim-001-smoke.1,non-authoritative representative architecture challenge; not attack or spacecraft validation,0,43200.0,,1.6459403013868723e-06,0,0.0,0.0,True,power_aware_benign,W4 — power-aware benign,"[""E1 is a fixed-wall-clock representative environment challenge, not a periodic/steady-state result"",""E1 radiator incidence and Earth-view factors are ASSUMED_EXPLORATORY"",""E1 albedo is a bounded analytic approximation, not a flight environment model""]","{""battery_never_creates_energy"":true,""electrical_balance_closes"":true,""executed_le_design"":true,""executed_le_requested"":true,""fdir_never_increases_power"":true,""finite_state"":true,""housekeeping_priority"":true,""no_hidden_clipping"":true,""soc_within_bounds"":true}","[""time_s"",""power_availability"",""rng""]"
A0_CROSS_ENVIRONMENT_NOMINAL_FEASIBLE,462790005.491576,493036709.47764444,955826714.9692204,RSIM-001-smoke,2077382.3142918225,0.0021403863740803936,10.189667949479656,1.0,-3.221209772164002e-05,0.0019450297553180525,95402445.9201507,480000.0,E1_REPRESENTATIVE_ANALYTIC_LEO,7.527453229594017,5738.992815014798,968486782.8516164,29891.56737196347,9c2b80480346a9ac1218c9f6b4bd4def78e15d769695da736e578ee1de0feedf,,,0.6058232276761125,2bf50b710c5028c469736791796328ef22636056,0.681948402452173,0.6804887693837385,0.9,SYSTEM_POWER_DEFICIT,3.2562846172368154e-05,0.9,43200.0,10800.0,canonical_wrb_wall_clock,0.2,POWER_CONSTRAINED,TSM-01-v0.4.4-canonical-with-RSIM-wrapper-v1,39109.404771320194,341.76350070272264,329.1922743226584,39109.404771320194,b348f00169c885d3849e406bf8ee33c9e3461c493394179d38bcd5672eae6285,run,970564165.1659082,29955.684110058894,53d8751fe6d0825db2a06f0e0470212a3b3a6a30f214f0829ed85f5626c63f44,rsim-001-smoke.1,non-authoritative representative architecture challenge; not attack or spacecraft validation,0,43200.0,1451993045.840408,2.78496190730948e-06,0,0.0,0.0,False,power_aware_benign,W4 — power-aware benign,"[""E1 is a fixed-wall-clock representative environment challenge, not a periodic/steady-state result"",""E1 radiator incidence and Earth-view factors are ASSUMED_EXPLORATORY"",""E1 albedo is a bounded analytic approximation, not a flight environment model"",""battery initialization-domination diagnostic flagged""]","{""battery_never_creates_energy"":true,""electrical_balance_closes"":true,""executed_le_design"":true,""executed_le_requested"":true,""fdir_never_increases_power"":true,""finite_state"":true,""housekeeping_priority"":true,""initialization_domination_flag"":true,""no_hidden_clipping"":true,""soc_within_bounds"":true}","[""time_s"",""power_availability"",""rng""]"
A0_CROSS_ENVIRONMENT_NOMINAL_FEASIBLE,462790005.491576,493036709.47764444,955826714.9692204,RSIM-001-smoke,2077382.3142918225,0.0021403863740803936,10.189667949479656,1.0,-3.221209772164002e-05,0.0019450297553180525,95402445.9201507,480000.0,E1_REPRESENTATIVE_ANALYTIC_LEO,7.527453229594017,5738.992815014798,968486782.8516164,29891.56737196347,9c2b80480346a9ac1218c9f6b4bd4def78e15d769695da736e578ee1de0feedf,RSIM canonical-derived monotone FDIR,30.0,0.6058232276761125,2bf50b710c5028c469736791796328ef22636056,0.681948402452173,0.6804887693837385,0.9,SYSTEM_POWER_DEFICIT,3.2562846172368154e-05,0.9,43200.0,10800.0,canonical_wrb_wall_clock,0.2,CLOSED_LOOP,TSM-01-v0.4.4-canonical-with-RSIM-wrapper-v1,39109.404771320194,341.76350070272264,329.1922743226584,39109.404771320194,b348f00169c885d3849e406bf8ee33c9e3461c493394179d38bcd5672eae6285,run,970564165.1659082,29955.684110058894,53d8751fe6d0825db2a06f0e0470212a3b3a6a30f214f0829ed85f5626c63f44,rsim-001-smoke.1,non-authoritative representative architecture challenge; not attack or spacecraft validation,0,43200.0,1451993045.840408,2.78496190730948e-06,0,0.0,0.0,False,power_aware_benign,W4 — power-aware benign,"[""E1 is a fixed-wall-clock representative environment challenge, not a periodic/steady-state result"",""E1 radiator incidence and Earth-view factors are ASSUMED_EXPLORATORY"",""E1 albedo is a bounded analytic approximation, not a flight environment model"",""battery initialization-domination diagnostic flagged""]","{""battery_never_creates_energy"":true,""electrical_balance_closes"":true,""executed_le_design"":true,""executed_le_requested"":true,""fdir_never_increases_power"":true,""finite_state"":true,""housekeeping_priority"":true,""initialization_domination_flag"":true,""no_hidden_clipping"":true,""soc_within_bounds"":true}","[""time_s"",""power_availability"",""rng""]"
A0_CROSS_ENVIRONMENT_NOMINAL_FEASIBLE,,,,RSIM-001-smoke,0.0,0.0,17.37700713211808,1.0,,,,,E0_CANONICAL,8.0,5400.0,970564165.1659082,29955.6841100589,a5c62d474cbf5ce166b61645cb6c93232f2e557ce7420bb429a7c28517a7b551,,,,2bf50b710c5028c469736791796328ef22636056,0.8258455715183841,0.8258455715183841,,,,,43200.0,10800.0,canonical_wrb_wall_clock,,THERMAL_ONLY,TSM-01-v0.4.4-canonical-with-RSIM-wrapper-v1,40000.0,341.42257389277046,327.7325787963438,40000.0,f1e4e90f3f517362d1f0d86129448dbb51a9890353ed63ed0111bae36bf018af,run,970564165.1659082,29955.6841100589,9c8395555b3e6ff8a7aa71eedd6983827f414f99dac6c3e810881627657cfe81,rsim-001-smoke.1,non-authoritative representative architecture challenge; not attack or spacecraft validation,0,43200.0,,-5.533420335268602e-07,0,0.0,0.0,True,phase_shaped_candidate,W5 — phase-shaped adversarial candidate,[],"{""battery_never_creates_energy"":true,""electrical_balance_closes"":true,""executed_le_design"":true,""executed_le_requested"":true,""fdir_never_increases_power"":true,""finite_state"":true,""housekeeping_priority"":true,""no_hidden_clipping"":true,""soc_within_bounds"":true}","[""time_s"",""hot_mask"",""rng""]"
A0_CROSS_ENVIRONMENT_NOMINAL_FEASIBLE,237628895.63269082,271598694.7193433,509227590.3520342,RSIM-001-smoke,0.0,0.0,17.37700713211808,1.0,-4.112156602786854e-05,0.0017107498526140808,66890759.210307635,0.0,E0_CANONICAL,8.0,5400.0,970564165.1659082,29955.6841100589,a5c62d474cbf5ce166b61645cb6c93232f2e557ce7420bb429a7c28517a7b551,,,0.5696127334596444,2bf50b710c5028c469736791796328ef22636056,0.8258455715183841,0.8258455715183841,0.9,,4.1221592255169526e-05,0.9,43200.0,10800.0,canonical_wrb_wall_clock,0.5693042604636023,POWER_CONSTRAINED,TSM-01-v0.4.4-canonical-with-RSIM-wrapper-v1,40000.0,341.42257389277046,327.7325787963438,40000.0,f1e4e90f3f517362d1f0d86129448dbb51a9890353ed63ed0111bae36bf018af,run,970564165.1659082,29955.6841100589,9c8395555b3e6ff8a7aa71eedd6983827f414f99dac6c3e810881627657cfe81,rsim-001-smoke.1,non-authoritative representative architecture challenge; not attack or spacecraft validation,0,43200.0,1439151157.8947375,-5.533420335268602e-07,0,0.0,0.0,True,phase_shaped_candidate,W5 — phase-shaped adversarial candidate,[],"{""battery_never_creates_energy"":true,""electrical_balance_closes"":true,""executed_le_design"":true,""executed_le_requested"":true,""fdir_never_increases_power"":true,""finite_state"":true,""housekeeping_priority"":true,""initialization_domination_flag"":false,""no_hidden_clipping"":true,""soc_within_bounds"":true}","[""time_s"",""hot_mask"",""rng""]"
A0_CROSS_ENVIRONMENT_NOMINAL_FEASIBLE,237628895.63269082,271598694.7193433,509227590.3520342,RSIM-001-smoke,0.0,0.0,17.37700713211808,1.0,-4.112156602786854e-05,0.0017107498526140808,66890759.210307635,0.0,E0_CANONICAL,8.0,5400.0,970564165.1659082,29955.6841100589,a5c62d474cbf5ce166b61645cb6c93232f2e557ce7420bb429a7c28517a7b551,RSIM canonical-derived monotone FDIR,30.0,0.5696127334596444,2bf50b710c5028c469736791796328ef22636056,0.8258455715183841,0.8258455715183841,0.9,,4.1221592255169526e-05,0.9,43200.0,10800.0,canonical_wrb_wall_clock,0.5693042604636023,CLOSED_LOOP,TSM-01-v0.4.4-canonical-with-RSIM-wrapper-v1,40000.0,341.42257389277046,327.7325787963438,40000.0,f1e4e90f3f517362d1f0d86129448dbb51a9890353ed63ed0111bae36bf018af,run,970564165.1659082,29955.6841100589,9c8395555b3e6ff8a7aa71eedd6983827f414f99dac6c3e810881627657cfe81,rsim-001-smoke.1,non-authoritative representative architecture challenge; not attack or spacecraft validation,0,43200.0,1439151157.8947375,-5.533420335268602e-07,0,0.0,0.0,True,phase_shaped_candidate,W5 — phase-shaped adversarial candidate,[],"{""battery_never_creates_energy"":true,""electrical_balance_closes"":true,""executed_le_design"":true,""executed_le_requested"":true,""fdir_never_increases_power"":true,""finite_state"":true,""housekeeping_priority"":true,""initialization_domination_flag"":false,""no_hidden_clipping"":true,""soc_within_bounds"":true}","[""time_s"",""hot_mask"",""rng""]"
A0_CROSS_ENVIRONMENT_NOMINAL_FEASIBLE,,,,RSIM-001-smoke,0.0,0.0,16.74989598422684,1.0,,,,,E1_REPRESENTATIVE_ANALYTIC_LEO,7.527453229594017,5738.992815014798,970564165.1659082,29955.6841100589,a5c62d474cbf5ce166b61645cb6c93232f2e557ce7420bb429a7c28517a7b551,,,,2bf50b710c5028c469736791796328ef22636056,0.7671171379839358,0.7671171379839358,,,,,43200.0,10800.0,canonical_wrb_wall_clock,,THERMAL_ONLY,TSM-01-v0.4.4-canonical-with-RSIM-wrapper-v1,40000.0,348.3237287374698,334.45169620227637,40000.0,b348f00169c885d3849e406bf8ee33c9e3461c493394179d38bcd5672eae6285,run,970564165.1659082,29955.6841100589,9c8395555b3e6ff8a7aa71eedd6983827f414f99dac6c3e810881627657cfe81,rsim-001-smoke.1,non-authoritative representative architecture challenge; not attack or spacecraft validation,0,43200.0,,-4.442290446604602e-07,0,142.0,0.0,True,phase_shaped_candidate,W5 — phase-shaped adversarial candidate,"[""E1 is a fixed-wall-clock representative environment challenge, not a periodic/steady-state result"",""E1 radiator incidence and Earth-view factors are ASSUMED_EXPLORATORY"",""E1 albedo is a bounded analytic approximation, not a flight environment model""]","{""battery_never_creates_energy"":true,""electrical_balance_closes"":true,""executed_le_design"":true,""executed_le_requested"":true,""fdir_never_increases_power"":true,""finite_state"":true,""housekeeping_priority"":true,""no_hidden_clipping"":true,""soc_within_bounds"":true}","[""time_s"",""hot_mask"",""rng""]"
A0_CROSS_ENVIRONMENT_NOMINAL_FEASIBLE,383232577.33477676,403505001.5243623,786737578.8591391,RSIM-001-smoke,0.0,0.0,16.74989598422684,1.0,-1.8810180336004123e-05,0.0018554980473647704,57389761.57023894,714000.0,E1_REPRESENTATIVE_ANALYTIC_LEO,7.527453229594017,5738.992815014798,970564165.1659082,29955.6841100589,ab6aa24f18e176c327effb8c3a9029e0c74dfc4c0cc91593a816e4b3553fab9d,,,0.7028321922935082,2bf50b710c5028c469736791796328ef22636056,0.7671171379839358,0.7671171379839358,0.9,SYSTEM_POWER_DEFICIT,1.8833481590263546e-05,0.9,43200.0,10800.0,canonical_wrb_wall_clock,0.2,POWER_CONSTRAINED,TSM-01-v0.4.4-canonical-with-RSIM-wrapper-v1,40000.0,348.3237287374698,334.45169620227637,40000.0,b348f00169c885d3849e406bf8ee33c9e3461c493394179d38bcd5672eae6285,run,970564165.1659082,29955.6841100589,9c8395555b3e6ff8a7aa71eedd6983827f414f99dac6c3e810881627657cfe81,rsim-001-smoke.1,non-authoritative representative architecture challenge; not attack or spacecraft validation,0,43200.0,1451993045.840408,-1.8861596799979452e-06,0,142.0,0.0,False,phase_shaped_candidate,W5 — phase-shaped adversarial candidate,"[""E1 is a fixed-wall-clock representative environment challenge, not a periodic/steady-state result"",""E1 radiator incidence and Earth-view factors are ASSUMED_EXPLORATORY"",""E1 albedo is a bounded analytic approximation, not a flight environment model"",""battery initialization-domination diagnostic flagged""]","{""battery_never_creates_energy"":true,""electrical_balance_closes"":true,""executed_le_design"":true,""executed_le_requested"":true,""fdir_never_increases_power"":true,""finite_state"":true,""housekeeping_priority"":true,""initialization_domination_flag"":true,""no_hidden_clipping"":true,""soc_within_bounds"":true}","[""time_s"",""hot_mask"",""rng""]"
A0_CROSS_ENVIRONMENT_NOMINAL_FEASIBLE,383232577.33477694,403505001.5243623,786737578.8591392,RSIM-001-smoke,2370486.0788728436,0.002442379560209327,16.62787966925123,1.0,-1.863900979515165e-05,0.0018554980473647704,59760247.6491116,714000.0,E1_REPRESENTATIVE_ANALYTIC_LEO,7.527453229594017,5738.992815014798,968193679.0870353,29882.520959476402,678b2e86ed23c5ce5b054308296398665d0891a87a84cb9519e68ebb106d9de1,RSIM canonical-derived monotone FDIR,30.0,0.7028321922935082,2bf50b710c5028c469736791796328ef22636056,0.7665469570435504,0.7671171379839358,0.9,SYSTEM_POWER_DEFICIT,1.8662311049411073e-05,0.9,43200.0,10800.0,canonical_wrb_wall_clock,0.2,CLOSED_LOOP,TSM-01-v0.4.4-canonical-with-RSIM-wrapper-v1,40000.0,348.2017124224942,334.41726570432326,40000.0,b348f00169c885d3849e406bf8ee33c9e3461c493394179d38bcd5672eae6285,run,970564165.1659082,29955.6841100589,9c8395555b3e6ff8a7aa71eedd6983827f414f99dac6c3e810881627657cfe81,rsim-001-smoke.1,non-authoritative representative architecture challenge; not attack or spacecraft validation,0,43200.0,1451993045.840408,-1.1220085980312433e-06,1,31.0,85.0,False,phase_shaped_candidate,W5 — phase-shaped adversarial candidate,"[""E1 is a fixed-wall-clock representative environment challenge, not a periodic/steady-state result"",""E1 radiator incidence and Earth-view factors are ASSUMED_EXPLORATORY"",""E1 albedo is a bounded analytic approximation, not a flight environment model"",""battery initialization-domination diagnostic flagged""]","{""battery_never_creates_energy"":true,""electrical_balance_closes"":true,""executed_le_design"":true,""executed_le_requested"":true,""fdir_never_increases_power"":true,""finite_state"":true,""housekeeping_priority"":true,""initialization_domination_flag"":true,""no_hidden_clipping"":true,""soc_within_bounds"":true}","[""time_s"",""hot_mask"",""rng""]"
A0_CROSS_ENVIRONMENT_NOMINAL_FEASIBLE,,,,RSIM-001-smoke,0.0,0.0,0.0,1.0,,,,,E0_CANONICAL,8.0,5400.0,970648658.7074496,29958.29193541512,5319cdfb1b5437868a7ce8d5c452d27805479a5905b9f2c73c49df8bf2edbc9e,,,,2bf50b710c5028c469736791796328ef22636056,0.62,0.62,,,,,43200.0,10800.0,canonical_wrb_wall_clock,,THERMAL_ONLY,TSM-01-v0.4.4-canonical-with-RSIM-wrapper-v1,29958.29193541511,324.0509183767164,313.48513816819633,29958.29193541511,f1e4e90f3f517362d1f0d86129448dbb51a9890353ed63ed0111bae36bf018af,run,970648658.7074496,29958.29193541512,9bf91bc10730610cf2dc1b29b550a0c4719c896e0f4a5d8c8eadd03aef56dd00,rsim-001-smoke.1,non-authoritative representative architecture challenge; not attack or spacecraft validation,1,43200.0,,2.239325567643391e-06,0,0.0,0.0,True,constant_reference,W0 — constant reference,[],"{""battery_never_creates_energy"":true,""electrical_balance_closes"":true,""executed_le_design"":true,""executed_le_requested"":true,""fdir_never_increases_power"":true,""finite_state"":true,""housekeeping_priority"":true,""no_hidden_clipping"":true,""soc_within_bounds"":true}","[""time_s"",""rng""]"
A0_CROSS_ENVIRONMENT_NOMINAL_FEASIBLE,483209374.0633905,552239284.6439731,1035448658.7073636,RSIM-001-smoke,0.0,0.0,0.0,1.0,-0.00010941937216557562,0.0019913904425387105,74538820.31406237,0.0,E0_CANONICAL,8.0,5400.0,970648658.7074496,29958.29193541512,5319cdfb1b5437868a7ce8d5c452d27805479a5905b9f2c73c49df8bf2edbc9e,,,0.22862118471722526,2bf50b710c5028c469736791796328ef22636056,0.62,0.62,0.9,,0.00010950421710731462,0.9,43200.0,10800.0,canonical_wrb_wall_clock,0.22862118471722526,POWER_CONSTRAINED,TSM-01-v0.4.4-canonical-with-RSIM-wrapper-v1,29958.29193541511,324.0509183767164,313.48513816819633,29958.29193541511,f1e4e90f3f517362d1f0d86129448dbb51a9890353ed63ed0111bae36bf018af,run,970648658.7074496,29958.29193541512,9bf91bc10730610cf2dc1b29b550a0c4719c896e0f4a5d8c8eadd03aef56dd00,rsim-001-smoke.1,non-authoritative representative architecture challenge; not attack or spacecraft validation,1,43200.0,1439151157.8947375,2.239325567643391e-06,0,0.0,0.0,True,constant_reference,W0 — constant reference,[],"{""battery_never_creates_energy"":true,""electrical_balance_closes"":true,""executed_le_design"":true,""executed_le_requested"":true,""fdir_never_increases_power"":true,""finite_state"":true,""housekeeping_priority"":true,""initialization_domination_flag"":false,""no_hidden_clipping"":true,""soc_within_bounds"":true}","[""time_s"",""rng""]"
A0_CROSS_ENVIRONMENT_NOMINAL_FEASIBLE,483209374.0633905,552239284.6439731,1035448658.7073636,RSIM-001-smoke,0.0,0.0,0.0,1.0,-0.00010941937216557562,0.0019913904425387105,74538820.31406237,0.0,E0_CANONICAL,8.0,5400.0,970648658.7074496,29958.29193541512,5319cdfb1b5437868a7ce8d5c452d27805479a5905b9f2c73c49df8bf2edbc9e,RSIM canonical-derived monotone FDIR,30.0,0.22862118471722526,2bf50b710c5028c469736791796328ef22636056,0.62,0.62,0.9,,0.00010950421710731462,0.9,43200.0,10800.0,canonical_wrb_wall_clock,0.22862118471722526,CLOSED_LOOP,TSM-01-v0.4.4-canonical-with-RSIM-wrapper-v1,29958.29193541511,324.0509183767164,313.48513816819633,29958.29193541511,f1e4e90f3f517362d1f0d86129448dbb51a9890353ed63ed0111bae36bf018af,run,970648658.7074496,29958.29193541512,9bf91bc10730610cf2dc1b29b550a0c4719c896e0f4a5d8c8eadd03aef56dd00,rsim-001-smoke.1,non-authoritative representative architecture challenge; not attack or spacecraft validation,1,43200.0,1439151157.8947375,2.239325567643391e-06,0,0.0,0.0,True,constant_reference,W0 — constant reference,[],"{""battery_never_creates_energy"":true,""electrical_balance_closes"":true,""executed_le_design"":true,""executed_le_requested"":true,""fdir_never_increases_power"":true,""finite_state"":true,""housekeeping_priority"":true,""initialization_domination_flag"":false,""no_hidden_clipping"":true,""soc_within_bounds"":true}","[""time_s"",""rng""]"
A0_CROSS_ENVIRONMENT_NOMINAL_FEASIBLE,,,,RSIM-001-smoke,0.0,0.0,0.0,1.0,,,,,E1_REPRESENTATIVE_ANALYTIC_LEO,7.527453229594017,5738.992815014798,970648658.7074496,29958.29193541512,5319cdfb1b5437868a7ce8d5c452d27805479a5905b9f2c73c49df8bf2edbc9e,,,,2bf50b710c5028c469736791796328ef22636056,0.6325617283950618,0.6325617283950618,,,,,43200.0,10800.0,canonical_wrb_wall_clock,,THERMAL_ONLY,TSM-01-v0.4.4-canonical-with-RSIM-wrapper-v1,29958.29193541511,331.5789073464172,320.9657743531811,29958.29193541511,b348f00169c885d3849e406bf8ee33c9e3461c493394179d38bcd5672eae6285,run,970648658.7074496,29958.29193541512,9bf91bc10730610cf2dc1b29b550a0c4719c896e0f4a5d8c8eadd03aef56dd00,rsim-001-smoke.1,non-authoritative representative architecture challenge; not attack or spacecraft validation,1,43200.0,,1.406827777827857e-06,0,0.0,0.0,True,constant_reference,W0 — constant reference,"[""E1 is a fixed-wall-clock representative environment challenge, not a periodic/steady-state result"",""E1 radiator incidence and Earth-view factors are ASSUMED_EXPLORATORY"",""E1 albedo is a bounded analytic approximation, not a flight environment model""]","{""battery_never_creates_energy"":true,""electrical_balance_closes"":true,""executed_le_design"":true,""executed_le_requested"":true,""fdir_never_increases_power"":true,""finite_state"":true,""housekeeping_priority"":true,""no_hidden_clipping"":true,""soc_within_bounds"":true}","[""time_s"",""rng""]"
A0_CROSS_ENVIRONMENT_NOMINAL_FEASIBLE,502989874.7560485,544199251.1991687,1047189125.955217,RSIM-001-smoke,0.0,0.0,0.0,1.0,-0.00010406238288851455,0.001996192297039577,58921096.810686685,0.0,E1_REPRESENTATIVE_ANALYTIC_LEO,7.527453229594017,5738.992815014798,970648658.7074496,29958.29193541512,5319cdfb1b5437868a7ce8d5c452d27805479a5905b9f2c73c49df8bf2edbc9e,,,0.49920124331316484,2bf50b710c5028c469736791796328ef22636056,0.6325617283950618,0.6325617283950618,0.9,,0.00010406238288851455,0.9,43200.0,10800.0,canonical_wrb_wall_clock,0.20113784140155352,POWER_CONSTRAINED,TSM-01-v0.4.4-canonical-with-RSIM-wrapper-v1,29958.29193541511,331.5789073464172,320.9657743531811,29958.29193541511,b348f00169c885d3849e406bf8ee33c9e3461c493394179d38bcd5672eae6285,run,970648658.7074496,29958.29193541512,9bf91bc10730610cf2dc1b29b550a0c4719c896e0f4a5d8c8eadd03aef56dd00,rsim-001-smoke.1,non-authoritative representative architecture challenge; not attack or spacecraft validation,1,43200.0,1451993045.840408,1.406827777827857e-06,0,0.0,0.0,True,constant_reference,W0 — constant reference,"[""E1 is a fixed-wall-clock representative environment challenge, not a periodic/steady-state result"",""E1 radiator incidence and Earth-view factors are ASSUMED_EXPLORATORY"",""E1 albedo is a bounded analytic approximation, not a flight environment model""]","{""battery_never_creates_energy"":true,""electrical_balance_closes"":true,""executed_le_design"":true,""executed_le_requested"":true,""fdir_never_increases_power"":true,""finite_state"":true,""housekeeping_priority"":true,""initialization_domination_flag"":false,""no_hidden_clipping"":true,""soc_within_bounds"":true}","[""time_s"",""rng""]"
A0_CROSS_ENVIRONMENT_NOMINAL_FEASIBLE,502989874.7560485,544199251.1991687,1047189125.955217,RSIM-001-smoke,0.0,0.0,0.0,1.0,-0.00010406238288851455,0.001996192297039577,58921096.810686685,0.0,E1_REPRESENTATIVE_ANALYTIC_LEO,7.527453229594017,5738.992815014798,970648658.7074496,29958.29193541512,5319cdfb1b5437868a7ce8d5c452d27805479a5905b9f2c73c49df8bf2edbc9e,RSIM canonical-derived monotone FDIR,30.0,0.49920124331316484,2bf50b710c5028c469736791796328ef22636056,0.6325617283950618,0.6325617283950618,0.9,,0.00010406238288851455,0.9,43200.0,10800.0,canonical_wrb_wall_clock,0.20113784140155352,CLOSED_LOOP,TSM-01-v0.4.4-canonical-with-RSIM-wrapper-v1,29958.29193541511,331.5789073464172,320.9657743531811,29958.29193541511,b348f00169c885d3849e406bf8ee33c9e3461c493394179d38bcd5672eae6285,run,970648658.7074496,29958.29193541512,9bf91bc10730610cf2dc1b29b550a0c4719c896e0f4a5d8c8eadd03aef56dd00,rsim-001-smoke.1,non-authoritative representative architecture challenge; not attack or spacecraft validation,1,43200.0,1451993045.840408,1.406827777827857e-06,0,0.0,0.0,True,constant_reference,W0 — constant reference,"[""E1 is a fixed-wall-clock representative environment challenge, not a periodic/steady-state result"",""E1 radiator incidence and Earth-view factors are ASSUMED_EXPLORATORY"",""E1 albedo is a bounded analytic approximation, not a flight environment model""]","{""battery_never_creates_energy"":true,""electrical_balance_closes"":true,""executed_le_design"":true,""executed_le_requested"":true,""fdir_never_increases_power"":true,""finite_state"":true,""housekeeping_priority"":true,""initialization_domination_flag"":false,""no_hidden_clipping"":true,""soc_within_bounds"":true}","[""time_s"",""rng""]"
A0_CROSS_ENVIRONMENT_NOMINAL_FEASIBLE,,,,RSIM-001-smoke,0.0,0.0,1.8455878756305992,1.0,,,,,E0_CANONICAL,8.0,5400.0,970648658.7074496,29958.29193541511,14701b5f6e7f5b426b3bf115d8decea8355638a7e1b45c24136abf9b22be4aa9,,,,2bf50b710c5028c469736791796328ef22636056,0.6214336577869377,0.6214336577869377,,,,,43200.0,10800.0,canonical_wrb_wall_clock,,THERMAL_ONLY,TSM-01-v0.4.4-canonical-with-RSIM-wrapper-v1,36533.71185491846,325.896506252347,315.00489771117117,36533.71185491846,f1e4e90f3f517362d1f0d86129448dbb51a9890353ed63ed0111bae36bf018af,run,970648658.7074496,29958.29193541511,5ca3e50dde6f4328b6e348072afa0bffdbe44d219f82a45e69300e1327dd193a,rsim-001-smoke.1,non-authoritative representative architecture challenge; not attack or spacecraft validation,1,43200.0,,6.957361620152369e-08,0,0.0,0.0,True,diversified_stochastic,W1 — diversified stochastic,[],"{""battery_never_creates_energy"":true,""electrical_balance_closes"":true,""executed_le_design"":true,""executed_le_requested"":true,""fdir_never_increases_power"":true,""finite_state"":true,""housekeeping_priority"":true,""no_hidden_clipping"":true,""soc_within_bounds"":true}","[""time_s"",""rng""]"
A0_CROSS_ENVIRONMENT_NOMINAL_FEASIBLE,483690729.2526037,553003554.816952,1036694284.0695555,RSIM-001-smoke,0.0,0.0,1.8455878756305992,1.0,-1.606504520168528e-05,0.0019921547127116895,73008322.52319185,0.0,E0_CANONICAL,8.0,5400.0,970648658.7074496,29958.29193541511,14701b5f6e7f5b426b3bf115d8decea8355638a7e1b45c24136abf9b22be4aa9,,,0.22586957856431966,2bf50b710c5028c469736791796328ef22636056,0.6214336577869377,0.6214336577869377,0.9,,1.6101279470603913e-05,0.9,43200.0,10800.0,canonical_wrb_wall_clock,0.2065450496777785,POWER_CONSTRAINED,TSM-01-v0.4.4-canonical-with-RSIM-wrapper-v1,36533.71185491846,325.896506252347,315.00489771117117,36533.71185491846,f1e4e90f3f517362d1f0d86129448dbb51a9890353ed63ed0111bae36bf018af,run,970648658.7074496,29958.29193541511,5ca3e50dde6f4328b6e348072afa0bffdbe44d219f82a45e69300e1327dd193a,rsim-001-smoke.1,non-authoritative representative architecture challenge; not attack or spacecraft validation,1,43200.0,1439151157.8947375,6.957361620152369e-08,0,0.0,0.0,True,diversified_stochastic,W1 — diversified stochastic,[],"{""battery_never_creates_energy"":true,""electrical_balance_closes"":true,""executed_le_design"":true,""executed_le_requested"":true,""fdir_never_increases_power"":true,""finite_state"":true,""housekeeping_priority"":true,""initialization_domination_flag"":false,""no_hidden_clipping"":true,""soc_within_bounds"":true}","[""time_s"",""rng""]"
A0_CROSS_ENVIRONMENT_NOMINAL_FEASIBLE,483690729.2526037,553003554.816952,1036694284.0695555,RSIM-001-smoke,0.0,0.0,1.8455878756305992,1.0,-1.606504520168528e-05,0.0019921547127116895,73008322.52319185,0.0,E0_CANONICAL,8.0,5400.0,970648658.7074496,29958.29193541511,14701b5f6e7f5b426b3bf115d8decea8355638a7e1b45c24136abf9b22be4aa9,RSIM canonical-derived monotone FDIR,30.0,0.22586957856431966,2bf50b710c5028c469736791796328ef22636056,0.6214336577869377,0.6214336577869377,0.9,,1.6101279470603913e-05,0.9,43200.0,10800.0,canonical_wrb_wall_clock,0.2065450496777785,CLOSED_LOOP,TSM-01-v0.4.4-canonical-with-RSIM-wrapper-v1,36533.71185491846,325.896506252347,315.00489771117117,36533.71185491846,f1e4e90f3f517362d1f0d86129448dbb51a9890353ed63ed0111bae36bf018af,run,970648658.7074496,29958.29193541511,5ca3e50dde6f4328b6e348072afa0bffdbe44d219f82a45e69300e1327dd193a,rsim-001-smoke.1,non-authoritative representative architecture challenge; not attack or spacecraft validation,1,43200.0,1439151157.8947375,6.957361620152369e-08,0,0.0,0.0,True,diversified_stochastic,W1 — diversified stochastic,[],"{""battery_never_creates_energy"":true,""electrical_balance_closes"":true,""executed_le_design"":true,""executed_le_requested"":true,""fdir_never_increases_power"":true,""finite_state"":true,""housekeeping_priority"":true,""initialization_domination_flag"":false,""no_hidden_clipping"":true,""soc_within_bounds"":true}","[""time_s"",""rng""]"
A0_CROSS_ENVIRONMENT_NOMINAL_FEASIBLE,,,,RSIM-001-smoke,0.0,0.0,1.8676984929805371,1.0,,,,,E1_REPRESENTATIVE_ANALYTIC_LEO,7.527453229594017,5738.992815014798,970648658.7074496,29958.29193541511,14701b5f6e7f5b426b3bf115d8decea8355638a7e1b45c24136abf9b22be4aa9,,,,2bf50b710c5028c469736791796328ef22636056,0.6332442015685324,0.6332442015685324,,,,,43200.0,10800.0,canonical_wrb_wall_clock,,THERMAL_ONLY,TSM-01-v0.4.4-canonical-with-RSIM-wrapper-v1,36533.71185491846,333.44660583939776,322.54014043038126,36533.71185491846,b348f00169c885d3849e406bf8ee33c9e3461c493394179d38bcd5672eae6285,run,970648658.7074496,29958.29193541511,5ca3e50dde6f4328b6e348072afa0bffdbe44d219f82a45e69300e1327dd193a,rsim-001-smoke.1,non-authoritative representative architecture challenge; not attack or spacecraft validation,1,43200.0,,-2.057247911579907e-06,0,0.0,0.0,True,diversified_stochastic,W1 — diversified stochastic,"[""E1 is a fixed-wall-clock representative environment challenge, not a periodic/steady-state result"",""E1 radiator incidence and Earth-view factors are ASSUMED_EXPLORATORY"",""E1 albedo is a bounded analytic approximation, not a flight environment model""]","{""battery_never_creates_energy"":true,""electrical_balance_closes"":true,""executed_le_design"":true,""executed_le_requested"":true,""fdir_never_increases_power"":true,""finite_state"":true,""housekeeping_priority"":true,""no_hidden_clipping"":true,""soc_within_bounds"":true}","[""time_s"",""rng""]"
A0_CROSS_ENVIRONMENT_NOMINAL_FEASIBLE,500871352.3921043,540485607.8300194,1041356960.2221236,RSIM-001-smoke,2284870.888577005,0.002353962855745992,1.8676952416393533,1.0,-1.4099884538154583e-05,0.0019924786536704275,59546413.027512446,206000.0,E1_REPRESENTATIVE_ANALYTIC_LEO,7.527453229594017,5738.992815014798,968363787.8188726,29887.771228977545,b03ace73287c66d187a66e363193cda9e0edc07c5867686a456d1eb23ce5cb07,,,0.5147152493670809,2bf50b710c5028c469736791796328ef22636056,0.6347383520724283,0.6332442015685324,0.9,SYSTEM_POWER_DEFICIT,1.412008987244917e-05,0.9,43200.0,10800.0,canonical_wrb_wall_clock,0.2,POWER_CONSTRAINED,TSM-01-v0.4.4-canonical-with-RSIM-wrapper-v1,36533.71185491846,333.4466025880566,322.5401375203871,36533.71185491846,b348f00169c885d3849e406bf8ee33c9e3461c493394179d38bcd5672eae6285,run,970648658.7074496,29958.29193541511,5ca3e50dde6f4328b6e348072afa0bffdbe44d219f82a45e69300e1327dd193a,rsim-001-smoke.1,non-authoritative representative architecture challenge; not attack or spacecraft validation,1,43200.0,1451993045.840408,1.8650916899787262e-07,0,0.0,0.0,False,diversified_stochastic,W1 — diversified stochastic,"[""E1 is a fixed-wall-clock representative environment challenge, not a periodic/steady-state result"",""E1 radiator incidence and Earth-view factors are ASSUMED_EXPLORATORY"",""E1 albedo is a bounded analytic approximation, not a flight environment model"",""battery initialization-domination diagnostic flagged""]","{""battery_never_creates_energy"":true,""electrical_balance_closes"":true,""executed_le_design"":true,""executed_le_requested"":true,""fdir_never_increases_power"":true,""finite_state"":true,""housekeeping_priority"":true,""initialization_domination_flag"":true,""no_hidden_clipping"":true,""soc_within_bounds"":true}","[""time_s"",""rng""]"
A0_CROSS_ENVIRONMENT_NOMINAL_FEASIBLE,500871352.3921043,540485607.8300194,1041356960.2221236,RSIM-001-smoke,2284870.888577005,0.002353962855745992,1.8676952416393533,1.0,-1.4099884538154583e-05,0.0019924786536704275,59546413.027512446,206000.0,E1_REPRESENTATIVE_ANALYTIC_LEO,7.527453229594017,5738.992815014798,968363787.8188726,29887.771228977545,b03ace73287c66d187a66e363193cda9e0edc07c5867686a456d1eb23ce5cb07,RSIM canonical-derived monotone FDIR,30.0,0.5147152493670809,2bf50b710c5028c469736791796328ef22636056,0.6347383520724283,0.6332442015685324,0.9,SYSTEM_POWER_DEFICIT,1.412008987244917e-05,0.9,43200.0,10800.0,canonical_wrb_wall_clock,0.2,CLOSED_LOOP,TSM-01-v0.4.4-canonical-with-RSIM-wrapper-v1,36533.71185491846,333.4466025880566,322.5401375203871,36533.71185491846,b348f00169c885d3849e406bf8ee33c9e3461c493394179d38bcd5672eae6285,run,970648658.7074496,29958.29193541511,5ca3e50dde6f4328b6e348072afa0bffdbe44d219f82a45e69300e1327dd193a,rsim-001-smoke.1,non-authoritative representative architecture challenge; not attack or spacecraft validation,1,43200.0,1451993045.840408,1.8650916899787262e-07,0,0.0,0.0,False,diversified_stochastic,W1 — diversified stochastic,"[""E1 is a fixed-wall-clock representative environment challenge, not a periodic/steady-state result"",""E1 radiator incidence and Earth-view factors are ASSUMED_EXPLORATORY"",""E1 albedo is a bounded analytic approximation, not a flight environment model"",""battery initialization-domination diagnostic flagged""]","{""battery_never_creates_energy"":true,""electrical_balance_closes"":true,""executed_le_design"":true,""executed_le_requested"":true,""fdir_never_increases_power"":true,""finite_state"":true,""housekeeping_priority"":true,""initialization_domination_flag"":true,""no_hidden_clipping"":true,""soc_within_bounds"":true}","[""time_s"",""rng""]"
A0_CROSS_ENVIRONMENT_NOMINAL_FEASIBLE,,,,RSIM-001-smoke,0.0,0.0,8.211852609567586,1.0,,,,,E0_CANONICAL,8.0,5400.0,970648658.7074496,29958.29193541511,e5b45be145cb477eef799b97b5a4a70e6bf9a65fe6f22030c39bda2ecec015bb,,,,2bf50b710c5028c469736791796328ef22636056,0.6316127940273943,0.6316127940273943,,,,,43200.0,10800.0,canonical_wrb_wall_clock,,THERMAL_ONLY,TSM-01-v0.4.4-canonical-with-RSIM-wrapper-v1,39604.90767038329,332.262770986284,319.99327892810004,39604.90767038329,f1e4e90f3f517362d1f0d86129448dbb51a9890353ed63ed0111bae36bf018af,run,970648658.7074496,29958.29193541511,72755b0c63d2bde2650abbfac1d44b34db33c3571b1f946df11880040f48afc6,rsim-001-smoke.1,non-authoritative representative architecture challenge; not attack or spacecraft validation,1,43200.0,,1.9031904230359942e-06,0,0.0,0.0,True,bursty_benign,W2 — bursty benign,[],"{""battery_never_creates_energy"":true,""electrical_balance_closes"":true,""executed_le_design"":true,""executed_le_requested"":true,""fdir_never_increases_power"":true,""finite_state"":true,""housekeeping_priority"":true,""no_hidden_clipping"":true,""soc_within_bounds"":true}","[""time_s"",""rng""]"
A0_CROSS_ENVIRONMENT_NOMINAL_FEASIBLE,456229761.87405026,528202448.98657966,984432210.8606298,RSIM-001-smoke,4943955.291126961,0.00509345502801241,8.007429473385798,1.0,1.4535478840116411e-05,0.001967353606881317,80076546.16730161,265576.4229460318,E0_CANONICAL,8.0,5400.0,965704703.4163226,29805.700722726007,4b3cedaf68fca2d716a1fb60f49443d112663f9154fd41cc05d863ee884a62f5,,,0.2,2bf50b710c5028c469736791796328ef22636056,0.634846355388262,0.6316127940273943,0.9,SYSTEM_POWER_DEFICIT,1.972035170183517e-05,0.9,43200.0,10800.0,canonical_wrb_wall_clock,0.2,POWER_CONSTRAINED,TSM-01-v0.4.4-canonical-with-RSIM-wrapper-v1,39604.90767038329,332.0583478501022,319.81954859630184,39604.90767038329,f1e4e90f3f517362d1f0d86129448dbb51a9890353ed63ed0111bae36bf018af,run,970648658.7074496,29958.29193541511,72755b0c63d2bde2650abbfac1d44b34db33c3571b1f946df11880040f48afc6,rsim-001-smoke.1,non-authoritative representative architecture challenge; not attack or spacecraft validation,1,43200.0,1439151157.8947375,2.0730344658659305e-06,0,0.0,0.0,False,bursty_benign,W2 — bursty benign,[],"{""battery_never_creates_energy"":true,""electrical_balance_closes"":true,""executed_le_design"":true,""executed_le_requested"":true,""fdir_never_increases_power"":true,""finite_state"":true,""housekeeping_priority"":true,""initialization_domination_flag"":false,""no_hidden_clipping"":true,""soc_within_bounds"":true}","[""time_s"",""rng""]"
A0_CROSS_ENVIRONMENT_NOMINAL_FEASIBLE,456229761.87405026,528202448.98657966,984432210.8606298,RSIM-001-smoke,4943955.291126961,0.00509345502801241,8.007429473385798,1.0,1.4535478840116411e-05,0.001967353606881317,80076546.16730161,265576.4229460318,E0_CANONICAL,8.0,5400.0,965704703.4163226,29805.700722726007,4b3cedaf68fca2d716a1fb60f49443d112663f9154fd41cc05d863ee884a62f5,RSIM canonical-derived monotone FDIR,30.0,0.2,2bf50b710c5028c469736791796328ef22636056,0.634846355388262,0.6316127940273943,0.9,SYSTEM_POWER_DEFICIT,1.972035170183517e-05,0.9,43200.0,10800.0,canonical_wrb_wall_clock,0.2,CLOSED_LOOP,TSM-01-v0.4.4-canonical-with-RSIM-wrapper-v1,39604.90767038329,332.0583478501022,319.81954859630184,39604.90767038329,f1e4e90f3f517362d1f0d86129448dbb51a9890353ed63ed0111bae36bf018af,run,970648658.7074496,29958.29193541511,72755b0c63d2bde2650abbfac1d44b34db33c3571b1f946df11880040f48afc6,rsim-001-smoke.1,non-authoritative representative architecture challenge; not attack or spacecraft validation,1,43200.0,1439151157.8947375,2.0730344658659305e-06,0,0.0,0.0,False,bursty_benign,W2 — bursty benign,[],"{""battery_never_creates_energy"":true,""electrical_balance_closes"":true,""executed_le_design"":true,""executed_le_requested"":true,""fdir_never_increases_power"":true,""finite_state"":true,""housekeeping_priority"":true,""initialization_domination_flag"":false,""no_hidden_clipping"":true,""soc_within_bounds"":true}","[""time_s"",""rng""]"
A0_CROSS_ENVIRONMENT_NOMINAL_FEASIBLE,,,,RSIM-001-smoke,0.0,0.0,8.87064903040897,1.0,,,,,E1_REPRESENTATIVE_ANALYTIC_LEO,7.527453229594017,5738.992815014798,970648658.7074496,29958.29193541511,e5b45be145cb477eef799b97b5a4a70e6bf9a65fe6f22030c39bda2ecec015bb,,,,2bf50b710c5028c469736791796328ef22636056,0.6515607170705026,0.6515607170705026,,,,,43200.0,10800.0,canonical_wrb_wall_clock,,THERMAL_ONLY,TSM-01-v0.4.4-canonical-with-RSIM-wrapper-v1,39604.90767038329,340.4495563768262,328.10196972830613,39604.90767038329,b348f00169c885d3849e406bf8ee33c9e3461c493394179d38bcd5672eae6285,run,970648658.7074496,29958.29193541511,72755b0c63d2bde2650abbfac1d44b34db33c3571b1f946df11880040f48afc6,rsim-001-smoke.1,non-authoritative representative architecture challenge; not attack or spacecraft validation,1,43200.0,,6.972322807996534e-07,0,0.0,0.0,True,bursty_benign,W2 — bursty benign,"[""E1 is a fixed-wall-clock representative environment challenge, not a periodic/steady-state result"",""E1 radiator incidence and Earth-view factors are ASSUMED_EXPLORATORY"",""E1 albedo is a bounded analytic approximation, not a flight environment model""]","{""battery_never_creates_energy"":true,""electrical_balance_closes"":true,""executed_le_design"":true,""executed_le_requested"":true,""fdir_never_increases_power"":true,""finite_state"":true,""housekeeping_priority"":true,""no_hidden_clipping"":true,""soc_within_bounds"":true}","[""time_s"",""rng""]"
A0_CROSS_ENVIRONMENT_NOMINAL_FEASIBLE,471477032.8102877,516381760.25534356,987858793.0656314,RSIM-001-smoke,2889386.321153768,0.00297675816603031,8.403742763514856,1.0,1.5250860087689944e-05,0.0019683748060957515,72175320.34790778,704000.0,E1_REPRESENTATIVE_ANALYTIC_LEO,7.527453229594017,5738.992815014798,967759272.3862958,29869.113345256043,24f23fdf8f44aa0c3b9ab471511cc79cc8f6a37db4933bbd6a3637ba0293b0be,,,0.4632605857496393,2bf50b710c5028c469736791796328ef22636056,0.6535060465310641,0.6515607170705026,0.9,SYSTEM_POWER_DEFICIT,2.0322882846812718e-05,0.9,43200.0,10800.0,canonical_wrb_wall_clock,0.2,POWER_CONSTRAINED,TSM-01-v0.4.4-canonical-with-RSIM-wrapper-v1,39604.90767038329,339.9826501099321,327.67787641031987,39604.90767038329,b348f00169c885d3849e406bf8ee33c9e3461c493394179d38bcd5672eae6285,run,970648658.7074496,29958.29193541511,72755b0c63d2bde2650abbfac1d44b34db33c3571b1f946df11880040f48afc6,rsim-001-smoke.1,non-authoritative representative architecture challenge; not attack or spacecraft validation,1,43200.0,1451993045.840408,-3.3004234865074977e-06,0,0.0,0.0,False,bursty_benign,W2 — bursty benign,"[""E1 is a fixed-wall-clock representative environment challenge, not a periodic/steady-state result"",""E1 radiator incidence and Earth-view factors are ASSUMED_EXPLORATORY"",""E1 albedo is a bounded analytic approximation, not a flight environment model"",""battery initialization-domination diagnostic flagged""]","{""battery_never_creates_energy"":true,""electrical_balance_closes"":true,""executed_le_design"":true,""executed_le_requested"":true,""fdir_never_increases_power"":true,""finite_state"":true,""housekeeping_priority"":true,""initialization_domination_flag"":true,""no_hidden_clipping"":true,""soc_within_bounds"":true}","[""time_s"",""rng""]"
A0_CROSS_ENVIRONMENT_NOMINAL_FEASIBLE,471477032.8102877,516381760.25534356,987858793.0656314,RSIM-001-smoke,2889386.321153768,0.00297675816603031,8.403742763514856,1.0,1.5250860087689944e-05,0.0019683748060957515,72175320.34790778,704000.0,E1_REPRESENTATIVE_ANALYTIC_LEO,7.527453229594017,5738.992815014798,967759272.3862958,29869.113345256043,24f23fdf8f44aa0c3b9ab471511cc79cc8f6a37db4933bbd6a3637ba0293b0be,RSIM canonical-derived monotone FDIR,30.0,0.4632605857496393,2bf50b710c5028c469736791796328ef22636056,0.6535060465310641,0.6515607170705026,0.9,SYSTEM_POWER_DEFICIT,2.0322882846812718e-05,0.9,43200.0,10800.0,canonical_wrb_wall_clock,0.2,CLOSED_LOOP,TSM-01-v0.4.4-canonical-with-RSIM-wrapper-v1,39604.90767038329,339.9826501099321,327.67787641031987,39604.90767038329,b348f00169c885d3849e406bf8ee33c9e3461c493394179d38bcd5672eae6285,run,970648658.7074496,29958.29193541511,72755b0c63d2bde2650abbfac1d44b34db33c3571b1f946df11880040f48afc6,rsim-001-smoke.1,non-authoritative representative architecture challenge; not attack or spacecraft validation,1,43200.0,1451993045.840408,-3.3004234865074977e-06,0,0.0,0.0,False,bursty_benign,W2 — bursty benign,"[""E1 is a fixed-wall-clock representative environment challenge, not a periodic/steady-state result"",""E1 radiator incidence and Earth-view factors are ASSUMED_EXPLORATORY"",""E1 albedo is a bounded analytic approximation, not a flight environment model"",""battery initialization-domination diagnostic flagged""]","{""battery_never_creates_energy"":true,""electrical_balance_closes"":true,""executed_le_design"":true,""executed_le_requested"":true,""fdir_never_increases_power"":true,""finite_state"":true,""housekeeping_priority"":true,""initialization_domination_flag"":true,""no_hidden_clipping"":true,""soc_within_bounds"":true}","[""time_s"",""rng""]"
A0_CROSS_ENVIRONMENT_NOMINAL_FEASIBLE,,,,RSIM-001-smoke,0.0,0.0,13.795730775709842,1.0,,,,,E0_CANONICAL,8.0,5400.0,970648658.7074496,29958.291935415105,8652ac18e1953e9c83cf520c6c20d4917f8bf6130ce254f2fff4f3e4ea9011a0,,,,2bf50b710c5028c469736791796328ef22636056,0.6205605336875936,0.6205605336875936,,,,,43200.0,10800.0,canonical_wrb_wall_clock,,THERMAL_ONLY,TSM-01-v0.4.4-canonical-with-RSIM-wrapper-v1,40000.0,337.84664915242627,324.61287200900733,40000.0,f1e4e90f3f517362d1f0d86129448dbb51a9890353ed63ed0111bae36bf018af,run,970648658.7074496,29958.291935415105,142948d9b2d764fec29d245c29f895d1e812ea471201cafc06e687974b5b2619,rsim-001-smoke.1,non-authoritative representative architecture challenge; not attack or spacecraft validation,1,43200.0,,1.8676792024052702e-07,0,0.0,0.0,True,queue_driven_benign,W3 — queue-driven benign,[],"{""battery_never_creates_energy"":true,""electrical_balance_closes"":true,""executed_le_design"":true,""executed_le_requested"":true,""fdir_never_increases_power"":true,""finite_state"":true,""housekeeping_priority"":true,""no_hidden_clipping"":true,""soc_within_bounds"":true}","[""time_s"",""rng""]"
A0_CROSS_ENVIRONMENT_NOMINAL_FEASIBLE,466759520.24692214,538732207.3594608,1005491727.6063831,RSIM-001-smoke,11428098.31635096,0.01177367136278643,13.537854360965014,1.0,1.0872463462874293e-07,0.001977883365254198,84419861.76542804,790998.0390224326,E0_CANONICAL,8.0,5400.0,959220560.3910986,29605.572851577115,0c9912f480cbb25aa130c0e6902fbc6b5ffab56eb8779e03524d12ea57daa2c1,,,0.2,2bf50b710c5028c469736791796328ef22636056,0.62795385601936,0.6205605336875936,0.9,SYSTEM_POWER_DEFICIT,1.607414606041857e-05,0.9,43200.0,10800.0,canonical_wrb_wall_clock,0.2,POWER_CONSTRAINED,TSM-01-v0.4.4-canonical-with-RSIM-wrapper-v1,40000.0,337.58877273768144,324.38814231825296,40000.0,f1e4e90f3f517362d1f0d86129448dbb51a9890353ed63ed0111bae36bf018af,run,970648658.7074496,29958.291935415105,142948d9b2d764fec29d245c29f895d1e812ea471201cafc06e687974b5b2619,rsim-001-smoke.1,non-authoritative representative architecture challenge; not attack or spacecraft validation,1,43200.0,1439151157.8947375,4.6522745833499357e-07,0,0.0,0.0,False,queue_driven_benign,W3 — queue-driven benign,[],"{""battery_never_creates_energy"":true,""electrical_balance_closes"":true,""executed_le_design"":true,""executed_le_requested"":true,""fdir_never_increases_power"":true,""finite_state"":true,""housekeeping_priority"":true,""initialization_domination_flag"":false,""no_hidden_clipping"":true,""soc_within_bounds"":true}","[""time_s"",""rng""]"
A0_CROSS_ENVIRONMENT_NOMINAL_FEASIBLE,466759520.24692214,538732207.3594608,1005491727.6063831,RSIM-001-smoke,11428098.31635096,0.01177367136278643,13.537854360965014,1.0,1.0872463462874293e-07,0.001977883365254198,84419861.76542804,790998.0390224326,E0_CANONICAL,8.0,5400.0,959220560.3910986,29605.572851577115,0c9912f480cbb25aa130c0e6902fbc6b5ffab56eb8779e03524d12ea57daa2c1,RSIM canonical-derived monotone FDIR,30.0,0.2,2bf50b710c5028c469736791796328ef22636056,0.62795385601936,0.6205605336875936,0.9,SYSTEM_POWER_DEFICIT,1.607414606041857e-05,0.9,43200.0,10800.0,canonical_wrb_wall_clock,0.2,CLOSED_LOOP,TSM-01-v0.4.4-canonical-with-RSIM-wrapper-v1,40000.0,337.58877273768144,324.38814231825296,40000.0,f1e4e90f3f517362d1f0d86129448dbb51a9890353ed63ed0111bae36bf018af,run,970648658.7074496,29958.291935415105,142948d9b2d764fec29d245c29f895d1e812ea471201cafc06e687974b5b2619,rsim-001-smoke.1,non-authoritative representative architecture challenge; not attack or spacecraft validation,1,43200.0,1439151157.8947375,4.6522745833499357e-07,0,0.0,0.0,False,queue_driven_benign,W3 — queue-driven benign,[],"{""battery_never_creates_energy"":true,""electrical_balance_closes"":true,""executed_le_design"":true,""executed_le_requested"":true,""fdir_never_increases_power"":true,""finite_state"":true,""housekeeping_priority"":true,""initialization_domination_flag"":false,""no_hidden_clipping"":true,""soc_within_bounds"":true}","[""time_s"",""rng""]"
A0_CROSS_ENVIRONMENT_NOMINAL_FEASIBLE,,,,RSIM-001-smoke,0.0,0.0,12.33951199511722,1.0,,,,,E1_REPRESENTATIVE_ANALYTIC_LEO,7.527453229594017,5738.992815014798,970648658.7074496,29958.291935415105,8652ac18e1953e9c83cf520c6c20d4917f8bf6130ce254f2fff4f3e4ea9011a0,,,,2bf50b710c5028c469736791796328ef22636056,0.6390310214315144,0.6390310214315144,,,,,43200.0,10800.0,canonical_wrb_wall_clock,,THERMAL_ONLY,TSM-01-v0.4.4-canonical-with-RSIM-wrapper-v1,40000.0,343.91841934153445,331.02613265464623,40000.0,b348f00169c885d3849e406bf8ee33c9e3461c493394179d38bcd5672eae6285,run,970648658.7074496,29958.291935415105,142948d9b2d764fec29d245c29f895d1e812ea471201cafc06e687974b5b2619,rsim-001-smoke.1,non-authoritative representative architecture challenge; not attack or spacecraft validation,1,43200.0,,1.4969987205404323e-06,0,0.0,0.0,True,queue_driven_benign,W3 — queue-driven benign,"[""E1 is a fixed-wall-clock representative environment challenge, not a periodic/steady-state result"",""E1 radiator incidence and Earth-view factors are ASSUMED_EXPLORATORY"",""E1 albedo is a bounded analytic approximation, not a flight environment model""]","{""battery_never_creates_energy"":true,""electrical_balance_closes"":true,""executed_le_design"":true,""executed_le_requested"":true,""fdir_never_increases_power"":true,""finite_state"":true,""housekeeping_priority"":true,""no_hidden_clipping"":true,""soc_within_bounds"":true}","[""time_s"",""rng""]"
A0_CROSS_ENVIRONMENT_NOMINAL_FEASIBLE,482142678.6618737,528119154.4412266,1010261833.1031003,RSIM-001-smoke,6304731.863267925,0.0064953799778217705,11.916778579168806,1.0,9.009362656797748e-06,0.0019801122002816346,65477820.80819339,405634.19305057044,E1_REPRESENTATIVE_ANALYTIC_LEO,7.527453229594017,5738.992815014798,964343926.8441817,29763.701445808074,e37aae79c012d3d0867006c2980a643cc586a135865663e85d41443014f3a348,,,0.45283685608074564,2bf50b710c5028c469736791796328ef22636056,0.6432089076920942,0.6390310214315144,0.9,SYSTEM_POWER_DEFICIT,1.029149052556022e-05,0.9,43200.0,10800.0,canonical_wrb_wall_clock,0.2,POWER_CONSTRAINED,TSM-01-v0.4.4-canonical-with-RSIM-wrapper-v1,40000.0,343.49568592558603,330.6693448107913,40000.0,b348f00169c885d3849e406bf8ee33c9e3461c493394179d38bcd5672eae6285,run,970648658.7074496,29958.291935415105,142948d9b2d764fec29d245c29f895d1e812ea471201cafc06e687974b5b2619,rsim-001-smoke.1,non-authoritative representative architecture challenge; not attack or spacecraft validation,1,43200.0,1451993045.840408,-7.830417416698765e-07,0,0.0,0.0,False,queue_driven_benign,W3 — queue-driven benign,"[""E1 is a fixed-wall-clock representative environment challenge, not a periodic/steady-state result"",""E1 radiator incidence and Earth-view factors are ASSUMED_EXPLORATORY"",""E1 albedo is a bounded analytic approximation, not a flight environment model""]","{""battery_never_creates_energy"":true,""electrical_balance_closes"":true,""executed_le_design"":true,""executed_le_requested"":true,""fdir_never_increases_power"":true,""finite_state"":true,""housekeeping_priority"":true,""initialization_domination_flag"":false,""no_hidden_clipping"":true,""soc_within_bounds"":true}","[""time_s"",""rng""]"
A0_CROSS_ENVIRONMENT_NOMINAL_FEASIBLE,482142678.6618737,528119154.4412266,1010261833.1031003,RSIM-001-smoke,6304731.863267925,0.0064953799778217705,11.916778579168806,1.0,9.009362656797748e-06,0.0019801122002816346,65477820.80819339,405634.19305057044,E1_REPRESENTATIVE_ANALYTIC_LEO,7.527453229594017,5738.992815014798,964343926.8441817,29763.701445808074,e37aae79c012d3d0867006c2980a643cc586a135865663e85d41443014f3a348,RSIM canonical-derived monotone FDIR,30.0,0.45283685608074564,2bf50b710c5028c469736791796328ef22636056,0.6432089076920942,0.6390310214315144,0.9,SYSTEM_POWER_DEFICIT,1.029149052556022e-05,0.9,43200.0,10800.0,canonical_wrb_wall_clock,0.2,CLOSED_LOOP,TSM-01-v0.4.4-canonical-with-RSIM-wrapper-v1,40000.0,343.49568592558603,330.6693448107913,40000.0,b348f00169c885d3849e406bf8ee33c9e3461c493394179d38bcd5672eae6285,run,970648658.7074496,29958.291935415105,142948d9b2d764fec29d245c29f895d1e812ea471201cafc06e687974b5b2619,rsim-001-smoke.1,non-authoritative representative architecture challenge; not attack or spacecraft validation,1,43200.0,1451993045.840408,-7.830417416698765e-07,0,0.0,0.0,False,queue_driven_benign,W3 — queue-driven benign,"[""E1 is a fixed-wall-clock representative environment challenge, not a periodic/steady-state result"",""E1 radiator incidence and Earth-view factors are ASSUMED_EXPLORATORY"",""E1 albedo is a bounded analytic approximation, not a flight environment model""]","{""battery_never_creates_energy"":true,""electrical_balance_closes"":true,""executed_le_design"":true,""executed_le_requested"":true,""fdir_never_increases_power"":true,""finite_state"":true,""housekeeping_priority"":true,""initialization_domination_flag"":false,""no_hidden_clipping"":true,""soc_within_bounds"":true}","[""time_s"",""rng""]"
A0_CROSS_ENVIRONMENT_NOMINAL_FEASIBLE,,,,RSIM-001-smoke,0.0,0.0,10.430019431489995,1.0,,,,,E0_CANONICAL,8.0,5400.0,970648658.7074496,29958.291935415113,b9f0992ad71a102bce5a1856b0d45b242e4a20376a1849ac4103faae4eb1b999,,,,2bf50b710c5028c469736791796328ef22636056,0.686425844132057,0.686425844132057,,,,,43200.0,10800.0,canonical_wrb_wall_clock,,THERMAL_ONLY,TSM-01-v0.4.4-canonical-with-RSIM-wrapper-v1,39136.396154307506,334.4809378082064,322.1073624944229,39136.396154307506,f1e4e90f3f517362d1f0d86129448dbb51a9890353ed63ed0111bae36bf018af,run,970648658.7074496,29958.291935415113,7a9146d8efeb8d49aecfc2decdc4e1f9223a3a32f03ae1fb9912599c70054533,rsim-001-smoke.1,non-authoritative representative architecture challenge; not attack or spacecraft validation,1,43200.0,,-2.471774678269867e-07,0,0.0,0.0,True,power_aware_benign,W4 — power-aware benign,[],"{""battery_never_creates_energy"":true,""electrical_balance_closes"":true,""executed_le_design"":true,""executed_le_requested"":true,""fdir_never_increases_power"":true,""finite_state"":true,""housekeeping_priority"":true,""no_hidden_clipping"":true,""soc_within_bounds"":true}","[""time_s"",""power_availability"",""rng""]"
A0_CROSS_ENVIRONMENT_NOMINAL_FEASIBLE,389368445.77518004,447100266.5393399,836468712.31452,RSIM-001-smoke,0.0,0.0,10.430019431489995,1.0,-4.009951953776181e-05,0.0018862514244340773,110114160.44863485,0.0,E0_CANONICAL,8.0,5400.0,970648658.7074496,29958.291935415113,b9f0992ad71a102bce5a1856b0d45b242e4a20376a1849ac4103faae4eb1b999,,,0.3385054087015686,2bf50b710c5028c469736791796328ef22636056,0.686425844132057,0.686425844132057,0.9,,4.0212566091213375e-05,0.9,43200.0,10800.0,canonical_wrb_wall_clock,0.33844531942398687,POWER_CONSTRAINED,TSM-01-v0.4.4-canonical-with-RSIM-wrapper-v1,39136.396154307506,334.4809378082064,322.1073624944229,39136.396154307506,f1e4e90f3f517362d1f0d86129448dbb51a9890353ed63ed0111bae36bf018af,run,970648658.7074496,29958.291935415113,7a9146d8efeb8d49aecfc2decdc4e1f9223a3a32f03ae1fb9912599c70054533,rsim-001-smoke.1,non-authoritative representative architecture challenge; not attack or spacecraft validation,1,43200.0,1439151157.8947375,-2.471774678269867e-07,0,0.0,0.0,True,power_aware_benign,W4 — power-aware benign,[],"{""battery_never_creates_energy"":true,""electrical_balance_closes"":true,""executed_le_design"":true,""executed_le_requested"":true,""fdir_never_increases_power"":true,""finite_state"":true,""housekeeping_priority"":true,""initialization_domination_flag"":false,""no_hidden_clipping"":true,""soc_within_bounds"":true}","[""time_s"",""power_availability"",""rng""]"
A0_CROSS_ENVIRONMENT_NOMINAL_FEASIBLE,389368445.77518004,447100266.5393399,836468712.31452,RSIM-001-smoke,0.0,0.0,10.430019431489995,1.0,-4.009951953776181e-05,0.0018862514244340773,110114160.44863485,0.0,E0_CANONICAL,8.0,5400.0,970648658.7074496,29958.291935415113,b9f0992ad71a102bce5a1856b0d45b242e4a20376a1849ac4103faae4eb1b999,RSIM canonical-derived monotone FDIR,30.0,0.3385054087015686,2bf50b710c5028c469736791796328ef22636056,0.686425844132057,0.686425844132057,0.9,,4.0212566091213375e-05,0.9,43200.0,10800.0,canonical_wrb_wall_clock,0.33844531942398687,CLOSED_LOOP,TSM-01-v0.4.4-canonical-with-RSIM-wrapper-v1,39136.396154307506,334.4809378082064,322.1073624944229,39136.396154307506,f1e4e90f3f517362d1f0d86129448dbb51a9890353ed63ed0111bae36bf018af,run,970648658.7074496,29958.291935415113,7a9146d8efeb8d49aecfc2decdc4e1f9223a3a32f03ae1fb9912599c70054533,rsim-001-smoke.1,non-authoritative representative architecture challenge; not attack or spacecraft validation,1,43200.0,1439151157.8947375,-2.471774678269867e-07,0,0.0,0.0,True,power_aware_benign,W4 — power-aware benign,[],"{""battery_never_creates_energy"":true,""electrical_balance_closes"":true,""executed_le_design"":true,""executed_le_requested"":true,""fdir_never_increases_power"":true,""finite_state"":true,""housekeeping_priority"":true,""initialization_domination_flag"":false,""no_hidden_clipping"":true,""soc_within_bounds"":true}","[""time_s"",""power_availability"",""rng""]"
A0_CROSS_ENVIRONMENT_NOMINAL_FEASIBLE,,,,RSIM-001-smoke,0.0,0.0,10.167763443101705,1.0,,,,,E1_REPRESENTATIVE_ANALYTIC_LEO,7.527453229594017,5738.992815014798,970648658.7074496,29958.291935415113,b9f0992ad71a102bce5a1856b0d45b242e4a20376a1849ac4103faae4eb1b999,,,,2bf50b710c5028c469736791796328ef22636056,0.6805136440821216,0.6805136440821216,,,,,43200.0,10800.0,canonical_wrb_wall_clock,,THERMAL_ONLY,TSM-01-v0.4.4-canonical-with-RSIM-wrapper-v1,39136.396154307506,341.74667078951893,329.1745166809329,39136.396154307506,b348f00169c885d3849e406bf8ee33c9e3461c493394179d38bcd5672eae6285,run,970648658.7074496,29958.291935415113,7a9146d8efeb8d49aecfc2decdc4e1f9223a3a32f03ae1fb9912599c70054533,rsim-001-smoke.1,non-authoritative representative architecture challenge; not attack or spacecraft validation,1,43200.0,,-3.194654709659517e-07,0,0.0,0.0,True,power_aware_benign,W4 — power-aware benign,"[""E1 is a fixed-wall-clock representative environment challenge, not a periodic/steady-state result"",""E1 radiator incidence and Earth-view factors are ASSUMED_EXPLORATORY"",""E1 albedo is a bounded analytic approximation, not a flight environment model""]","{""battery_never_creates_energy"":true,""electrical_balance_closes"":true,""executed_le_design"":true,""executed_le_requested"":true,""fdir_never_increases_power"":true,""finite_state"":true,""housekeeping_priority"":true,""no_hidden_clipping"":true,""soc_within_bounds"":true}","[""time_s"",""power_availability"",""rng""]"
A0_CROSS_ENVIRONMENT_NOMINAL_FEASIBLE,462800065.29252476,493063215.8216429,955863281.1141677,RSIM-001-smoke,2057053.3303088704,0.0021192563466250662,10.167763443011609,1.0,-3.1839550388212956e-05,0.0019450562616620509,95321631.91752528,483222.76806540194,E1_REPRESENTATIVE_ANALYTIC_LEO,7.527453229594017,5738.992815014798,968591605.3771408,29894.802635096938,50daf5632198aafc039717b41024b58287a975f3ef0b574fc805a26eac196fbf,,,0.6056632700505599,2bf50b710c5028c469736791796328ef22636056,0.6819588897874409,0.6805136440821216,0.9,SYSTEM_POWER_DEFICIT,3.1876064781499736e-05,0.9,43200.0,10800.0,canonical_wrb_wall_clock,0.2,POWER_CONSTRAINED,TSM-01-v0.4.4-canonical-with-RSIM-wrapper-v1,39136.396154307506,341.74667078942883,329.1745166808545,39136.396154307506,b348f00169c885d3849e406bf8ee33c9e3461c493394179d38bcd5672eae6285,run,970648658.7074496,29958.291935415113,7a9146d8efeb8d49aecfc2decdc4e1f9223a3a32f03ae1fb9912599c70054533,rsim-001-smoke.1,non-authoritative representative architecture challenge; not attack or spacecraft validation,1,43200.0,1451993045.840408,4.7489356802543625e-07,0,0.0,0.0,False,power_aware_benign,W4 — power-aware benign,"[""E1 is a fixed-wall-clock representative environment challenge, not a periodic/steady-state result"",""E1 radiator incidence and Earth-view factors are ASSUMED_EXPLORATORY"",""E1 albedo is a bounded analytic approximation, not a flight environment model"",""battery initialization-domination diagnostic flagged""]","{""battery_never_creates_energy"":true,""electrical_balance_closes"":true,""executed_le_design"":true,""executed_le_requested"":true,""fdir_never_increases_power"":true,""finite_state"":true,""housekeeping_priority"":true,""initialization_domination_flag"":true,""no_hidden_clipping"":true,""soc_within_bounds"":true}","[""time_s"",""power_availability"",""rng""]"
A0_CROSS_ENVIRONMENT_NOMINAL_FEASIBLE,462800065.29252476,493063215.8216429,955863281.1141677,RSIM-001-smoke,2057053.3303088704,0.0021192563466250662,10.167763443011609,1.0,-3.1839550388212956e-05,0.0019450562616620509,95321631.91752528,483222.76806540194,E1_REPRESENTATIVE_ANALYTIC_LEO,7.527453229594017,5738.992815014798,968591605.3771408,29894.802635096938,50daf5632198aafc039717b41024b58287a975f3ef0b574fc805a26eac196fbf,RSIM canonical-derived monotone FDIR,30.0,0.6056632700505599,2bf50b710c5028c469736791796328ef22636056,0.6819588897874409,0.6805136440821216,0.9,SYSTEM_POWER_DEFICIT,3.1876064781499736e-05,0.9,43200.0,10800.0,canonical_wrb_wall_clock,0.2,CLOSED_LOOP,TSM-01-v0.4.4-canonical-with-RSIM-wrapper-v1,39136.396154307506,341.74667078942883,329.1745166808545,39136.396154307506,b348f00169c885d3849e406bf8ee33c9e3461c493394179d38bcd5672eae6285,run,970648658.7074496,29958.291935415113,7a9146d8efeb8d49aecfc2decdc4e1f9223a3a32f03ae1fb9912599c70054533,rsim-001-smoke.1,non-authoritative representative architecture challenge; not attack or spacecraft validation,1,43200.0,1451993045.840408,4.7489356802543625e-07,0,0.0,0.0,False,power_aware_benign,W4 — power-aware benign,"[""E1 is a fixed-wall-clock representative environment challenge, not a periodic/steady-state result"",""E1 radiator incidence and Earth-view factors are ASSUMED_EXPLORATORY"",""E1 albedo is a bounded analytic approximation, not a flight environment model"",""battery initialization-domination diagnostic flagged""]","{""battery_never_creates_energy"":true,""electrical_balance_closes"":true,""executed_le_design"":true,""executed_le_requested"":true,""fdir_never_increases_power"":true,""finite_state"":true,""housekeeping_priority"":true,""initialization_domination_flag"":true,""no_hidden_clipping"":true,""soc_within_bounds"":true}","[""time_s"",""power_availability"",""rng""]"
A0_CROSS_ENVIRONMENT_NOMINAL_FEASIBLE,,,,RSIM-001-smoke,0.0,0.0,17.373662570013323,1.0,,,,,E0_CANONICAL,8.0,5400.0,970648658.7074496,29958.291935415113,74a671d27348f6c063707c5bbe2b232df0652a5160beda9f0e17444ea4d74fa7,,,,2bf50b710c5028c469736791796328ef22636056,0.8258341878928093,0.8258341878928093,,,,,43200.0,10800.0,canonical_wrb_wall_clock,,THERMAL_ONLY,TSM-01-v0.4.4-canonical-with-RSIM-wrapper-v1,40000.0,341.42458094672975,327.7345739962277,40000.0,f1e4e90f3f517362d1f0d86129448dbb51a9890353ed63ed0111bae36bf018af,run,970648658.7074496,29958.291935415113,fad0370123ee19291fa1853074fe84fd2a5b9df791f0ccf6f2b97eade9130e4b,rsim-001-smoke.1,non-authoritative representative architecture challenge; not attack or spacecraft validation,1,43200.0,,-3.88920398108894e-07,0,0.0,0.0,True,phase_shaped_candidate,W5 — phase-shaped adversarial candidate,[],"{""battery_never_creates_energy"":true,""electrical_balance_closes"":true,""executed_le_design"":true,""executed_le_requested"":true,""fdir_never_increases_power"":true,""finite_state"":true,""housekeeping_priority"":true,""no_hidden_clipping"":true,""soc_within_bounds"":true}","[""time_s"",""hot_mask"",""rng""]"
A0_CROSS_ENVIRONMENT_NOMINAL_FEASIBLE,237655338.89745474,271619974.59905094,509275313.49650574,RSIM-001-smoke,0.0,0.0,17.373662570013323,1.0,-4.1201717976946384e-05,0.0017107711324937885,66782982.60472068,0.0,E0_CANONICAL,8.0,5400.0,970648658.7074496,29958.291935415113,74a671d27348f6c063707c5bbe2b232df0652a5160beda9f0e17444ea4d74fa7,,,0.5696629520868001,2bf50b710c5028c469736791796328ef22636056,0.8258341878928093,0.8258341878928093,0.9,,4.126078783883713e-05,0.9,43200.0,10800.0,canonical_wrb_wall_clock,0.5693280376634418,POWER_CONSTRAINED,TSM-01-v0.4.4-canonical-with-RSIM-wrapper-v1,40000.0,341.42458094672975,327.7345739962277,40000.0,f1e4e90f3f517362d1f0d86129448dbb51a9890353ed63ed0111bae36bf018af,run,970648658.7074496,29958.291935415113,fad0370123ee19291fa1853074fe84fd2a5b9df791f0ccf6f2b97eade9130e4b,rsim-001-smoke.1,non-authoritative representative architecture challenge; not attack or spacecraft validation,1,43200.0,1439151157.8947375,-3.88920398108894e-07,0,0.0,0.0,True,phase_shaped_candidate,W5 — phase-shaped adversarial candidate,[],"{""battery_never_creates_energy"":true,""electrical_balance_closes"":true,""executed_le_design"":true,""executed_le_requested"":true,""fdir_never_increases_power"":true,""finite_state"":true,""housekeeping_priority"":true,""initialization_domination_flag"":false,""no_hidden_clipping"":true,""soc_within_bounds"":true}","[""time_s"",""hot_mask"",""rng""]"
A0_CROSS_ENVIRONMENT_NOMINAL_FEASIBLE,237655338.89745474,271619974.59905094,509275313.49650574,RSIM-001-smoke,0.0,0.0,17.373662570013323,1.0,-4.1201717976946384e-05,0.0017107711324937885,66782982.60472068,0.0,E0_CANONICAL,8.0,5400.0,970648658.7074496,29958.291935415113,74a671d27348f6c063707c5bbe2b232df0652a5160beda9f0e17444ea4d74fa7,RSIM canonical-derived monotone FDIR,30.0,0.5696629520868001,2bf50b710c5028c469736791796328ef22636056,0.8258341878928093,0.8258341878928093,0.9,,4.126078783883713e-05,0.9,43200.0,10800.0,canonical_wrb_wall_clock,0.5693280376634418,CLOSED_LOOP,TSM-01-v0.4.4-canonical-with-RSIM-wrapper-v1,40000.0,341.42458094672975,327.7345739962277,40000.0,f1e4e90f3f517362d1f0d86129448dbb51a9890353ed63ed0111bae36bf018af,run,970648658.7074496,29958.291935415113,fad0370123ee19291fa1853074fe84fd2a5b9df791f0ccf6f2b97eade9130e4b,rsim-001-smoke.1,non-authoritative representative architecture challenge; not attack or spacecraft validation,1,43200.0,1439151157.8947375,-3.88920398108894e-07,0,0.0,0.0,True,phase_shaped_candidate,W5 — phase-shaped adversarial candidate,[],"{""battery_never_creates_energy"":true,""electrical_balance_closes"":true,""executed_le_design"":true,""executed_le_requested"":true,""fdir_never_increases_power"":true,""finite_state"":true,""housekeeping_priority"":true,""initialization_domination_flag"":false,""no_hidden_clipping"":true,""soc_within_bounds"":true}","[""time_s"",""hot_mask"",""rng""]"
A0_CROSS_ENVIRONMENT_NOMINAL_FEASIBLE,,,,RSIM-001-smoke,0.0,0.0,16.75860591695647,1.0,,,,,E1_REPRESENTATIVE_ANALYTIC_LEO,7.527453229594017,5738.992815014798,970648658.7074496,29958.291935415113,74a671d27348f6c063707c5bbe2b232df0652a5160beda9f0e17444ea4d74fa7,,,,2bf50b710c5028c469736791796328ef22636056,0.7670975096699896,0.7670975096699896,,,,,43200.0,10800.0,canonical_wrb_wall_clock,,THERMAL_ONLY,TSM-01-v0.4.4-canonical-with-RSIM-wrapper-v1,40000.0,348.3375132633737,334.4601609695035,40000.0,b348f00169c885d3849e406bf8ee33c9e3461c493394179d38bcd5672eae6285,run,970648658.7074496,29958.291935415113,fad0370123ee19291fa1853074fe84fd2a5b9df791f0ccf6f2b97eade9130e4b,rsim-001-smoke.1,non-authoritative representative architecture challenge; not attack or spacecraft validation,1,43200.0,,1.2236391739861574e-06,0,147.0,0.0,True,phase_shaped_candidate,W5 — phase-shaped adversarial candidate,"[""E1 is a fixed-wall-clock representative environment challenge, not a periodic/steady-state result"",""E1 radiator incidence and Earth-view factors are ASSUMED_EXPLORATORY"",""E1 albedo is a bounded analytic approximation, not a flight environment model""]","{""battery_never_creates_energy"":true,""electrical_balance_closes"":true,""executed_le_design"":true,""executed_le_requested"":true,""fdir_never_increases_power"":true,""finite_state"":true,""housekeeping_priority"":true,""no_hidden_clipping"":true,""soc_within_bounds"":true}","[""time_s"",""hot_mask"",""rng""]"
A0_CROSS_ENVIRONMENT_NOMINAL_FEASIBLE,383284024.3616603,403559316.23049486,786843340.5921552,RSIM-001-smoke,0.0,0.0,16.75860591695647,1.0,-1.8332486433791928e-05,0.0018555523620709029,57308916.44808586,716908.9390314622,E1_REPRESENTATIVE_ANALYTIC_LEO,7.527453229594017,5738.992815014798,970648658.7074496,29958.291935415113,8b132369bc3446e776d01a58774b222d3b314e341c11ffd30c774376c878a57c,,,0.7028043014983312,2bf50b710c5028c469736791796328ef22636056,0.7670975096699896,0.7670975096699896,0.9,SYSTEM_POWER_DEFICIT,1.8354707208345644e-05,0.9,43200.0,10800.0,canonical_wrb_wall_clock,0.2,POWER_CONSTRAINED,TSM-01-v0.4.4-canonical-with-RSIM-wrapper-v1,40000.0,348.3375132633737,334.4601609695035,40000.0,b348f00169c885d3849e406bf8ee33c9e3461c493394179d38bcd5672eae6285,run,970648658.7074496,29958.291935415113,fad0370123ee19291fa1853074fe84fd2a5b9df791f0ccf6f2b97eade9130e4b,rsim-001-smoke.1,non-authoritative representative architecture challenge; not attack or spacecraft validation,1,43200.0,1451993045.840408,-1.2355831131571904e-06,0,147.0,0.0,False,phase_shaped_candidate,W5 — phase-shaped adversarial candidate,"[""E1 is a fixed-wall-clock representative environment challenge, not a periodic/steady-state result"",""E1 radiator incidence and Earth-view factors are ASSUMED_EXPLORATORY"",""E1 albedo is a bounded analytic approximation, not a flight environment model"",""battery initialization-domination diagnostic flagged""]","{""battery_never_creates_energy"":true,""electrical_balance_closes"":true,""executed_le_design"":true,""executed_le_requested"":true,""fdir_never_increases_power"":true,""finite_state"":true,""housekeeping_priority"":true,""initialization_domination_flag"":true,""no_hidden_clipping"":true,""soc_within_bounds"":true}","[""time_s"",""hot_mask"",""rng""]"
A0_CROSS_ENVIRONMENT_NOMINAL_FEASIBLE,383284024.36166054,403559316.23049486,786843340.5921555,RSIM-001-smoke,2372592.072726437,0.0024443366314294045,16.621883567093505,1.0,-1.811561560316477e-05,0.0018555523620709029,59681508.52081208,716908.9390314622,E1_REPRESENTATIVE_ANALYTIC_LEO,7.527453229594017,5738.992815014798,968276066.6347232,29885.06378502232,319695d57d6d8a7ed6ae24baae458432be52cfbbdb912a24ebc7c1d30f3dd141,RSIM canonical-derived monotone FDIR,30.0,0.7028043014983312,2bf50b710c5028c469736791796328ef22636056,0.766526822630088,0.7670975096699896,0.9,SYSTEM_POWER_DEFICIT,1.8137836377718486e-05,0.9,43200.0,10800.0,canonical_wrb_wall_clock,0.2,CLOSED_LOOP,TSM-01-v0.4.4-canonical-with-RSIM-wrapper-v1,40000.0,348.20079091351073,334.42164902293956,40000.0,b348f00169c885d3849e406bf8ee33c9e3461c493394179d38bcd5672eae6285,run,970648658.7074496,29958.291935415113,fad0370123ee19291fa1853074fe84fd2a5b9df791f0ccf6f2b97eade9130e4b,rsim-001-smoke.1,non-authoritative representative architecture challenge; not attack or spacecraft validation,1,43200.0,1451993045.840408,-1.0784738151414786e-06,1,31.0,85.0,False,phase_shaped_candidate,W5 — phase-shaped adversarial candidate,"[""E1 is a fixed-wall-clock representative environment challenge, not a periodic/steady-state result"",""E1 radiator incidence and Earth-view factors are ASSUMED_EXPLORATORY"",""E1 albedo is a bounded analytic approximation, not a flight environment model"",""battery initialization-domination diagnostic flagged""]","{""battery_never_creates_energy"":true,""electrical_balance_closes"":true,""executed_le_design"":true,""executed_le_requested"":true,""fdir_never_increases_power"":true,""finite_state"":true,""housekeeping_priority"":true,""initialization_domination_flag"":true,""no_hidden_clipping"":true,""soc_within_bounds"":true}","[""time_s"",""hot_mask"",""rng""]"
A0_CROSS_ENVIRONMENT_NOMINAL_FEASIBLE,,,,RSIM-001-smoke,0.0,0.0,0.0,1.0,,,,,E0_CANONICAL,8.0,5400.0,970765988.8031496,29961.913234665106,ea2fe76761523ad9e4dae030cac9b2ef52ea5338015abd7aabc8370e0b559220,,,,2bf50b710c5028c469736791796328ef22636056,0.62,0.62,,,,,43200.0,10800.0,canonical_wrb_wall_clock,,THERMAL_ONLY,TSM-01-v0.4.4-canonical-with-RSIM-wrapper-v1,29961.91323466511,324.05834944314205,313.4913481849501,29961.91323466511,f1e4e90f3f517362d1f0d86129448dbb51a9890353ed63ed0111bae36bf018af,run,970765988.8031496,29961.913234665106,4d5d8f0a04cad72db29f8067faacf7a2815a2ff7137a9d62be31a627ff8fb3c4,rsim-001-smoke.1,non-authoritative representative architecture challenge; not attack or spacecraft validation,2,43200.0,,7.797762009431608e-07,0,0.0,0.0,True,constant_reference,W0 — constant reference,[],"{""battery_never_creates_energy"":true,""electrical_balance_closes"":true,""executed_le_design"":true,""executed_le_requested"":true,""fdir_never_increases_power"":true,""finite_state"":true,""housekeeping_priority"":true,""no_hidden_clipping"":true,""soc_within_bounds"":true}","[""time_s"",""rng""]"
A0_CROSS_ENVIRONMENT_NOMINAL_FEASIBLE,483264128.10810316,552301860.695013,1035565988.8031161,RSIM-001-smoke,0.0,0.0,0.0,1.0,-5.098350811749697e-05,0.0019914530185897506,74384191.59841076,0.0,E0_CANONICAL,8.0,5400.0,970765988.8031496,29961.913234665106,ea2fe76761523ad9e4dae030cac9b2ef52ea5338015abd7aabc8370e0b559220,,,0.22854510857376473,2bf50b710c5028c469736791796328ef22636056,0.62,0.62,0.9,,5.1083581638522446e-05,0.9,43200.0,10800.0,canonical_wrb_wall_clock,0.22854510857376473,POWER_CONSTRAINED,TSM-01-v0.4.4-canonical-with-RSIM-wrapper-v1,29961.91323466511,324.05834944314205,313.4913481849501,29961.91323466511,f1e4e90f3f517362d1f0d86129448dbb51a9890353ed63ed0111bae36bf018af,run,970765988.8031496,29961.913234665106,4d5d8f0a04cad72db29f8067faacf7a2815a2ff7137a9d62be31a627ff8fb3c4,rsim-001-smoke.1,non-authoritative representative architecture challenge; not attack or spacecraft validation,2,43200.0,1439151157.8947375,7.797762009431608e-07,0,0.0,0.0,True,constant_reference,W0 — constant reference,[],"{""battery_never_creates_energy"":true,""electrical_balance_closes"":true,""executed_le_design"":true,""executed_le_requested"":true,""fdir_never_increases_power"":true,""finite_state"":true,""housekeeping_priority"":true,""initialization_domination_flag"":false,""no_hidden_clipping"":true,""soc_within_bounds"":true}","[""time_s"",""rng""]"
A0_CROSS_ENVIRONMENT_NOMINAL_FEASIBLE,483264128.10810316,552301860.695013,1035565988.8031161,RSIM-001-smoke,0.0,0.0,0.0,1.0,-5.098350811749697e-05,0.0019914530185897506,74384191.59841076,0.0,E0_CANONICAL,8.0,5400.0,970765988.8031496,29961.913234665106,ea2fe76761523ad9e4dae030cac9b2ef52ea5338015abd7aabc8370e0b559220,RSIM canonical-derived monotone FDIR,30.0,0.22854510857376473,2bf50b710c5028c469736791796328ef22636056,0.62,0.62,0.9,,5.1083581638522446e-05,0.9,43200.0,10800.0,canonical_wrb_wall_clock,0.22854510857376473,CLOSED_LOOP,TSM-01-v0.4.4-canonical-with-RSIM-wrapper-v1,29961.91323466511,324.05834944314205,313.4913481849501,29961.91323466511,f1e4e90f3f517362d1f0d86129448dbb51a9890353ed63ed0111bae36bf018af,run,970765988.8031496,29961.913234665106,4d5d8f0a04cad72db29f8067faacf7a2815a2ff7137a9d62be31a627ff8fb3c4,rsim-001-smoke.1,non-authoritative representative architecture challenge; not attack or spacecraft validation,2,43200.0,1439151157.8947375,7.797762009431608e-07,0,0.0,0.0,True,constant_reference,W0 — constant reference,[],"{""battery_never_creates_energy"":true,""electrical_balance_closes"":true,""executed_le_design"":true,""executed_le_requested"":true,""fdir_never_increases_power"":true,""finite_state"":true,""housekeeping_priority"":true,""initialization_domination_flag"":false,""no_hidden_clipping"":true,""soc_within_bounds"":true}","[""time_s"",""rng""]"
A0_CROSS_ENVIRONMENT_NOMINAL_FEASIBLE,,,,RSIM-001-smoke,0.0,0.0,0.0,1.0,,,,,E1_REPRESENTATIVE_ANALYTIC_LEO,7.527453229594017,5738.992815014798,970765988.8031496,29961.913234665106,ea2fe76761523ad9e4dae030cac9b2ef52ea5338015abd7aabc8370e0b559220,,,,2bf50b710c5028c469736791796328ef22636056,0.6325617283950618,0.6325617283950618,,,,,43200.0,10800.0,canonical_wrb_wall_clock,,THERMAL_ONLY,TSM-01-v0.4.4-canonical-with-RSIM-wrapper-v1,29961.91323466511,331.5859537765402,320.9716126090253,29961.91323466511,b348f00169c885d3849e406bf8ee33c9e3461c493394179d38bcd5672eae6285,run,970765988.8031496,29961.913234665106,4d5d8f0a04cad72db29f8067faacf7a2815a2ff7137a9d62be31a627ff8fb3c4,rsim-001-smoke.1,non-authoritative representative architecture challenge; not attack or spacecraft validation,2,43200.0,,5.244337444310077e-07,0,0.0,0.0,True,constant_reference,W0 — constant reference,"[""E1 is a fixed-wall-clock representative environment challenge, not a periodic/steady-state result"",""E1 radiator incidence and Earth-view factors are ASSUMED_EXPLORATORY"",""E1 albedo is a bounded analytic approximation, not a flight environment model""]","{""battery_never_creates_energy"":true,""electrical_balance_closes"":true,""executed_le_design"":true,""executed_le_requested"":true,""fdir_never_increases_power"":true,""finite_state"":true,""housekeeping_priority"":true,""no_hidden_clipping"":true,""soc_within_bounds"":true}","[""time_s"",""rng""]"
A0_CROSS_ENVIRONMENT_NOMINAL_FEASIBLE,503046870.1943996,544260916.207555,1047307786.4019547,RSIM-001-smoke,0.0,0.0,0.0,1.0,-4.829039971809834e-05,0.001996253962047963,58763243.242789626,0.0,E1_REPRESENTATIVE_ANALYTIC_LEO,7.527453229594017,5738.992815014798,970765988.8031496,29961.913234665106,ea2fe76761523ad9e4dae030cac9b2ef52ea5338015abd7aabc8370e0b559220,,,0.4991558274867592,2bf50b710c5028c469736791796328ef22636056,0.6325617283950618,0.6325617283950618,0.9,,4.9762107664719224e-05,0.9,43200.0,10800.0,canonical_wrb_wall_clock,0.20105865103000034,POWER_CONSTRAINED,TSM-01-v0.4.4-canonical-with-RSIM-wrapper-v1,29961.91323466511,331.5859537765402,320.9716126090253,29961.91323466511,b348f00169c885d3849e406bf8ee33c9e3461c493394179d38bcd5672eae6285,run,970765988.8031496,29961.913234665106,4d5d8f0a04cad72db29f8067faacf7a2815a2ff7137a9d62be31a627ff8fb3c4,rsim-001-smoke.1,non-authoritative representative architecture challenge; not attack or spacecraft validation,2,43200.0,1451993045.840408,5.244337444310077e-07,0,0.0,0.0,True,constant_reference,W0 — constant reference,"[""E1 is a fixed-wall-clock representative environment challenge, not a periodic/steady-state result"",""E1 radiator incidence and Earth-view factors are ASSUMED_EXPLORATORY"",""E1 albedo is a bounded analytic approximation, not a flight environment model""]","{""battery_never_creates_energy"":true,""electrical_balance_closes"":true,""executed_le_design"":true,""executed_le_requested"":true,""fdir_never_increases_power"":true,""finite_state"":true,""housekeeping_priority"":true,""initialization_domination_flag"":false,""no_hidden_clipping"":true,""soc_within_bounds"":true}","[""time_s"",""rng""]"
A0_CROSS_ENVIRONMENT_NOMINAL_FEASIBLE,503046870.1943996,544260916.207555,1047307786.4019547,RSIM-001-smoke,0.0,0.0,0.0,1.0,-4.829039971809834e-05,0.001996253962047963,58763243.242789626,0.0,E1_REPRESENTATIVE_ANALYTIC_LEO,7.527453229594017,5738.992815014798,970765988.8031496,29961.913234665106,ea2fe76761523ad9e4dae030cac9b2ef52ea5338015abd7aabc8370e0b559220,RSIM canonical-derived monotone FDIR,30.0,0.4991558274867592,2bf50b710c5028c469736791796328ef22636056,0.6325617283950618,0.6325617283950618,0.9,,4.9762107664719224e-05,0.9,43200.0,10800.0,canonical_wrb_wall_clock,0.20105865103000034,CLOSED_LOOP,TSM-01-v0.4.4-canonical-with-RSIM-wrapper-v1,29961.91323466511,331.5859537765402,320.9716126090253,29961.91323466511,b348f00169c885d3849e406bf8ee33c9e3461c493394179d38bcd5672eae6285,run,970765988.8031496,29961.913234665106,4d5d8f0a04cad72db29f8067faacf7a2815a2ff7137a9d62be31a627ff8fb3c4,rsim-001-smoke.1,non-authoritative representative architecture challenge; not attack or spacecraft validation,2,43200.0,1451993045.840408,5.244337444310077e-07,0,0.0,0.0,True,constant_reference,W0 — constant reference,"[""E1 is a fixed-wall-clock representative environment challenge, not a periodic/steady-state result"",""E1 radiator incidence and Earth-view factors are ASSUMED_EXPLORATORY"",""E1 albedo is a bounded analytic approximation, not a flight environment model""]","{""battery_never_creates_energy"":true,""electrical_balance_closes"":true,""executed_le_design"":true,""executed_le_requested"":true,""fdir_never_increases_power"":true,""finite_state"":true,""housekeeping_priority"":true,""initialization_domination_flag"":false,""no_hidden_clipping"":true,""soc_within_bounds"":true}","[""time_s"",""rng""]"
A0_CROSS_ENVIRONMENT_NOMINAL_FEASIBLE,,,,RSIM-001-smoke,0.0,0.0,1.9405211617844884,1.0,,,,,E0_CANONICAL,8.0,5400.0,970765988.8031496,29961.91323466511,a0351da1be093bbdc0b549a13c9ee76e7bb8e913e9c60035a55144e4cbbe4c27,,,,2bf50b710c5028c469736791796328ef22636056,0.6214650879691159,0.6214650879691159,,,,,43200.0,10800.0,canonical_wrb_wall_clock,,THERMAL_ONLY,TSM-01-v0.4.4-canonical-with-RSIM-wrapper-v1,36774.410468581365,325.99887060492654,315.0373937774255,36774.410468581365,f1e4e90f3f517362d1f0d86129448dbb51a9890353ed63ed0111bae36bf018af,run,970765988.8031496,29961.91323466511,d72f56e049d51081466b7d346d0786669797e4add76101bafbf5f95f7d6cf87f,rsim-001-smoke.1,non-authoritative representative architecture challenge; not attack or spacecraft validation,2,43200.0,,1.7115935406764038e-06,0,0.0,0.0,True,diversified_stochastic,W1 — diversified stochastic,[],"{""battery_never_creates_energy"":true,""electrical_balance_closes"":true,""executed_le_design"":true,""executed_le_requested"":true,""fdir_never_increases_power"":true,""finite_state"":true,""housekeeping_priority"":true,""no_hidden_clipping"":true,""soc_within_bounds"":true}","[""time_s"",""rng""]"
A0_CROSS_ENVIRONMENT_NOMINAL_FEASIBLE,483506639.03008837,553130968.4476376,1036637607.4777259,RSIM-001-smoke,0.0,0.0,1.9405211617844884,1.0,-1.594696004758589e-05,0.001992282126342375,73016164.19861108,0.0,E0_CANONICAL,8.0,5400.0,970765988.8031496,29961.91323466511,a0351da1be093bbdc0b549a13c9ee76e7bb8e913e9c60035a55144e4cbbe4c27,,,0.2228399195924434,2bf50b710c5028c469736791796328ef22636056,0.6214650879691159,0.6214650879691159,0.9,,1.607616650289856e-05,0.9,43200.0,10800.0,canonical_wrb_wall_clock,0.20519737665416676,POWER_CONSTRAINED,TSM-01-v0.4.4-canonical-with-RSIM-wrapper-v1,36774.410468581365,325.99887060492654,315.0373937774255,36774.410468581365,f1e4e90f3f517362d1f0d86129448dbb51a9890353ed63ed0111bae36bf018af,run,970765988.8031496,29961.91323466511,d72f56e049d51081466b7d346d0786669797e4add76101bafbf5f95f7d6cf87f,rsim-001-smoke.1,non-authoritative representative architecture challenge; not attack or spacecraft validation,2,43200.0,1439151157.8947375,1.7115935406764038e-06,0,0.0,0.0,True,diversified_stochastic,W1 — diversified stochastic,[],"{""battery_never_creates_energy"":true,""electrical_balance_closes"":true,""executed_le_design"":true,""executed_le_requested"":true,""fdir_never_increases_power"":true,""finite_state"":true,""housekeeping_priority"":true,""initialization_domination_flag"":false,""no_hidden_clipping"":true,""soc_within_bounds"":true}","[""time_s"",""rng""]"
A0_CROSS_ENVIRONMENT_NOMINAL_FEASIBLE,483506639.03008837,553130968.4476376,1036637607.4777259,RSIM-001-smoke,0.0,0.0,1.9405211617844884,1.0,-1.594696004758589e-05,0.001992282126342375,73016164.19861108,0.0,E0_CANONICAL,8.0,5400.0,970765988.8031496,29961.91323466511,a0351da1be093bbdc0b549a13c9ee76e7bb8e913e9c60035a55144e4cbbe4c27,RSIM canonical-derived monotone FDIR,30.0,0.2228399195924434,2bf50b710c5028c469736791796328ef22636056,0.6214650879691159,0.6214650879691159,0.9,,1.607616650289856e-05,0.9,43200.0,10800.0,canonical_wrb_wall_clock,0.20519737665416676,CLOSED_LOOP,TSM-01-v0.4.4-canonical-with-RSIM-wrapper-v1,36774.410468581365,325.99887060492654,315.0373937774255,36774.410468581365,f1e4e90f3f517362d1f0d86129448dbb51a9890353ed63ed0111bae36bf018af,run,970765988.8031496,29961.91323466511,d72f56e049d51081466b7d346d0786669797e4add76101bafbf5f95f7d6cf87f,rsim-001-smoke.1,non-authoritative representative architecture challenge; not attack or spacecraft validation,2,43200.0,1439151157.8947375,1.7115935406764038e-06,0,0.0,0.0,True,diversified_stochastic,W1 — diversified stochastic,[],"{""battery_never_creates_energy"":true,""electrical_balance_closes"":true,""executed_le_design"":true,""executed_le_requested"":true,""fdir_never_increases_power"":true,""finite_state"":true,""housekeeping_priority"":true,""initialization_domination_flag"":false,""no_hidden_clipping"":true,""soc_within_bounds"":true}","[""time_s"",""rng""]"
A0_CROSS_ENVIRONMENT_NOMINAL_FEASIBLE,,,,RSIM-001-smoke,0.0,0.0,1.8608516923119964,1.0,,,,,E1_REPRESENTATIVE_ANALYTIC_LEO,7.527453229594017,5738.992815014798,970765988.8031496,29961.91323466511,a0351da1be093bbdc0b549a13c9ee76e7bb8e913e9c60035a55144e4cbbe4c27,,,,2bf50b710c5028c469736791796328ef22636056,0.6331708636072049,0.6331708636072049,,,,,43200.0,10800.0,canonical_wrb_wall_clock,,THERMAL_ONLY,TSM-01-v0.4.4-canonical-with-RSIM-wrapper-v1,36774.410468581365,333.4468054688522,322.5120159187776,36774.410468581365,b348f00169c885d3849e406bf8ee33c9e3461c493394179d38bcd5672eae6285,run,970765988.8031496,29961.91323466511,d72f56e049d51081466b7d346d0786669797e4add76101bafbf5f95f7d6cf87f,rsim-001-smoke.1,non-authoritative representative architecture challenge; not attack or spacecraft validation,2,43200.0,,5.154397513251752e-07,0,0.0,0.0,True,diversified_stochastic,W1 — diversified stochastic,"[""E1 is a fixed-wall-clock representative environment challenge, not a periodic/steady-state result"",""E1 radiator incidence and Earth-view factors are ASSUMED_EXPLORATORY"",""E1 albedo is a bounded analytic approximation, not a flight environment model""]","{""battery_never_creates_energy"":true,""electrical_balance_closes"":true,""executed_le_design"":true,""executed_le_requested"":true,""fdir_never_increases_power"":true,""finite_state"":true,""housekeeping_priority"":true,""no_hidden_clipping"":true,""soc_within_bounds"":true}","[""time_s"",""rng""]"
A0_CROSS_ENVIRONMENT_NOMINAL_FEASIBLE,500896145.9562893,540572896.4864049,1041469042.4426942,RSIM-001-smoke,2361061.7236996847,0.0024321636222655687,1.860848379370907,1.0,-1.4884133634041063e-05,0.001992565942326813,59366916.55967744,212000.0,E1_REPRESENTATIVE_ANALYTIC_LEO,7.527453229594017,5738.992815014798,968404927.0794499,29889.04095924228,cc1523321fa2b43746d1cc4a0804baba54cf4fba78ad5dd2ad3e1c905761c464,,,0.5141074276183729,2bf50b710c5028c469736791796328ef22636056,0.6347145933516759,0.6331708636072049,0.9,SYSTEM_POWER_DEFICIT,1.5011735740699805e-05,0.9,43200.0,10800.0,canonical_wrb_wall_clock,0.2,POWER_CONSTRAINED,TSM-01-v0.4.4-canonical-with-RSIM-wrapper-v1,36774.410468581365,333.4468021559111,322.5120130233453,36774.410468581365,b348f00169c885d3849e406bf8ee33c9e3461c493394179d38bcd5672eae6285,run,970765988.8031496,29961.91323466511,d72f56e049d51081466b7d346d0786669797e4add76101bafbf5f95f7d6cf87f,rsim-001-smoke.1,non-authoritative representative architecture challenge; not attack or spacecraft validation,2,43200.0,1451993045.840408,6.599902917514555e-07,0,0.0,0.0,False,diversified_stochastic,W1 — diversified stochastic,"[""E1 is a fixed-wall-clock representative environment challenge, not a periodic/steady-state result"",""E1 radiator incidence and Earth-view factors are ASSUMED_EXPLORATORY"",""E1 albedo is a bounded analytic approximation, not a flight environment model"",""battery initialization-domination diagnostic flagged""]","{""battery_never_creates_energy"":true,""electrical_balance_closes"":true,""executed_le_design"":true,""executed_le_requested"":true,""fdir_never_increases_power"":true,""finite_state"":true,""housekeeping_priority"":true,""initialization_domination_flag"":true,""no_hidden_clipping"":true,""soc_within_bounds"":true}","[""time_s"",""rng""]"
A0_CROSS_ENVIRONMENT_NOMINAL_FEASIBLE,500896145.9562893,540572896.4864049,1041469042.4426942,RSIM-001-smoke,2361061.7236996847,0.0024321636222655687,1.860848379370907,1.0,-1.4884133634041063e-05,0.001992565942326813,59366916.55967744,212000.0,E1_REPRESENTATIVE_ANALYTIC_LEO,7.527453229594017,5738.992815014798,968404927.0794499,29889.04095924228,cc1523321fa2b43746d1cc4a0804baba54cf4fba78ad5dd2ad3e1c905761c464,RSIM canonical-derived monotone FDIR,30.0,0.5141074276183729,2bf50b710c5028c469736791796328ef22636056,0.6347145933516759,0.6331708636072049,0.9,SYSTEM_POWER_DEFICIT,1.5011735740699805e-05,0.9,43200.0,10800.0,canonical_wrb_wall_clock,0.2,CLOSED_LOOP,TSM-01-v0.4.4-canonical-with-RSIM-wrapper-v1,36774.410468581365,333.4468021559111,322.5120130233453,36774.410468581365,b348f00169c885d3849e406bf8ee33c9e3461c493394179d38bcd5672eae6285,run,970765988.8031496,29961.91323466511,d72f56e049d51081466b7d346d0786669797e4add76101bafbf5f95f7d6cf87f,rsim-001-smoke.1,non-authoritative representative architecture challenge; not attack or spacecraft validation,2,43200.0,1451993045.840408,6.599902917514555e-07,0,0.0,0.0,False,diversified_stochastic,W1 — diversified stochastic,"[""E1 is a fixed-wall-clock representative environment challenge, not a periodic/steady-state result"",""E1 radiator incidence and Earth-view factors are ASSUMED_EXPLORATORY"",""E1 albedo is a bounded analytic approximation, not a flight environment model"",""battery initialization-domination diagnostic flagged""]","{""battery_never_creates_energy"":true,""electrical_balance_closes"":true,""executed_le_design"":true,""executed_le_requested"":true,""fdir_never_increases_power"":true,""finite_state"":true,""housekeeping_priority"":true,""initialization_domination_flag"":true,""no_hidden_clipping"":true,""soc_within_bounds"":true}","[""time_s"",""rng""]"
A0_CROSS_ENVIRONMENT_NOMINAL_FEASIBLE,,,,RSIM-001-smoke,0.0,0.0,10.303414420161971,1.0,,,,,E0_CANONICAL,8.0,5400.0,970765988.8031496,29961.913234665106,1503bf882cc3d8dfe5717aca798cbcb53e093a2a10052fbcd71a2fbede4ba08f,,,,2bf50b710c5028c469736791796328ef22636056,0.6211016274498612,0.6211016274498612,,,,,43200.0,10800.0,canonical_wrb_wall_clock,,THERMAL_ONLY,TSM-01-v0.4.4-canonical-with-RSIM-wrapper-v1,39882.20130904672,334.361763863304,321.8074934306737,39882.20130904672,f1e4e90f3f517362d1f0d86129448dbb51a9890353ed63ed0111bae36bf018af,run,970765988.8031496,29961.913234665106,a57d59f976cc46dae540a594874e09579575236fdb79f7f35ad2770d6238d1e9,rsim-001-smoke.1,non-authoritative representative architecture challenge; not attack or spacecraft validation,2,43200.0,,1.517782948212698e-06,0,0.0,0.0,True,bursty_benign,W2 — bursty benign,[],"{""battery_never_creates_energy"":true,""electrical_balance_closes"":true,""executed_le_design"":true,""executed_le_requested"":true,""fdir_never_increases_power"":true,""finite_state"":true,""housekeeping_priority"":true,""no_hidden_clipping"":true,""soc_within_bounds"":true}","[""time_s"",""rng""]"
A0_CROSS_ENVIRONMENT_NOMINAL_FEASIBLE,472688851.1076399,532846193.0371794,1005535044.1448193,RSIM-001-smoke,15443712.493511181,0.015908790245681786,10.299544301235358,1.0,-9.328870874014683e-06,0.001971997350931917,74337114.78751841,1230000.0,E0_CANONICAL,8.0,5400.0,955322276.3096384,29485.255441655503,de777f8f50f5ed719f7a527bad4c88247048c65238a40d62880563ddb96b9406,,,0.31491500400934946,2bf50b710c5028c469736791796328ef22636056,0.6311423385286831,0.6211016274498612,0.9,SYSTEM_POWER_DEFICIT,1.451638490834739e-05,0.9,43200.0,10800.0,canonical_wrb_wall_clock,0.2,POWER_CONSTRAINED,TSM-01-v0.4.4-canonical-with-RSIM-wrapper-v1,39882.20130904672,334.3578937443774,321.80412650809325,39882.20130904672,f1e4e90f3f517362d1f0d86129448dbb51a9890353ed63ed0111bae36bf018af,run,970765988.8031496,29961.913234665106,a57d59f976cc46dae540a594874e09579575236fdb79f7f35ad2770d6238d1e9,rsim-001-smoke.1,non-authoritative representative architecture challenge; not attack or spacecraft validation,2,43200.0,1439151157.8947375,-2.067249170067953e-06,0,0.0,0.0,False,bursty_benign,W2 — bursty benign,"[""battery initialization-domination diagnostic flagged""]","{""battery_never_creates_energy"":true,""electrical_balance_closes"":true,""executed_le_design"":true,""executed_le_requested"":true,""fdir_never_increases_power"":true,""finite_state"":true,""housekeeping_priority"":true,""initialization_domination_flag"":true,""no_hidden_clipping"":true,""soc_within_bounds"":true}","[""time_s"",""rng""]"
A0_CROSS_ENVIRONMENT_NOMINAL_FEASIBLE,472688851.1076399,532846193.0371794,1005535044.1448193,RSIM-001-smoke,15443712.493511181,0.015908790245681786,10.299544301235358,1.0,-9.328870874014683e-06,0.001971997350931917,74337114.78751841,1230000.0,E0_CANONICAL,8.0,5400.0,955322276.3096384,29485.255441655503,de777f8f50f5ed719f7a527bad4c88247048c65238a40d62880563ddb96b9406,RSIM canonical-derived monotone FDIR,30.0,0.31491500400934946,2bf50b710c5028c469736791796328ef22636056,0.6311423385286831,0.6211016274498612,0.9,SYSTEM_POWER_DEFICIT,1.451638490834739e-05,0.9,43200.0,10800.0,canonical_wrb_wall_clock,0.2,CLOSED_LOOP,TSM-01-v0.4.4-canonical-with-RSIM-wrapper-v1,39882.20130904672,334.3578937443774,321.80412650809325,39882.20130904672,f1e4e90f3f517362d1f0d86129448dbb51a9890353ed63ed0111bae36bf018af,run,970765988.8031496,29961.913234665106,a57d59f976cc46dae540a594874e09579575236fdb79f7f35ad2770d6238d1e9,rsim-001-smoke.1,non-authoritative representative architecture challenge; not attack or spacecraft validation,2,43200.0,1439151157.8947375,-2.067249170067953e-06,0,0.0,0.0,False,bursty_benign,W2 — bursty benign,"[""battery initialization-domination diagnostic flagged""]","{""battery_never_creates_energy"":true,""electrical_balance_closes"":true,""executed_le_design"":true,""executed_le_requested"":true,""fdir_never_increases_power"":true,""finite_state"":true,""housekeeping_priority"":true,""initialization_domination_flag"":true,""no_hidden_clipping"":true,""soc_within_bounds"":true}","[""time_s"",""rng""]"
A0_CROSS_ENVIRONMENT_NOMINAL_FEASIBLE,,,,RSIM-001-smoke,0.0,0.0,6.361948911087552,1.0,,,,,E1_REPRESENTATIVE_ANALYTIC_LEO,7.527453229594017,5738.992815014798,970765988.8031496,29961.913234665106,1503bf882cc3d8dfe5717aca798cbcb53e093a2a10052fbcd71a2fbede4ba08f,,,,2bf50b710c5028c469736791796328ef22636056,0.6280943228553963,0.6280943228553963,,,,,43200.0,10800.0,canonical_wrb_wall_clock,,THERMAL_ONLY,TSM-01-v0.4.4-canonical-with-RSIM-wrapper-v1,39882.20130904672,337.94790268762773,325.94252843031154,39882.20130904672,b348f00169c885d3849e406bf8ee33c9e3461c493394179d38bcd5672eae6285,run,970765988.8031496,29961.913234665106,a57d59f976cc46dae540a594874e09579575236fdb79f7f35ad2770d6238d1e9,rsim-001-smoke.1,non-authoritative representative architecture challenge; not attack or spacecraft validation,2,43200.0,,1.6594481166976038e-06,0,0.0,0.0,True,bursty_benign,W2 — bursty benign,"[""E1 is a fixed-wall-clock representative environment challenge, not a periodic/steady-state result"",""E1 radiator incidence and Earth-view factors are ASSUMED_EXPLORATORY"",""E1 albedo is a bounded analytic approximation, not a flight environment model""]","{""battery_never_creates_energy"":true,""electrical_balance_closes"":true,""executed_le_design"":true,""executed_le_requested"":true,""fdir_never_increases_power"":true,""finite_state"":true,""housekeeping_priority"":true,""no_hidden_clipping"":true,""soc_within_bounds"":true}","[""time_s"",""rng""]"
A0_CROSS_ENVIRONMENT_NOMINAL_FEASIBLE,491776242.415624,524995144.09269524,1016771386.5083193,RSIM-001-smoke,18922609.313532256,0.01949245186974649,6.217315432024861,1.0,-3.043913238798268e-06,0.0019769881899331034,66392446.10500462,1610930.210012795,E1_REPRESENTATIVE_ANALYTIC_LEO,7.527453229594017,5738.992815014798,951843379.4896172,29377.882083012875,18a60dc29afe83d5d682fe02c3c6d7fb8e6d84b70f72c74633aed011e2cc6104,,,0.5769158953646908,2bf50b710c5028c469736791796328ef22636056,0.640580813531849,0.6280943228553963,0.9,SYSTEM_POWER_DEFICIT,8.001516107469797e-06,0.9,43200.0,10800.0,canonical_wrb_wall_clock,0.2,POWER_CONSTRAINED,TSM-01-v0.4.4-canonical-with-RSIM-wrapper-v1,39882.20130904672,337.80326920856504,325.8203256239468,39882.20130904672,b348f00169c885d3849e406bf8ee33c9e3461c493394179d38bcd5672eae6285,run,970765988.8031496,29961.913234665106,a57d59f976cc46dae540a594874e09579575236fdb79f7f35ad2770d6238d1e9,rsim-001-smoke.1,non-authoritative representative architecture challenge; not attack or spacecraft validation,2,43200.0,1451993045.840408,1.8068626559397671e-06,0,0.0,0.0,False,bursty_benign,W2 — bursty benign,"[""E1 is a fixed-wall-clock representative environment challenge, not a periodic/steady-state result"",""E1 radiator incidence and Earth-view factors are ASSUMED_EXPLORATORY"",""E1 albedo is a bounded analytic approximation, not a flight environment model"",""battery initialization-domination diagnostic flagged""]","{""battery_never_creates_energy"":true,""electrical_balance_closes"":true,""executed_le_design"":true,""executed_le_requested"":true,""fdir_never_increases_power"":true,""finite_state"":true,""housekeeping_priority"":true,""initialization_domination_flag"":true,""no_hidden_clipping"":true,""soc_within_bounds"":true}","[""time_s"",""rng""]"
A0_CROSS_ENVIRONMENT_NOMINAL_FEASIBLE,491776242.415624,524995144.09269524,1016771386.5083193,RSIM-001-smoke,18922609.313532256,0.01949245186974649,6.217315432024861,1.0,-3.043913238798268e-06,0.0019769881899331034,66392446.10500462,1610930.210012795,E1_REPRESENTATIVE_ANALYTIC_LEO,7.527453229594017,5738.992815014798,951843379.4896172,29377.882083012875,18a60dc29afe83d5d682fe02c3c6d7fb8e6d84b70f72c74633aed011e2cc6104,RSIM canonical-derived monotone FDIR,30.0,0.5769158953646908,2bf50b710c5028c469736791796328ef22636056,0.640580813531849,0.6280943228553963,0.9,SYSTEM_POWER_DEFICIT,8.001516107469797e-06,0.9,43200.0,10800.0,canonical_wrb_wall_clock,0.2,CLOSED_LOOP,TSM-01-v0.4.4-canonical-with-RSIM-wrapper-v1,39882.20130904672,337.80326920856504,325.8203256239468,39882.20130904672,b348f00169c885d3849e406bf8ee33c9e3461c493394179d38bcd5672eae6285,run,970765988.8031496,29961.913234665106,a57d59f976cc46dae540a594874e09579575236fdb79f7f35ad2770d6238d1e9,rsim-001-smoke.1,non-authoritative representative architecture challenge; not attack or spacecraft validation,2,43200.0,1451993045.840408,1.8068626559397671e-06,0,0.0,0.0,False,bursty_benign,W2 — bursty benign,"[""E1 is a fixed-wall-clock representative environment challenge, not a periodic/steady-state result"",""E1 radiator incidence and Earth-view factors are ASSUMED_EXPLORATORY"",""E1 albedo is a bounded analytic approximation, not a flight environment model"",""battery initialization-domination diagnostic flagged""]","{""battery_never_creates_energy"":true,""electrical_balance_closes"":true,""executed_le_design"":true,""executed_le_requested"":true,""fdir_never_increases_power"":true,""finite_state"":true,""housekeeping_priority"":true,""initialization_domination_flag"":true,""no_hidden_clipping"":true,""soc_within_bounds"":true}","[""time_s"",""rng""]"
A0_CROSS_ENVIRONMENT_NOMINAL_FEASIBLE,,,,RSIM-001-smoke,0.0,0.0,8.302041250755167,1.0,,,,,E0_CANONICAL,8.0,5400.0,970765988.8031496,29961.913234665106,c1f197a63e0ae0ace62d8cb77d3090f087e268c6f96850f04a0dde1a64043999,,,,2bf50b710c5028c469736791796328ef22636056,0.6183190246058526,0.6183190246058526,,,,,43200.0,10800.0,canonical_wrb_wall_clock,,THERMAL_ONLY,TSM-01-v0.4.4-canonical-with-RSIM-wrapper-v1,40000.0,332.3603906938972,319.8334244037941,40000.0,f1e4e90f3f517362d1f0d86129448dbb51a9890353ed63ed0111bae36bf018af,run,970765988.8031496,29961.913234665106,1fefdc71e1fd25e8f3dfefaa3f21545fe183e9755c6aa3041b630e5ee24d2c37,rsim-001-smoke.1,non-authoritative representative architecture challenge; not attack or spacecraft validation,2,43200.0,,-1.339462869509589e-06,0,0.0,0.0,True,queue_driven_benign,W3 — queue-driven benign,[],"{""battery_never_creates_energy"":true,""electrical_balance_closes"":true,""executed_le_design"":true,""executed_le_requested"":true,""fdir_never_increases_power"":true,""finite_state"":true,""housekeeping_priority"":true,""no_hidden_clipping"":true,""soc_within_bounds"":true}","[""time_s"",""rng""]"
A0_CROSS_ENVIRONMENT_NOMINAL_FEASIBLE,456968896.9112216,528941584.0237926,985910480.9350142,RSIM-001-smoke,13589350.56696024,0.01399858536835891,8.264581527568623,1.0,-2.790298006516423e-05,0.00196809274191853,89272316.90885484,1991831.007369339,E0_CANONICAL,8.0,5400.0,957176638.2361894,29542.48883445029,60c1241faca5223159c132204b9628c9de6d7cfcd805f7acd2f7fbe575ea4271,,,0.2,2bf50b710c5028c469736791796328ef22636056,0.6270975025292935,0.6183190246058526,0.9,SYSTEM_POWER_DEFICIT,2.7916884420164934e-05,0.9,43200.0,10800.0,canonical_wrb_wall_clock,0.2,POWER_CONSTRAINED,TSM-01-v0.4.4-canonical-with-RSIM-wrapper-v1,40000.0,332.3229309707107,319.8007136396586,40000.0,f1e4e90f3f517362d1f0d86129448dbb51a9890353ed63ed0111bae36bf018af,run,970765988.8031496,29961.913234665106,1fefdc71e1fd25e8f3dfefaa3f21545fe183e9755c6aa3041b630e5ee24d2c37,rsim-001-smoke.1,non-authoritative representative architecture challenge; not attack or spacecraft validation,2,43200.0,1439151157.8947375,-4.3044246922363527e-07,0,0.0,0.0,False,queue_driven_benign,W3 — queue-driven benign,"[""battery initialization-domination diagnostic flagged""]","{""battery_never_creates_energy"":true,""electrical_balance_closes"":true,""executed_le_design"":true,""executed_le_requested"":true,""fdir_never_increases_power"":true,""finite_state"":true,""housekeeping_priority"":true,""initialization_domination_flag"":true,""no_hidden_clipping"":true,""soc_within_bounds"":true}","[""time_s"",""rng""]"
A0_CROSS_ENVIRONMENT_NOMINAL_FEASIBLE,456968896.9112216,528941584.0237926,985910480.9350142,RSIM-001-smoke,13589350.56696024,0.01399858536835891,8.264581527568623,1.0,-2.790298006516423e-05,0.00196809274191853,89272316.90885484,1991831.007369339,E0_CANONICAL,8.0,5400.0,957176638.2361894,29542.48883445029,60c1241faca5223159c132204b9628c9de6d7cfcd805f7acd2f7fbe575ea4271,RSIM canonical-derived monotone FDIR,30.0,0.2,2bf50b710c5028c469736791796328ef22636056,0.6270975025292935,0.6183190246058526,0.9,SYSTEM_POWER_DEFICIT,2.7916884420164934e-05,0.9,43200.0,10800.0,canonical_wrb_wall_clock,0.2,CLOSED_LOOP,TSM-01-v0.4.4-canonical-with-RSIM-wrapper-v1,40000.0,332.3229309707107,319.8007136396586,40000.0,f1e4e90f3f517362d1f0d86129448dbb51a9890353ed63ed0111bae36bf018af,run,970765988.8031496,29961.913234665106,1fefdc71e1fd25e8f3dfefaa3f21545fe183e9755c6aa3041b630e5ee24d2c37,rsim-001-smoke.1,non-authoritative representative architecture challenge; not attack or spacecraft validation,2,43200.0,1439151157.8947375,-4.3044246922363527e-07,0,0.0,0.0,False,queue_driven_benign,W3 — queue-driven benign,"[""battery initialization-domination diagnostic flagged""]","{""battery_never_creates_energy"":true,""electrical_balance_closes"":true,""executed_le_design"":true,""executed_le_requested"":true,""fdir_never_increases_power"":true,""finite_state"":true,""housekeeping_priority"":true,""initialization_domination_flag"":true,""no_hidden_clipping"":true,""soc_within_bounds"":true}","[""time_s"",""rng""]"
A0_CROSS_ENVIRONMENT_NOMINAL_FEASIBLE,,,,RSIM-001-smoke,0.0,0.0,6.4652226614460915,1.0,,,,,E1_REPRESENTATIVE_ANALYTIC_LEO,7.527453229594017,5738.992815014798,970765988.8031496,29961.913234665106,c1f197a63e0ae0ace62d8cb77d3090f087e268c6f96850f04a0dde1a64043999,,,,2bf50b710c5028c469736791796328ef22636056,0.6274453886745954,0.6274453886745954,,,,,43200.0,10800.0,canonical_wrb_wall_clock,,THERMAL_ONLY,TSM-01-v0.4.4-canonical-with-RSIM-wrapper-v1,40000.0,338.05117643798627,325.8290211985156,40000.0,b348f00169c885d3849e406bf8ee33c9e3461c493394179d38bcd5672eae6285,run,970765988.8031496,29961.913234665106,1fefdc71e1fd25e8f3dfefaa3f21545fe183e9755c6aa3041b630e5ee24d2c37,rsim-001-smoke.1,non-authoritative representative architecture challenge; not attack or spacecraft validation,2,43200.0,,2.12895520235179e-06,0,0.0,0.0,True,queue_driven_benign,W3 — queue-driven benign,"[""E1 is a fixed-wall-clock representative environment challenge, not a periodic/steady-state result"",""E1 radiator incidence and Earth-view factors are ASSUMED_EXPLORATORY"",""E1 albedo is a bounded analytic approximation, not a flight environment model""]","{""battery_never_creates_energy"":true,""electrical_balance_closes"":true,""executed_le_design"":true,""executed_le_requested"":true,""fdir_never_increases_power"":true,""finite_state"":true,""housekeeping_priority"":true,""no_hidden_clipping"":true,""soc_within_bounds"":true}","[""time_s"",""rng""]"
A0_CROSS_ENVIRONMENT_NOMINAL_FEASIBLE,479747292.1425028,527022363.70406985,1006769655.8465726,RSIM-001-smoke,10437260.187094213,0.010751571756198666,6.235925071906536,1.0,-2.3167459403339308e-05,0.001979015409544478,79847817.9188332,2106000.0,E1_REPRESENTATIVE_ANALYTIC_LEO,7.527453229594017,5738.992815014798,960328728.6160554,29639.775574569605,bdac45552d849aacd0a5383dbca9e219dbc4803a2b0d69dd48c49f72a1f9a823,,,0.4402068281633129,2bf50b710c5028c469736791796328ef22636056,0.6342647314471758,0.6274453886745954,0.9,SYSTEM_POWER_DEFICIT,2.371203572693048e-05,0.9,43200.0,10800.0,canonical_wrb_wall_clock,0.2,POWER_CONSTRAINED,TSM-01-v0.4.4-canonical-with-RSIM-wrapper-v1,40000.0,337.8218788484467,325.63214389755376,40000.0,b348f00169c885d3849e406bf8ee33c9e3461c493394179d38bcd5672eae6285,run,970765988.8031496,29961.913234665106,1fefdc71e1fd25e8f3dfefaa3f21545fe183e9755c6aa3041b630e5ee24d2c37,rsim-001-smoke.1,non-authoritative representative architecture challenge; not attack or spacecraft validation,2,43200.0,1451993045.840408,1.055610027833609e-06,0,0.0,0.0,False,queue_driven_benign,W3 — queue-driven benign,"[""E1 is a fixed-wall-clock representative environment challenge, not a periodic/steady-state result"",""E1 radiator incidence and Earth-view factors are ASSUMED_EXPLORATORY"",""E1 albedo is a bounded analytic approximation, not a flight environment model"",""battery initialization-domination diagnostic flagged""]","{""battery_never_creates_energy"":true,""electrical_balance_closes"":true,""executed_le_design"":true,""executed_le_requested"":true,""fdir_never_increases_power"":true,""finite_state"":true,""housekeeping_priority"":true,""initialization_domination_flag"":true,""no_hidden_clipping"":true,""soc_within_bounds"":true}","[""time_s"",""rng""]"
A0_CROSS_ENVIRONMENT_NOMINAL_FEASIBLE,479747292.1425028,527022363.70406985,1006769655.8465726,RSIM-001-smoke,10437260.187094213,0.010751571756198666,6.235925071906536,1.0,-2.3167459403339308e-05,0.001979015409544478,79847817.9188332,2106000.0,E1_REPRESENTATIVE_ANALYTIC_LEO,7.527453229594017,5738.992815014798,960328728.6160554,29639.775574569605,bdac45552d849aacd0a5383dbca9e219dbc4803a2b0d69dd48c49f72a1f9a823,RSIM canonical-derived monotone FDIR,30.0,0.4402068281633129,2bf50b710c5028c469736791796328ef22636056,0.6342647314471758,0.6274453886745954,0.9,SYSTEM_POWER_DEFICIT,2.371203572693048e-05,0.9,43200.0,10800.0,canonical_wrb_wall_clock,0.2,CLOSED_LOOP,TSM-01-v0.4.4-canonical-with-RSIM-wrapper-v1,40000.0,337.8218788484467,325.63214389755376,40000.0,b348f00169c885d3849e406bf8ee33c9e3461c493394179d38bcd5672eae6285,run,970765988.8031496,29961.913234665106,1fefdc71e1fd25e8f3dfefaa3f21545fe183e9755c6aa3041b630e5ee24d2c37,rsim-001-smoke.1,non-authoritative representative architecture challenge; not attack or spacecraft validation,2,43200.0,1451993045.840408,1.055610027833609e-06,0,0.0,0.0,False,queue_driven_benign,W3 — queue-driven benign,"[""E1 is a fixed-wall-clock representative environment challenge, not a periodic/steady-state result"",""E1 radiator incidence and Earth-view factors are ASSUMED_EXPLORATORY"",""E1 albedo is a bounded analytic approximation, not a flight environment model"",""battery initialization-domination diagnostic flagged""]","{""battery_never_creates_energy"":true,""electrical_balance_closes"":true,""executed_le_design"":true,""executed_le_requested"":true,""fdir_never_increases_power"":true,""finite_state"":true,""housekeeping_priority"":true,""initialization_domination_flag"":true,""no_hidden_clipping"":true,""soc_within_bounds"":true}","[""time_s"",""rng""]"
A0_CROSS_ENVIRONMENT_NOMINAL_FEASIBLE,,,,RSIM-001-smoke,0.0,0.0,10.424823577119241,1.0,,,,,E0_CANONICAL,8.0,5400.0,970765988.8031496,29961.913234665106,2c9d7c7c6a561b2a6f7931cf0bcbbd89d3d00e2b5c318ab979712959db49129c,,,,2bf50b710c5028c469736791796328ef22636056,0.6863485961600184,0.6863485961600184,,,,,43200.0,10800.0,canonical_wrb_wall_clock,,THERMAL_ONLY,TSM-01-v0.4.4-canonical-with-RSIM-wrapper-v1,39178.507596395044,334.4831730202613,322.11288250847196,39178.507596395044,f1e4e90f3f517362d1f0d86129448dbb51a9890353ed63ed0111bae36bf018af,run,970765988.8031496,29961.913234665106,a7bfbd933298556d667b61fe295277e49a8ad72eb0c8d1facbdbf15d50c29088,rsim-001-smoke.1,non-authoritative representative architecture challenge; not attack or spacecraft validation,2,43200.0,,-5.198808139539324e-07,0,0.0,0.0,True,power_aware_benign,W4 — power-aware benign,[],"{""battery_never_creates_energy"":true,""electrical_balance_closes"":true,""executed_le_design"":true,""executed_le_requested"":true,""fdir_never_increases_power"":true,""finite_state"":true,""housekeeping_priority"":true,""no_hidden_clipping"":true,""soc_within_bounds"":true}","[""time_s"",""power_availability"",""rng""]"
A0_CROSS_ENVIRONMENT_NOMINAL_FEASIBLE,389462049.29261285,447204496.65676105,836666545.949374,RSIM-001-smoke,0.0,0.0,10.424823577119241,1.0,-4.220847404212691e-05,0.0018863556545514984,110053063.61100422,0.0,E0_CANONICAL,8.0,5400.0,970765988.8031496,29961.913234665106,2c9d7c7c6a561b2a6f7931cf0bcbbd89d3d00e2b5c318ab979712959db49129c,,,0.3384020553283822,2bf50b710c5028c469736791796328ef22636056,0.6863485961600184,0.6863485961600184,0.9,,4.231482307659462e-05,0.9,43200.0,10800.0,canonical_wrb_wall_clock,0.33834978887173117,POWER_CONSTRAINED,TSM-01-v0.4.4-canonical-with-RSIM-wrapper-v1,39178.507596395044,334.4831730202613,322.11288250847196,39178.507596395044,f1e4e90f3f517362d1f0d86129448dbb51a9890353ed63ed0111bae36bf018af,run,970765988.8031496,29961.913234665106,a7bfbd933298556d667b61fe295277e49a8ad72eb0c8d1facbdbf15d50c29088,rsim-001-smoke.1,non-authoritative representative architecture challenge; not attack or spacecraft validation,2,43200.0,1439151157.8947375,-5.198808139539324e-07,0,0.0,0.0,True,power_aware_benign,W4 — power-aware benign,[],"{""battery_never_creates_energy"":true,""electrical_balance_closes"":true,""executed_le_design"":true,""executed_le_requested"":true,""fdir_never_increases_power"":true,""finite_state"":true,""housekeeping_priority"":true,""initialization_domination_flag"":false,""no_hidden_clipping"":true,""soc_within_bounds"":true}","[""time_s"",""power_availability"",""rng""]"
A0_CROSS_ENVIRONMENT_NOMINAL_FEASIBLE,389462049.29261285,447204496.65676105,836666545.949374,RSIM-001-smoke,0.0,0.0,10.424823577119241,1.0,-4.220847404212691e-05,0.0018863556545514984,110053063.61100422,0.0,E0_CANONICAL,8.0,5400.0,970765988.8031496,29961.913234665106,2c9d7c7c6a561b2a6f7931cf0bcbbd89d3d00e2b5c318ab979712959db49129c,RSIM canonical-derived monotone FDIR,30.0,0.3384020553283822,2bf50b710c5028c469736791796328ef22636056,0.6863485961600184,0.6863485961600184,0.9,,4.231482307659462e-05,0.9,43200.0,10800.0,canonical_wrb_wall_clock,0.33834978887173117,CLOSED_LOOP,TSM-01-v0.4.4-canonical-with-RSIM-wrapper-v1,39178.507596395044,334.4831730202613,322.11288250847196,39178.507596395044,f1e4e90f3f517362d1f0d86129448dbb51a9890353ed63ed0111bae36bf018af,run,970765988.8031496,29961.913234665106,a7bfbd933298556d667b61fe295277e49a8ad72eb0c8d1facbdbf15d50c29088,rsim-001-smoke.1,non-authoritative representative architecture challenge; not attack or spacecraft validation,2,43200.0,1439151157.8947375,-5.198808139539324e-07,0,0.0,0.0,True,power_aware_benign,W4 — power-aware benign,[],"{""battery_never_creates_energy"":true,""electrical_balance_closes"":true,""executed_le_design"":true,""executed_le_requested"":true,""fdir_never_increases_power"":true,""finite_state"":true,""housekeeping_priority"":true,""initialization_domination_flag"":false,""no_hidden_clipping"":true,""soc_within_bounds"":true}","[""time_s"",""power_availability"",""rng""]"
A0_CROSS_ENVIRONMENT_NOMINAL_FEASIBLE,,,,RSIM-001-smoke,0.0,0.0,10.154200588578533,1.0,,,,,E1_REPRESENTATIVE_ANALYTIC_LEO,7.527453229594017,5738.992815014798,970765988.8031496,29961.913234665106,2c9d7c7c6a561b2a6f7931cf0bcbbd89d3d00e2b5c318ab979712959db49129c,,,,2bf50b710c5028c469736791796328ef22636056,0.6804506713194591,0.6804506713194591,,,,,43200.0,10800.0,canonical_wrb_wall_clock,,THERMAL_ONLY,TSM-01-v0.4.4-canonical-with-RSIM-wrapper-v1,39178.507596395044,341.7401543651187,329.16983113621944,39178.507596395044,b348f00169c885d3849e406bf8ee33c9e3461c493394179d38bcd5672eae6285,run,970765988.8031496,29961.913234665106,a7bfbd933298556d667b61fe295277e49a8ad72eb0c8d1facbdbf15d50c29088,rsim-001-smoke.1,non-authoritative representative architecture challenge; not attack or spacecraft validation,2,43200.0,,1.1999109119642526e-06,0,0.0,0.0,True,power_aware_benign,W4 — power-aware benign,"[""E1 is a fixed-wall-clock representative environment challenge, not a periodic/steady-state result"",""E1 radiator incidence and Earth-view factors are ASSUMED_EXPLORATORY"",""E1 albedo is a bounded analytic approximation, not a flight environment model""]","{""battery_never_creates_energy"":true,""electrical_balance_closes"":true,""executed_le_design"":true,""executed_le_requested"":true,""fdir_never_increases_power"":true,""finite_state"":true,""housekeeping_priority"":true,""no_hidden_clipping"":true,""soc_within_bounds"":true}","[""time_s"",""power_availability"",""rng""]"
A0_CROSS_ENVIRONMENT_NOMINAL_FEASIBLE,462857052.1063018,493130791.7282479,955987843.8345497,RSIM-001-smoke,2089473.3999625205,0.002152396585853422,10.154200588484684,1.0,-3.239765646867454e-05,0.001945123837568656,95270492.1093165,482000.0,E1_REPRESENTATIVE_ANALYTIC_LEO,7.527453229594017,5738.992815014798,968676515.403187,29897.42331491318,a0b5ff0e36d31726e4f806f3c64ad57a1b3505a5593c9f72a5dc8d917e6229e3,,,0.6055602814686902,2bf50b710c5028c469736791796328ef22636056,0.6819184302204963,0.6804506713194591,0.9,SYSTEM_POWER_DEFICIT,3.2568685128353536e-05,0.9,43200.0,10800.0,canonical_wrb_wall_clock,0.2,POWER_CONSTRAINED,TSM-01-v0.4.4-canonical-with-RSIM-wrapper-v1,39178.507596395044,341.74015436502486,329.1698311361391,39178.507596395044,b348f00169c885d3849e406bf8ee33c9e3461c493394179d38bcd5672eae6285,run,970765988.8031496,29961.913234665106,a7bfbd933298556d667b61fe295277e49a8ad72eb0c8d1facbdbf15d50c29088,rsim-001-smoke.1,non-authoritative representative architecture challenge; not attack or spacecraft validation,2,43200.0,1451993045.840408,-1.0922240107902326e-06,0,0.0,0.0,False,power_aware_benign,W4 — power-aware benign,"[""E1 is a fixed-wall-clock representative environment challenge, not a periodic/steady-state result"",""E1 radiator incidence and Earth-view factors are ASSUMED_EXPLORATORY"",""E1 albedo is a bounded analytic approximation, not a flight environment model"",""battery initialization-domination diagnostic flagged""]","{""battery_never_creates_energy"":true,""electrical_balance_closes"":true,""executed_le_design"":true,""executed_le_requested"":true,""fdir_never_increases_power"":true,""finite_state"":true,""housekeeping_priority"":true,""initialization_domination_flag"":true,""no_hidden_clipping"":true,""soc_within_bounds"":true}","[""time_s"",""power_availability"",""rng""]"
A0_CROSS_ENVIRONMENT_NOMINAL_FEASIBLE,462857052.1063018,493130791.7282479,955987843.8345497,RSIM-001-smoke,2089473.3999625205,0.002152396585853422,10.154200588484684,1.0,-3.239765646867454e-05,0.001945123837568656,95270492.1093165,482000.0,E1_REPRESENTATIVE_ANALYTIC_LEO,7.527453229594017,5738.992815014798,968676515.403187,29897.42331491318,a0b5ff0e36d31726e4f806f3c64ad57a1b3505a5593c9f72a5dc8d917e6229e3,RSIM canonical-derived monotone FDIR,30.0,0.6055602814686902,2bf50b710c5028c469736791796328ef22636056,0.6819184302204963,0.6804506713194591,0.9,SYSTEM_POWER_DEFICIT,3.2568685128353536e-05,0.9,43200.0,10800.0,canonical_wrb_wall_clock,0.2,CLOSED_LOOP,TSM-01-v0.4.4-canonical-with-RSIM-wrapper-v1,39178.507596395044,341.74015436502486,329.1698311361391,39178.507596395044,b348f00169c885d3849e406bf8ee33c9e3461c493394179d38bcd5672eae6285,run,970765988.8031496,29961.913234665106,a7bfbd933298556d667b61fe295277e49a8ad72eb0c8d1facbdbf15d50c29088,rsim-001-smoke.1,non-authoritative representative architecture challenge; not attack or spacecraft validation,2,43200.0,1451993045.840408,-1.0922240107902326e-06,0,0.0,0.0,False,power_aware_benign,W4 — power-aware benign,"[""E1 is a fixed-wall-clock representative environment challenge, not a periodic/steady-state result"",""E1 radiator incidence and Earth-view factors are ASSUMED_EXPLORATORY"",""E1 albedo is a bounded analytic approximation, not a flight environment model"",""battery initialization-domination diagnostic flagged""]","{""battery_never_creates_energy"":true,""electrical_balance_closes"":true,""executed_le_design"":true,""executed_le_requested"":true,""fdir_never_increases_power"":true,""finite_state"":true,""housekeeping_priority"":true,""initialization_domination_flag"":true,""no_hidden_clipping"":true,""soc_within_bounds"":true}","[""time_s"",""power_availability"",""rng""]"
A0_CROSS_ENVIRONMENT_NOMINAL_FEASIBLE,,,,RSIM-001-smoke,0.0,0.0,17.368856279597367,1.0,,,,,E0_CANONICAL,8.0,5400.0,970765988.8031496,29961.913234665106,62e66731d0a03b0e2f57c9c19c18b74d4d9348c8dc71b654bf2e09093515d5f7,,,,2bf50b710c5028c469736791796328ef22636056,0.825770302007264,0.825770302007264,,,,,43200.0,10800.0,canonical_wrb_wall_clock,,THERMAL_ONLY,TSM-01-v0.4.4-canonical-with-RSIM-wrapper-v1,40000.0,341.4272057227394,327.7390354730782,40000.0,f1e4e90f3f517362d1f0d86129448dbb51a9890353ed63ed0111bae36bf018af,run,970765988.8031496,29961.913234665106,ac08da4b4153414ac9752da3b32c1b2e30f55279c6389abb5ccd89cd01df0425,rsim-001-smoke.1,non-authoritative representative architecture challenge; not attack or spacecraft validation,2,43200.0,,-1.1044612620025873e-06,0,0.0,0.0,True,phase_shaped_candidate,W5 — phase-shaped adversarial candidate,[],"{""battery_never_creates_energy"":true,""electrical_balance_closes"":true,""executed_le_design"":true,""executed_le_requested"":true,""fdir_never_increases_power"":true,""finite_state"":true,""housekeeping_priority"":true,""no_hidden_clipping"":true,""soc_within_bounds"":true}","[""time_s"",""hot_mask"",""rng""]"
A0_CROSS_ENVIRONMENT_NOMINAL_FEASIBLE,237686717.44409698,271682948.427375,509369665.871472,RSIM-001-smoke,0.0,0.0,17.368856279597367,1.0,-3.924769043806009e-05,0.0017108341063221126,66726509.88263126,0.0,E0_CANONICAL,8.0,5400.0,970765988.8031496,29961.913234665106,62e66731d0a03b0e2f57c9c19c18b74d4d9348c8dc71b654bf2e09093515d5f7,,,0.5693556591668615,2bf50b710c5028c469736791796328ef22636056,0.825770302007264,0.825770302007264,0.9,,3.945713433495257e-05,0.9,43200.0,10800.0,canonical_wrb_wall_clock,0.5691872155485963,POWER_CONSTRAINED,TSM-01-v0.4.4-canonical-with-RSIM-wrapper-v1,40000.0,341.4272057227394,327.7390354730782,40000.0,f1e4e90f3f517362d1f0d86129448dbb51a9890353ed63ed0111bae36bf018af,run,970765988.8031496,29961.913234665106,ac08da4b4153414ac9752da3b32c1b2e30f55279c6389abb5ccd89cd01df0425,rsim-001-smoke.1,non-authoritative representative architecture challenge; not attack or spacecraft validation,2,43200.0,1439151157.8947375,-1.1044612620025873e-06,0,0.0,0.0,True,phase_shaped_candidate,W5 — phase-shaped adversarial candidate,[],"{""battery_never_creates_energy"":true,""electrical_balance_closes"":true,""executed_le_design"":true,""executed_le_requested"":true,""fdir_never_increases_power"":true,""finite_state"":true,""housekeeping_priority"":true,""initialization_domination_flag"":false,""no_hidden_clipping"":true,""soc_within_bounds"":true}","[""time_s"",""hot_mask"",""rng""]"
A0_CROSS_ENVIRONMENT_NOMINAL_FEASIBLE,237686717.44409698,271682948.427375,509369665.871472,RSIM-001-smoke,0.0,0.0,17.368856279597367,1.0,-3.924769043806009e-05,0.0017108341063221126,66726509.88263126,0.0,E0_CANONICAL,8.0,5400.0,970765988.8031496,29961.913234665106,62e66731d0a03b0e2f57c9c19c18b74d4d9348c8dc71b654bf2e09093515d5f7,RSIM canonical-derived monotone FDIR,30.0,0.5693556591668615,2bf50b710c5028c469736791796328ef22636056,0.825770302007264,0.825770302007264,0.9,,3.945713433495257e-05,0.9,43200.0,10800.0,canonical_wrb_wall_clock,0.5691872155485963,CLOSED_LOOP,TSM-01-v0.4.4-canonical-with-RSIM-wrapper-v1,40000.0,341.4272057227394,327.7390354730782,40000.0,f1e4e90f3f517362d1f0d86129448dbb51a9890353ed63ed0111bae36bf018af,run,970765988.8031496,29961.913234665106,ac08da4b4153414ac9752da3b32c1b2e30f55279c6389abb5ccd89cd01df0425,rsim-001-smoke.1,non-authoritative representative architecture challenge; not attack or spacecraft validation,2,43200.0,1439151157.8947375,-1.1044612620025873e-06,0,0.0,0.0,True,phase_shaped_candidate,W5 — phase-shaped adversarial candidate,[],"{""battery_never_creates_energy"":true,""electrical_balance_closes"":true,""executed_le_design"":true,""executed_le_requested"":true,""fdir_never_increases_power"":true,""finite_state"":true,""housekeeping_priority"":true,""initialization_domination_flag"":false,""no_hidden_clipping"":true,""soc_within_bounds"":true}","[""time_s"",""hot_mask"",""rng""]"
A0_CROSS_ENVIRONMENT_NOMINAL_FEASIBLE,,,,RSIM-001-smoke,0.0,0.0,16.740454785236977,1.0,,,,,E1_REPRESENTATIVE_ANALYTIC_LEO,7.527453229594017,5738.992815014798,970765988.8031496,29961.913234665106,62e66731d0a03b0e2f57c9c19c18b74d4d9348c8dc71b654bf2e09093515d5f7,,,,2bf50b710c5028c469736791796328ef22636056,0.7670501435446435,0.7670501435446435,,,,,43200.0,10800.0,canonical_wrb_wall_clock,,THERMAL_ONLY,TSM-01-v0.4.4-canonical-with-RSIM-wrapper-v1,40000.0,348.32640856177716,334.4538137376636,40000.0,b348f00169c885d3849e406bf8ee33c9e3461c493394179d38bcd5672eae6285,run,970765988.8031496,29961.913234665106,ac08da4b4153414ac9752da3b32c1b2e30f55279c6389abb5ccd89cd01df0425,rsim-001-smoke.1,non-authoritative representative architecture challenge; not attack or spacecraft validation,2,43200.0,,1.1779075066442601e-06,0,144.0,0.0,True,phase_shaped_candidate,W5 — phase-shaped adversarial candidate,"[""E1 is a fixed-wall-clock representative environment challenge, not a periodic/steady-state result"",""E1 radiator incidence and Earth-view factors are ASSUMED_EXPLORATORY"",""E1 albedo is a bounded analytic approximation, not a flight environment model""]","{""battery_never_creates_energy"":true,""electrical_balance_closes"":true,""executed_le_design"":true,""executed_le_requested"":true,""fdir_never_increases_power"":true,""finite_state"":true,""housekeeping_priority"":true,""no_hidden_clipping"":true,""soc_within_bounds"":true}","[""time_s"",""hot_mask"",""rng""]"
A0_CROSS_ENVIRONMENT_NOMINAL_FEASIBLE,383326197.28471303,403613755.1813844,786939952.4660974,RSIM-001-smoke,0.0,0.0,16.740454785236977,1.0,-1.7474269043304957e-05,0.0018556068010217924,57218276.28487983,716000.0,E1_REPRESENTATIVE_ANALYTIC_LEO,7.527453229594017,5738.992815014798,970765988.8031496,29961.913234665106,3c61c36c213ba29678748b590b85dade86838ec46bf4ed4ef101d71c2178b3af,,,0.7026850031946155,2bf50b710c5028c469736791796328ef22636056,0.7670501435446435,0.7670501435446435,0.9,SYSTEM_POWER_DEFICIT,1.7668015061644837e-05,0.9,43200.0,10800.0,canonical_wrb_wall_clock,0.2,POWER_CONSTRAINED,TSM-01-v0.4.4-canonical-with-RSIM-wrapper-v1,40000.0,348.32640856177716,334.4538137376636,40000.0,b348f00169c885d3849e406bf8ee33c9e3461c493394179d38bcd5672eae6285,run,970765988.8031496,29961.913234665106,ac08da4b4153414ac9752da3b32c1b2e30f55279c6389abb5ccd89cd01df0425,rsim-001-smoke.1,non-authoritative representative architecture challenge; not attack or spacecraft validation,2,43200.0,1451993045.840408,3.917399226338603e-06,0,144.0,0.0,False,phase_shaped_candidate,W5 — phase-shaped adversarial candidate,"[""E1 is a fixed-wall-clock representative environment challenge, not a periodic/steady-state result"",""E1 radiator incidence and Earth-view factors are ASSUMED_EXPLORATORY"",""E1 albedo is a bounded analytic approximation, not a flight environment model"",""battery initialization-domination diagnostic flagged""]","{""battery_never_creates_energy"":true,""electrical_balance_closes"":true,""executed_le_design"":true,""executed_le_requested"":true,""fdir_never_increases_power"":true,""finite_state"":true,""housekeeping_priority"":true,""initialization_domination_flag"":true,""no_hidden_clipping"":true,""soc_within_bounds"":true}","[""time_s"",""hot_mask"",""rng""]"
A0_CROSS_ENVIRONMENT_NOMINAL_FEASIBLE,383326197.28471327,403613755.1813844,786939952.4660976,RSIM-001-smoke,2370916.72316997,0.002442315398887281,16.611332147472467,1.0,-1.7271728211198933e-05,0.0018556068010217924,59589193.00804959,716000.0,E1_REPRESENTATIVE_ANALYTIC_LEO,7.527453229594017,5738.992815014798,968395072.0799795,29888.73679259196,9cd68333ac380d3a2bf0868f387186db74be2738146593022866299cb7de412c,RSIM canonical-derived monotone FDIR,30.0,0.7026850031946155,2bf50b710c5028c469736791796328ef22636056,0.7664798135974417,0.7670501435446435,0.9,SYSTEM_POWER_DEFICIT,1.7465474229538813e-05,0.9,43200.0,10800.0,canonical_wrb_wall_clock,0.2,CLOSED_LOOP,TSM-01-v0.4.4-canonical-with-RSIM-wrapper-v1,40000.0,348.19728592401265,334.41982618385634,40000.0,b348f00169c885d3849e406bf8ee33c9e3461c493394179d38bcd5672eae6285,run,970765988.8031496,29961.913234665106,ac08da4b4153414ac9752da3b32c1b2e30f55279c6389abb5ccd89cd01df0425,rsim-001-smoke.1,non-authoritative representative architecture challenge; not attack or spacecraft validation,2,43200.0,1451993045.840408,3.275690232840134e-06,1,31.0,85.0,False,phase_shaped_candidate,W5 — phase-shaped adversarial candidate,"[""E1 is a fixed-wall-clock representative environment challenge, not a periodic/steady-state result"",""E1 radiator incidence and Earth-view factors are ASSUMED_EXPLORATORY"",""E1 albedo is a bounded analytic approximation, not a flight environment model"",""battery initialization-domination diagnostic flagged""]","{""battery_never_creates_energy"":true,""electrical_balance_closes"":true,""executed_le_design"":true,""executed_le_requested"":true,""fdir_never_increases_power"":true,""finite_state"":true,""housekeeping_priority"":true,""initialization_domination_flag"":true,""no_hidden_clipping"":true,""soc_within_bounds"":true}","[""time_s"",""hot_mask"",""rng""]"
A0_CROSS_ENVIRONMENT_NOMINAL_FEASIBLE,,,,RSIM-001-smoke,0.0,0.0,0.0,1.0,,,,,E0_CANONICAL,8.0,5400.0,970636845.9512335,29957.927344173884,236fa2c3208e920eb12cffe1392d90d8dd87c57bd3b0da823df8dd63a29ec5fe,,,,2bf50b710c5028c469736791796328ef22636056,0.62,0.62,,,,,43200.0,10800.0,canonical_wrb_wall_clock,,THERMAL_ONLY,TSM-01-v0.4.4-canonical-with-RSIM-wrapper-v1,29957.927344173873,324.05017019761067,313.4845129241173,29957.927344173873,f1e4e90f3f517362d1f0d86129448dbb51a9890353ed63ed0111bae36bf018af,run,970636845.9512335,29957.927344173884,3b7462c88e773ce4e00bc8a38ac051614638fa57e798c17e06ef6a70c9d51782,rsim-001-smoke.1,non-authoritative representative architecture challenge; not attack or spacecraft validation,3,43200.0,,-6.502626547444379e-06,0,0.0,0.0,True,constant_reference,W0 — constant reference,[],"{""battery_never_creates_energy"":true,""electrical_balance_closes"":true,""executed_le_design"":true,""executed_le_requested"":true,""fdir_never_increases_power"":true,""finite_state"":true,""housekeeping_priority"":true,""no_hidden_clipping"":true,""soc_within_bounds"":true}","[""time_s"",""rng""]"
A0_CROSS_ENVIRONMENT_NOMINAL_FEASIBLE,483203861.443913,552232984.5073246,1035436845.9512376,RSIM-001-smoke,0.0,0.0,0.0,1.0,-1.5818346582818776e-05,0.001991384142402062,74554388.28321223,0.0,E0_CANONICAL,8.0,5400.0,970636845.9512335,29957.927344173884,236fa2c3208e920eb12cffe1392d90d8dd87c57bd3b0da823df8dd63a29ec5fe,,,0.22862884403878883,2bf50b710c5028c469736791796328ef22636056,0.62,0.62,0.9,,1.8416169041302055e-05,0.9,43200.0,10800.0,canonical_wrb_wall_clock,0.22862884403878883,POWER_CONSTRAINED,TSM-01-v0.4.4-canonical-with-RSIM-wrapper-v1,29957.927344173873,324.05017019761067,313.4845129241173,29957.927344173873,f1e4e90f3f517362d1f0d86129448dbb51a9890353ed63ed0111bae36bf018af,run,970636845.9512335,29957.927344173884,3b7462c88e773ce4e00bc8a38ac051614638fa57e798c17e06ef6a70c9d51782,rsim-001-smoke.1,non-authoritative representative architecture challenge; not attack or spacecraft validation,3,43200.0,1439151157.8947375,-6.502626547444379e-06,0,0.0,0.0,True,constant_reference,W0 — constant reference,[],"{""battery_never_creates_energy"":true,""electrical_balance_closes"":true,""executed_le_design"":true,""executed_le_requested"":true,""fdir_never_increases_power"":true,""finite_state"":true,""housekeeping_priority"":true,""initialization_domination_flag"":false,""no_hidden_clipping"":true,""soc_within_bounds"":true}","[""time_s"",""rng""]"
A0_CROSS_ENVIRONMENT_NOMINAL_FEASIBLE,483203861.443913,552232984.5073246,1035436845.9512376,RSIM-001-smoke,0.0,0.0,0.0,1.0,-1.5818346582818776e-05,0.001991384142402062,74554388.28321223,0.0,E0_CANONICAL,8.0,5400.0,970636845.9512335,29957.927344173884,236fa2c3208e920eb12cffe1392d90d8dd87c57bd3b0da823df8dd63a29ec5fe,RSIM canonical-derived monotone FDIR,30.0,0.22862884403878883,2bf50b710c5028c469736791796328ef22636056,0.62,0.62,0.9,,1.8416169041302055e-05,0.9,43200.0,10800.0,canonical_wrb_wall_clock,0.22862884403878883,CLOSED_LOOP,TSM-01-v0.4.4-canonical-with-RSIM-wrapper-v1,29957.927344173873,324.05017019761067,313.4845129241173,29957.927344173873,f1e4e90f3f517362d1f0d86129448dbb51a9890353ed63ed0111bae36bf018af,run,970636845.9512335,29957.927344173884,3b7462c88e773ce4e00bc8a38ac051614638fa57e798c17e06ef6a70c9d51782,rsim-001-smoke.1,non-authoritative representative architecture challenge; not attack or spacecraft validation,3,43200.0,1439151157.8947375,-6.502626547444379e-06,0,0.0,0.0,True,constant_reference,W0 — constant reference,[],"{""battery_never_creates_energy"":true,""electrical_balance_closes"":true,""executed_le_design"":true,""executed_le_requested"":true,""fdir_never_increases_power"":true,""finite_state"":true,""housekeeping_priority"":true,""initialization_domination_flag"":false,""no_hidden_clipping"":true,""soc_within_bounds"":true}","[""time_s"",""rng""]"
A0_CROSS_ENVIRONMENT_NOMINAL_FEASIBLE,,,,RSIM-001-smoke,0.0,0.0,0.0,1.0,,,,,E1_REPRESENTATIVE_ANALYTIC_LEO,7.527453229594017,5738.992815014798,970636845.9512335,29957.927344173884,236fa2c3208e920eb12cffe1392d90d8dd87c57bd3b0da823df8dd63a29ec5fe,,,,2bf50b710c5028c469736791796328ef22636056,0.6325617283950616,0.6325617283950616,,,,,43200.0,10800.0,canonical_wrb_wall_clock,,THERMAL_ONLY,TSM-01-v0.4.4-canonical-with-RSIM-wrapper-v1,29957.927344173873,331.57819789529736,320.96518654065875,29957.927344173873,b348f00169c885d3849e406bf8ee33c9e3461c493394179d38bcd5672eae6285,run,970636845.9512335,29957.927344173884,3b7462c88e773ce4e00bc8a38ac051614638fa57e798c17e06ef6a70c9d51782,rsim-001-smoke.1,non-authoritative representative architecture challenge; not attack or spacecraft validation,3,43200.0,,4.923422238789499e-07,0,0.0,0.0,True,constant_reference,W0 — constant reference,"[""E1 is a fixed-wall-clock representative environment challenge, not a periodic/steady-state result"",""E1 radiator incidence and Earth-view factors are ASSUMED_EXPLORATORY"",""E1 albedo is a bounded analytic approximation, not a flight environment model""]","{""battery_never_creates_energy"":true,""electrical_balance_closes"":true,""executed_le_design"":true,""executed_le_requested"":true,""fdir_never_increases_power"":true,""finite_state"":true,""housekeeping_priority"":true,""no_hidden_clipping"":true,""soc_within_bounds"":true}","[""time_s"",""rng""]"
A0_CROSS_ENVIRONMENT_NOMINAL_FEASIBLE,502984136.4737779,544193042.7860008,1047177179.2597787,RSIM-001-smoke,0.0,0.0,0.0,1.0,-1.65931269293651e-05,0.0019961860886264092,58936989.45692541,0.0,E1_REPRESENTATIVE_ANALYTIC_LEO,7.527453229594017,5738.992815014798,970636845.9512335,29957.927344173884,236fa2c3208e920eb12cffe1392d90d8dd87c57bd3b0da823df8dd63a29ec5fe,,,0.49920581576391243,2bf50b710c5028c469736791796328ef22636056,0.6325617283950616,0.6325617283950616,0.9,,1.754722325131297e-05,0.9,43200.0,10800.0,canonical_wrb_wall_clock,0.20114581426259925,POWER_CONSTRAINED,TSM-01-v0.4.4-canonical-with-RSIM-wrapper-v1,29957.927344173873,331.57819789529736,320.96518654065875,29957.927344173873,b348f00169c885d3849e406bf8ee33c9e3461c493394179d38bcd5672eae6285,run,970636845.9512335,29957.927344173884,3b7462c88e773ce4e00bc8a38ac051614638fa57e798c17e06ef6a70c9d51782,rsim-001-smoke.1,non-authoritative representative architecture challenge; not attack or spacecraft validation,3,43200.0,1451993045.840408,4.923422238789499e-07,0,0.0,0.0,True,constant_reference,W0 — constant reference,"[""E1 is a fixed-wall-clock representative environment challenge, not a periodic/steady-state result"",""E1 radiator incidence and Earth-view factors are ASSUMED_EXPLORATORY"",""E1 albedo is a bounded analytic approximation, not a flight environment model""]","{""battery_never_creates_energy"":true,""electrical_balance_closes"":true,""executed_le_design"":true,""executed_le_requested"":true,""fdir_never_increases_power"":true,""finite_state"":true,""housekeeping_priority"":true,""initialization_domination_flag"":false,""no_hidden_clipping"":true,""soc_within_bounds"":true}","[""time_s"",""rng""]"
A0_CROSS_ENVIRONMENT_NOMINAL_FEASIBLE,502984136.4737779,544193042.7860008,1047177179.2597787,RSIM-001-smoke,0.0,0.0,0.0,1.0,-1.65931269293651e-05,0.0019961860886264092,58936989.45692541,0.0,E1_REPRESENTATIVE_ANALYTIC_LEO,7.527453229594017,5738.992815014798,970636845.9512335,29957.927344173884,236fa2c3208e920eb12cffe1392d90d8dd87c57bd3b0da823df8dd63a29ec5fe,RSIM canonical-derived monotone FDIR,30.0,0.49920581576391243,2bf50b710c5028c469736791796328ef22636056,0.6325617283950616,0.6325617283950616,0.9,,1.754722325131297e-05,0.9,43200.0,10800.0,canonical_wrb_wall_clock,0.20114581426259925,CLOSED_LOOP,TSM-01-v0.4.4-canonical-with-RSIM-wrapper-v1,29957.927344173873,331.57819789529736,320.96518654065875,29957.927344173873,b348f00169c885d3849e406bf8ee33c9e3461c493394179d38bcd5672eae6285,run,970636845.9512335,29957.927344173884,3b7462c88e773ce4e00bc8a38ac051614638fa57e798c17e06ef6a70c9d51782,rsim-001-smoke.1,non-authoritative representative architecture challenge; not attack or spacecraft validation,3,43200.0,1451993045.840408,4.923422238789499e-07,0,0.0,0.0,True,constant_reference,W0 — constant reference,"[""E1 is a fixed-wall-clock representative environment challenge, not a periodic/steady-state result"",""E1 radiator incidence and Earth-view factors are ASSUMED_EXPLORATORY"",""E1 albedo is a bounded analytic approximation, not a flight environment model""]","{""battery_never_creates_energy"":true,""electrical_balance_closes"":true,""executed_le_design"":true,""executed_le_requested"":true,""fdir_never_increases_power"":true,""finite_state"":true,""housekeeping_priority"":true,""initialization_domination_flag"":false,""no_hidden_clipping"":true,""soc_within_bounds"":true}","[""time_s"",""rng""]"
A0_CROSS_ENVIRONMENT_NOMINAL_FEASIBLE,,,,RSIM-001-smoke,0.0,0.0,1.8620926678338492,1.0,,,,,E0_CANONICAL,8.0,5400.0,970636845.9512335,29957.92734417387,7a34be8f38281add725a9dff26b7b502594577b8724991ba6a1c21af3b5cd2f2,,,,2bf50b710c5028c469736791796328ef22636056,0.6213919310990089,0.6213919310990089,,,,,43200.0,10800.0,canonical_wrb_wall_clock,,THERMAL_ONLY,TSM-01-v0.4.4-canonical-with-RSIM-wrapper-v1,36578.739888566626,325.9122628654445,315.03180677329124,36578.739888566626,f1e4e90f3f517362d1f0d86129448dbb51a9890353ed63ed0111bae36bf018af,run,970636845.9512335,29957.92734417387,a198339af0d10119a6da5d3dc07e21fadba7af2d0ef7465c45fd0984c2e58a73,rsim-001-smoke.1,non-authoritative representative architecture challenge; not attack or spacecraft validation,3,43200.0,,-2.4348082661163062e-08,0,0.0,0.0,True,diversified_stochastic,W1 — diversified stochastic,[],"{""battery_never_creates_energy"":true,""electrical_balance_closes"":true,""executed_le_design"":true,""executed_le_requested"":true,""fdir_never_increases_power"":true,""finite_state"":true,""housekeeping_priority"":true,""no_hidden_clipping"":true,""soc_within_bounds"":true}","[""time_s"",""rng""]"
A0_CROSS_ENVIRONMENT_NOMINAL_FEASIBLE,483782601.96638143,553027827.8483452,1036810429.8147266,RSIM-001-smoke,0.0,0.0,1.8620926678338492,1.0,-1.609974424354732e-05,0.0019921789857430825,72939855.55138583,0.0,E0_CANONICAL,8.0,5400.0,970636845.9512335,29957.92734417387,7a34be8f38281add725a9dff26b7b502594577b8724991ba6a1c21af3b5cd2f2,,,0.22652704710645052,2bf50b710c5028c469736791796328ef22636056,0.6213919310990089,0.6213919310990089,0.9,,1.6202946426346898e-05,0.9,43200.0,10800.0,canonical_wrb_wall_clock,0.207481938279395,POWER_CONSTRAINED,TSM-01-v0.4.4-canonical-with-RSIM-wrapper-v1,36578.739888566626,325.9122628654445,315.03180677329124,36578.739888566626,f1e4e90f3f517362d1f0d86129448dbb51a9890353ed63ed0111bae36bf018af,run,970636845.9512335,29957.92734417387,a198339af0d10119a6da5d3dc07e21fadba7af2d0ef7465c45fd0984c2e58a73,rsim-001-smoke.1,non-authoritative representative architecture challenge; not attack or spacecraft validation,3,43200.0,1439151157.8947375,-2.4348082661163062e-08,0,0.0,0.0,True,diversified_stochastic,W1 — diversified stochastic,[],"{""battery_never_creates_energy"":true,""electrical_balance_closes"":true,""executed_le_design"":true,""executed_le_requested"":true,""fdir_never_increases_power"":true,""finite_state"":true,""housekeeping_priority"":true,""initialization_domination_flag"":false,""no_hidden_clipping"":true,""soc_within_bounds"":true}","[""time_s"",""rng""]"
A0_CROSS_ENVIRONMENT_NOMINAL_FEASIBLE,483782601.96638143,553027827.8483452,1036810429.8147266,RSIM-001-smoke,0.0,0.0,1.8620926678338492,1.0,-1.609974424354732e-05,0.0019921789857430825,72939855.55138583,0.0,E0_CANONICAL,8.0,5400.0,970636845.9512335,29957.92734417387,7a34be8f38281add725a9dff26b7b502594577b8724991ba6a1c21af3b5cd2f2,RSIM canonical-derived monotone FDIR,30.0,0.22652704710645052,2bf50b710c5028c469736791796328ef22636056,0.6213919310990089,0.6213919310990089,0.9,,1.6202946426346898e-05,0.9,43200.0,10800.0,canonical_wrb_wall_clock,0.207481938279395,CLOSED_LOOP,TSM-01-v0.4.4-canonical-with-RSIM-wrapper-v1,36578.739888566626,325.9122628654445,315.03180677329124,36578.739888566626,f1e4e90f3f517362d1f0d86129448dbb51a9890353ed63ed0111bae36bf018af,run,970636845.9512335,29957.92734417387,a198339af0d10119a6da5d3dc07e21fadba7af2d0ef7465c45fd0984c2e58a73,rsim-001-smoke.1,non-authoritative representative architecture challenge; not attack or spacecraft validation,3,43200.0,1439151157.8947375,-2.4348082661163062e-08,0,0.0,0.0,True,diversified_stochastic,W1 — diversified stochastic,[],"{""battery_never_creates_energy"":true,""electrical_balance_closes"":true,""executed_le_design"":true,""executed_le_requested"":true,""fdir_never_increases_power"":true,""finite_state"":true,""housekeeping_priority"":true,""initialization_domination_flag"":false,""no_hidden_clipping"":true,""soc_within_bounds"":true}","[""time_s"",""rng""]"
A0_CROSS_ENVIRONMENT_NOMINAL_FEASIBLE,,,,RSIM-001-smoke,0.0,0.0,1.9371466056798567,1.0,,,,,E1_REPRESENTATIVE_ANALYTIC_LEO,7.527453229594017,5738.992815014798,970636845.9512335,29957.92734417387,7a34be8f38281add725a9dff26b7b502594577b8724991ba6a1c21af3b5cd2f2,,,,2bf50b710c5028c469736791796328ef22636056,0.6331428858066313,0.6331428858066313,,,,,43200.0,10800.0,canonical_wrb_wall_clock,,THERMAL_ONLY,TSM-01-v0.4.4-canonical-with-RSIM-wrapper-v1,36578.739888566626,333.5153445009772,322.55143422441535,36578.739888566626,b348f00169c885d3849e406bf8ee33c9e3461c493394179d38bcd5672eae6285,run,970636845.9512335,29957.92734417387,a198339af0d10119a6da5d3dc07e21fadba7af2d0ef7465c45fd0984c2e58a73,rsim-001-smoke.1,non-authoritative representative architecture challenge; not attack or spacecraft validation,3,43200.0,,-2.4141036192304455e-07,0,0.0,0.0,True,diversified_stochastic,W1 — diversified stochastic,"[""E1 is a fixed-wall-clock representative environment challenge, not a periodic/steady-state result"",""E1 radiator incidence and Earth-view factors are ASSUMED_EXPLORATORY"",""E1 albedo is a bounded analytic approximation, not a flight environment model""]","{""battery_never_creates_energy"":true,""electrical_balance_closes"":true,""executed_le_design"":true,""executed_le_requested"":true,""fdir_never_increases_power"":true,""finite_state"":true,""housekeeping_priority"":true,""no_hidden_clipping"":true,""soc_within_bounds"":true}","[""time_s"",""rng""]"
A0_CROSS_ENVIRONMENT_NOMINAL_FEASIBLE,500768457.2546499,540419836.6534014,1041188293.9080513,RSIM-001-smoke,2367467.9504770343,0.002439087244990059,1.9371432955266528,1.0,-1.587102815392427e-05,0.0019924128824938096,59724857.22241269,214000.0,E1_REPRESENTATIVE_ANALYTIC_LEO,7.527453229594017,5738.992815014798,968269378.0007565,29884.85734570236,64b6c8c94115e2ab2ac282b706e075b8418d1af6675790fc1ec7254486832148,,,0.5143541850018758,2bf50b710c5028c469736791796328ef22636056,0.6346909524131727,0.6331428858066313,0.9,SYSTEM_POWER_DEFICIT,1.5896726836217567e-05,0.9,43200.0,10800.0,canonical_wrb_wall_clock,0.2,POWER_CONSTRAINED,TSM-01-v0.4.4-canonical-with-RSIM-wrapper-v1,36578.739888566626,333.515341190824,322.55143140042327,36578.739888566626,b348f00169c885d3849e406bf8ee33c9e3461c493394179d38bcd5672eae6285,run,970636845.9512335,29957.92734417387,a198339af0d10119a6da5d3dc07e21fadba7af2d0ef7465c45fd0984c2e58a73,rsim-001-smoke.1,non-authoritative representative architecture challenge; not attack or spacecraft validation,3,43200.0,1451993045.840408,2.343675987503957e-06,0,0.0,0.0,False,diversified_stochastic,W1 — diversified stochastic,"[""E1 is a fixed-wall-clock representative environment challenge, not a periodic/steady-state result"",""E1 radiator incidence and Earth-view factors are ASSUMED_EXPLORATORY"",""E1 albedo is a bounded analytic approximation, not a flight environment model"",""battery initialization-domination diagnostic flagged""]","{""battery_never_creates_energy"":true,""electrical_balance_closes"":true,""executed_le_design"":true,""executed_le_requested"":true,""fdir_never_increases_power"":true,""finite_state"":true,""housekeeping_priority"":true,""initialization_domination_flag"":true,""no_hidden_clipping"":true,""soc_within_bounds"":true}","[""time_s"",""rng""]"
A0_CROSS_ENVIRONMENT_NOMINAL_FEASIBLE,500768457.2546499,540419836.6534014,1041188293.9080513,RSIM-001-smoke,2367467.9504770343,0.002439087244990059,1.9371432955266528,1.0,-1.587102815392427e-05,0.0019924128824938096,59724857.22241269,214000.0,E1_REPRESENTATIVE_ANALYTIC_LEO,7.527453229594017,5738.992815014798,968269378.0007565,29884.85734570236,64b6c8c94115e2ab2ac282b706e075b8418d1af6675790fc1ec7254486832148,RSIM canonical-derived monotone FDIR,30.0,0.5143541850018758,2bf50b710c5028c469736791796328ef22636056,0.6346909524131727,0.6331428858066313,0.9,SYSTEM_POWER_DEFICIT,1.5896726836217567e-05,0.9,43200.0,10800.0,canonical_wrb_wall_clock,0.2,CLOSED_LOOP,TSM-01-v0.4.4-canonical-with-RSIM-wrapper-v1,36578.739888566626,333.515341190824,322.55143140042327,36578.739888566626,b348f00169c885d3849e406bf8ee33c9e3461c493394179d38bcd5672eae6285,run,970636845.9512335,29957.92734417387,a198339af0d10119a6da5d3dc07e21fadba7af2d0ef7465c45fd0984c2e58a73,rsim-001-smoke.1,non-authoritative representative architecture challenge; not attack or spacecraft validation,3,43200.0,1451993045.840408,2.343675987503957e-06,0,0.0,0.0,False,diversified_stochastic,W1 — diversified stochastic,"[""E1 is a fixed-wall-clock representative environment challenge, not a periodic/steady-state result"",""E1 radiator incidence and Earth-view factors are ASSUMED_EXPLORATORY"",""E1 albedo is a bounded analytic approximation, not a flight environment model"",""battery initialization-domination diagnostic flagged""]","{""battery_never_creates_energy"":true,""electrical_balance_closes"":true,""executed_le_design"":true,""executed_le_requested"":true,""fdir_never_increases_power"":true,""finite_state"":true,""housekeeping_priority"":true,""initialization_domination_flag"":true,""no_hidden_clipping"":true,""soc_within_bounds"":true}","[""time_s"",""rng""]"
A0_CROSS_ENVIRONMENT_NOMINAL_FEASIBLE,,,,RSIM-001-smoke,0.0,0.0,6.593971505049751,1.0,,,,,E0_CANONICAL,8.0,5400.0,970636845.9512335,29957.927344173877,b28d512dc36b5c2795f51f735a016f5dd33f553cf15732d942c8cc45e5dbae08,,,,2bf50b710c5028c469736791796328ef22636056,0.6178920149204598,0.6178920149204598,,,,,43200.0,10800.0,canonical_wrb_wall_clock,,THERMAL_ONLY,TSM-01-v0.4.4-canonical-with-RSIM-wrapper-v1,40000.0,330.6441417026604,318.2780902242151,40000.0,f1e4e90f3f517362d1f0d86129448dbb51a9890353ed63ed0111bae36bf018af,run,970636845.9512335,29957.927344173877,bba462e3fe73099d7c78bd136582955246cafd056fdedbf4b4183e1b2c641ba9,rsim-001-smoke.1,non-authoritative representative architecture challenge; not attack or spacecraft validation,3,43200.0,,5.106476237415336e-07,0,0.0,0.0,True,bursty_benign,W2 — bursty benign,[],"{""battery_never_creates_energy"":true,""electrical_balance_closes"":true,""executed_le_design"":true,""executed_le_requested"":true,""fdir_never_increases_power"":true,""finite_state"":true,""housekeeping_priority"":true,""no_hidden_clipping"":true,""soc_within_bounds"":true}","[""time_s"",""rng""]"
A0_CROSS_ENVIRONMENT_NOMINAL_FEASIBLE,466805166.804297,538777853.9168508,1005583020.7211478,RSIM-001-smoke,14538620.894232772,0.014978434988200744,6.305533011411001,1.0,-2.0840780052822083e-05,0.0019779290118115884,111207320.10871643,956000.0,E0_CANONICAL,8.0,5400.0,956098225.0570008,29509.204477067924,440210ce04e96ef6e96c51a7bbd5374abe037a9550a27fd20ba33f2d401f6b5f,,,0.2,2bf50b710c5028c469736791796328ef22636056,0.627287804519344,0.6178920149204598,0.9,SYSTEM_POWER_DEFICIT,2.2906417143531144e-05,0.9,43200.0,10800.0,canonical_wrb_wall_clock,0.2,POWER_CONSTRAINED,TSM-01-v0.4.4-canonical-with-RSIM-wrapper-v1,40000.0,330.35570320902167,318.01919261038165,40000.0,f1e4e90f3f517362d1f0d86129448dbb51a9890353ed63ed0111bae36bf018af,run,970636845.9512335,29957.927344173877,bba462e3fe73099d7c78bd136582955246cafd056fdedbf4b4183e1b2c641ba9,rsim-001-smoke.1,non-authoritative representative architecture challenge; not attack or spacecraft validation,3,43200.0,1439151157.8947375,4.2353894968982786e-07,0,0.0,0.0,False,bursty_benign,W2 — bursty benign,[],"{""battery_never_creates_energy"":true,""electrical_balance_closes"":true,""executed_le_design"":true,""executed_le_requested"":true,""fdir_never_increases_power"":true,""finite_state"":true,""housekeeping_priority"":true,""initialization_domination_flag"":false,""no_hidden_clipping"":true,""soc_within_bounds"":true}","[""time_s"",""rng""]"
A0_CROSS_ENVIRONMENT_NOMINAL_FEASIBLE,466805166.804297,538777853.9168508,1005583020.7211478,RSIM-001-smoke,14538620.894232772,0.014978434988200744,6.305533011411001,1.0,-2.0840780052822083e-05,0.0019779290118115884,111207320.10871643,956000.0,E0_CANONICAL,8.0,5400.0,956098225.0570008,29509.204477067924,440210ce04e96ef6e96c51a7bbd5374abe037a9550a27fd20ba33f2d401f6b5f,RSIM canonical-derived monotone FDIR,30.0,0.2,2bf50b710c5028c469736791796328ef22636056,0.627287804519344,0.6178920149204598,0.9,SYSTEM_POWER_DEFICIT,2.2906417143531144e-05,0.9,43200.0,10800.0,canonical_wrb_wall_clock,0.2,CLOSED_LOOP,TSM-01-v0.4.4-canonical-with-RSIM-wrapper-v1,40000.0,330.35570320902167,318.01919261038165,40000.0,f1e4e90f3f517362d1f0d86129448dbb51a9890353ed63ed0111bae36bf018af,run,970636845.9512335,29957.927344173877,bba462e3fe73099d7c78bd136582955246cafd056fdedbf4b4183e1b2c641ba9,rsim-001-smoke.1,non-authoritative representative architecture challenge; not attack or spacecraft validation,3,43200.0,1439151157.8947375,4.2353894968982786e-07,0,0.0,0.0,False,bursty_benign,W2 — bursty benign,[],"{""battery_never_creates_energy"":true,""electrical_balance_closes"":true,""executed_le_design"":true,""executed_le_requested"":true,""fdir_never_increases_power"":true,""finite_state"":true,""housekeeping_priority"":true,""initialization_domination_flag"":false,""no_hidden_clipping"":true,""soc_within_bounds"":true}","[""time_s"",""rng""]"
A0_CROSS_ENVIRONMENT_NOMINAL_FEASIBLE,,,,RSIM-001-smoke,0.0,0.0,7.883173093981327,1.0,,,,,E1_REPRESENTATIVE_ANALYTIC_LEO,7.527453229594017,5738.992815014798,970636845.9512335,29957.927344173877,b28d512dc36b5c2795f51f735a016f5dd33f553cf15732d942c8cc45e5dbae08,,,,2bf50b710c5028c469736791796328ef22636056,0.6384789802739137,0.6384789802739137,,,,,43200.0,10800.0,canonical_wrb_wall_clock,,THERMAL_ONLY,TSM-01-v0.4.4-canonical-with-RSIM-wrapper-v1,40000.0,339.4613709892787,326.5953620863964,40000.0,b348f00169c885d3849e406bf8ee33c9e3461c493394179d38bcd5672eae6285,run,970636845.9512335,29957.927344173877,bba462e3fe73099d7c78bd136582955246cafd056fdedbf4b4183e1b2c641ba9,rsim-001-smoke.1,non-authoritative representative architecture challenge; not attack or spacecraft validation,3,43200.0,,-2.013128778344253e-06,0,0.0,0.0,True,bursty_benign,W2 — bursty benign,"[""E1 is a fixed-wall-clock representative environment challenge, not a periodic/steady-state result"",""E1 radiator incidence and Earth-view factors are ASSUMED_EXPLORATORY"",""E1 albedo is a bounded analytic approximation, not a flight environment model""]","{""battery_never_creates_energy"":true,""electrical_balance_closes"":true,""executed_le_design"":true,""executed_le_requested"":true,""fdir_never_increases_power"":true,""finite_state"":true,""housekeeping_priority"":true,""no_hidden_clipping"":true,""soc_within_bounds"":true}","[""time_s"",""rng""]"
A0_CROSS_ENVIRONMENT_NOMINAL_FEASIBLE,470149543.83227724,517177495.0233535,987327038.8556306,RSIM-001-smoke,7560078.972023879,0.007788782183119093,7.880684608077843,1.0,-1.7509988538222387e-05,0.0019691705408637615,92459928.31179766,386000.0,E1_REPRESENTATIVE_ANALYTIC_LEO,7.527453229594017,5738.992815014798,963076766.9792097,29724.591573432397,a026c2aff8c608d1c84f8515a4db021e37546d87fbc8c3b4d89251762b7edb05,,,0.44261029906701627,2bf50b710c5028c469736791796328ef22636056,0.6434909914430631,0.6384789802739137,0.9,SYSTEM_POWER_DEFICIT,1.902533222164493e-05,0.9,43200.0,10800.0,canonical_wrb_wall_clock,0.2,POWER_CONSTRAINED,TSM-01-v0.4.4-canonical-with-RSIM-wrapper-v1,40000.0,339.4588825033752,326.59324868668017,40000.0,b348f00169c885d3849e406bf8ee33c9e3461c493394179d38bcd5672eae6285,run,970636845.9512335,29957.927344173877,bba462e3fe73099d7c78bd136582955246cafd056fdedbf4b4183e1b2c641ba9,rsim-001-smoke.1,non-authoritative representative architecture challenge; not attack or spacecraft validation,3,43200.0,1451993045.840408,-1.6054341358540114e-06,0,0.0,0.0,False,bursty_benign,W2 — bursty benign,"[""E1 is a fixed-wall-clock representative environment challenge, not a periodic/steady-state result"",""E1 radiator incidence and Earth-view factors are ASSUMED_EXPLORATORY"",""E1 albedo is a bounded analytic approximation, not a flight environment model""]","{""battery_never_creates_energy"":true,""electrical_balance_closes"":true,""executed_le_design"":true,""executed_le_requested"":true,""fdir_never_increases_power"":true,""finite_state"":true,""housekeeping_priority"":true,""initialization_domination_flag"":false,""no_hidden_clipping"":true,""soc_within_bounds"":true}","[""time_s"",""rng""]"
A0_CROSS_ENVIRONMENT_NOMINAL_FEASIBLE,470149543.83227724,517177495.0233535,987327038.8556306,RSIM-001-smoke,7560078.972023879,0.007788782183119093,7.880684608077843,1.0,-1.7509988538222387e-05,0.0019691705408637615,92459928.31179766,386000.0,E1_REPRESENTATIVE_ANALYTIC_LEO,7.527453229594017,5738.992815014798,963076766.9792097,29724.591573432397,a026c2aff8c608d1c84f8515a4db021e37546d87fbc8c3b4d89251762b7edb05,RSIM canonical-derived monotone FDIR,30.0,0.44261029906701627,2bf50b710c5028c469736791796328ef22636056,0.6434909914430631,0.6384789802739137,0.9,SYSTEM_POWER_DEFICIT,1.902533222164493e-05,0.9,43200.0,10800.0,canonical_wrb_wall_clock,0.2,CLOSED_LOOP,TSM-01-v0.4.4-canonical-with-RSIM-wrapper-v1,40000.0,339.4588825033752,326.59324868668017,40000.0,b348f00169c885d3849e406bf8ee33c9e3461c493394179d38bcd5672eae6285,run,970636845.9512335,29957.927344173877,bba462e3fe73099d7c78bd136582955246cafd056fdedbf4b4183e1b2c641ba9,rsim-001-smoke.1,non-authoritative representative architecture challenge; not attack or spacecraft validation,3,43200.0,1451993045.840408,-1.6054341358540114e-06,0,0.0,0.0,False,bursty_benign,W2 — bursty benign,"[""E1 is a fixed-wall-clock representative environment challenge, not a periodic/steady-state result"",""E1 radiator incidence and Earth-view factors are ASSUMED_EXPLORATORY"",""E1 albedo is a bounded analytic approximation, not a flight environment model""]","{""battery_never_creates_energy"":true,""electrical_balance_closes"":true,""executed_le_design"":true,""executed_le_requested"":true,""fdir_never_increases_power"":true,""finite_state"":true,""housekeeping_priority"":true,""initialization_domination_flag"":false,""no_hidden_clipping"":true,""soc_within_bounds"":true}","[""time_s"",""rng""]"
A0_CROSS_ENVIRONMENT_NOMINAL_FEASIBLE,,,,RSIM-001-smoke,0.0,0.0,6.087837868852603,1.0,,,,,E0_CANONICAL,8.0,5400.0,970636845.9512335,29957.927344173877,b76aab1aac7a5fdefc916b8894bda38a0f26d686c414fe366a8fc6dbf7a30671,,,,2bf50b710c5028c469736791796328ef22636056,0.610442614733145,0.610442614733145,,,,,43200.0,10800.0,canonical_wrb_wall_clock,,THERMAL_ONLY,TSM-01-v0.4.4-canonical-with-RSIM-wrapper-v1,39118.58863997802,330.13800806646327,317.68348274395873,39118.58863997802,f1e4e90f3f517362d1f0d86129448dbb51a9890353ed63ed0111bae36bf018af,run,970636845.9512335,29957.927344173877,6774df9a5da6a0e7711e084bd232d098dde4673532d34dfe02bda8ae4c721802,rsim-001-smoke.1,non-authoritative representative architecture challenge; not attack or spacecraft validation,3,43200.0,,-3.1754871088196523e-07,0,0.0,0.0,True,queue_driven_benign,W3 — queue-driven benign,[],"{""battery_never_creates_energy"":true,""electrical_balance_closes"":true,""executed_le_design"":true,""executed_le_requested"":true,""fdir_never_increases_power"":true,""finite_state"":true,""housekeeping_priority"":true,""no_hidden_clipping"":true,""soc_within_bounds"":true}","[""time_s"",""rng""]"
A0_CROSS_ENVIRONMENT_NOMINAL_FEASIBLE,467038334.58387935,539011021.6964469,1006049356.2803261,RSIM-001-smoke,13629100.054070499,0.014041399840651886,6.087837868852603,1.0,-3.784201044254587e-05,0.0019781621795911843,100135991.57243156,828000.0,E0_CANONICAL,8.0,5400.0,957007745.897163,29537.276107937127,e4c89bfd14243b9ec1e57f8269680900c6de30e55391cfe650bd25028cc7a383,,,0.2,2bf50b710c5028c469736791796328ef22636056,0.6191361530134092,0.610442614733145,0.9,SYSTEM_POWER_DEFICIT,3.903100468960474e-05,0.9,43200.0,10800.0,canonical_wrb_wall_clock,0.2,POWER_CONSTRAINED,TSM-01-v0.4.4-canonical-with-RSIM-wrapper-v1,39118.58863997802,330.13800806646327,317.68348274395873,39118.58863997802,f1e4e90f3f517362d1f0d86129448dbb51a9890353ed63ed0111bae36bf018af,run,970636845.9512335,29957.927344173877,6774df9a5da6a0e7711e084bd232d098dde4673532d34dfe02bda8ae4c721802,rsim-001-smoke.1,non-authoritative representative architecture challenge; not attack or spacecraft validation,3,43200.0,1439151157.8947375,7.512426236644387e-10,0,0.0,0.0,False,queue_driven_benign,W3 — queue-driven benign,[],"{""battery_never_creates_energy"":true,""electrical_balance_closes"":true,""executed_le_design"":true,""executed_le_requested"":true,""fdir_never_increases_power"":true,""finite_state"":true,""housekeeping_priority"":true,""initialization_domination_flag"":false,""no_hidden_clipping"":true,""soc_within_bounds"":true}","[""time_s"",""rng""]"
A0_CROSS_ENVIRONMENT_NOMINAL_FEASIBLE,467038334.58387935,539011021.6964469,1006049356.2803261,RSIM-001-smoke,13629100.054070499,0.014041399840651886,6.087837868852603,1.0,-3.784201044254587e-05,0.0019781621795911843,100135991.57243156,828000.0,E0_CANONICAL,8.0,5400.0,957007745.897163,29537.276107937127,e4c89bfd14243b9ec1e57f8269680900c6de30e55391cfe650bd25028cc7a383,RSIM canonical-derived monotone FDIR,30.0,0.2,2bf50b710c5028c469736791796328ef22636056,0.6191361530134092,0.610442614733145,0.9,SYSTEM_POWER_DEFICIT,3.903100468960474e-05,0.9,43200.0,10800.0,canonical_wrb_wall_clock,0.2,CLOSED_LOOP,TSM-01-v0.4.4-canonical-with-RSIM-wrapper-v1,39118.58863997802,330.13800806646327,317.68348274395873,39118.58863997802,f1e4e90f3f517362d1f0d86129448dbb51a9890353ed63ed0111bae36bf018af,run,970636845.9512335,29957.927344173877,6774df9a5da6a0e7711e084bd232d098dde4673532d34dfe02bda8ae4c721802,rsim-001-smoke.1,non-authoritative representative architecture challenge; not attack or spacecraft validation,3,43200.0,1439151157.8947375,7.512426236644387e-10,0,0.0,0.0,False,queue_driven_benign,W3 — queue-driven benign,[],"{""battery_never_creates_energy"":true,""electrical_balance_closes"":true,""executed_le_design"":true,""executed_le_requested"":true,""fdir_never_increases_power"":true,""finite_state"":true,""housekeeping_priority"":true,""initialization_domination_flag"":false,""no_hidden_clipping"":true,""soc_within_bounds"":true}","[""time_s"",""rng""]"
A0_CROSS_ENVIRONMENT_NOMINAL_FEASIBLE,,,,RSIM-001-smoke,0.0,0.0,5.8425343606928095,1.0,,,,,E1_REPRESENTATIVE_ANALYTIC_LEO,7.527453229594017,5738.992815014798,970636845.9512335,29957.927344173877,b76aab1aac7a5fdefc916b8894bda38a0f26d686c414fe366a8fc6dbf7a30671,,,,2bf50b710c5028c469736791796328ef22636056,0.6309086506032401,0.6309086506032401,,,,,43200.0,10800.0,canonical_wrb_wall_clock,,THERMAL_ONLY,TSM-01-v0.4.4-canonical-with-RSIM-wrapper-v1,39118.58863997802,337.4207322559902,324.4951031076567,39118.58863997802,b348f00169c885d3849e406bf8ee33c9e3461c493394179d38bcd5672eae6285,run,970636845.9512335,29957.927344173877,6774df9a5da6a0e7711e084bd232d098dde4673532d34dfe02bda8ae4c721802,rsim-001-smoke.1,non-authoritative representative architecture challenge; not attack or spacecraft validation,3,43200.0,,1.6677440726198256e-06,0,0.0,0.0,True,queue_driven_benign,W3 — queue-driven benign,"[""E1 is a fixed-wall-clock representative environment challenge, not a periodic/steady-state result"",""E1 radiator incidence and Earth-view factors are ASSUMED_EXPLORATORY"",""E1 albedo is a bounded analytic approximation, not a flight environment model""]","{""battery_never_creates_energy"":true,""electrical_balance_closes"":true,""executed_le_design"":true,""executed_le_requested"":true,""fdir_never_increases_power"":true,""finite_state"":true,""housekeeping_priority"":true,""no_hidden_clipping"":true,""soc_within_bounds"":true}","[""time_s"",""rng""]"
A0_CROSS_ENVIRONMENT_NOMINAL_FEASIBLE,488322306.45800984,534970791.1618985,1023293097.6199083,RSIM-001-smoke,7153777.299534981,0.00737018930341987,5.8425343606928095,1.0,-3.485134311631555e-05,0.0019869638370023065,80038156.8356083,606000.0,E1_REPRESENTATIVE_ANALYTIC_LEO,7.527453229594017,5738.992815014798,963483068.6516986,29737.131748509215,3ace8ce20e05307f50b86a3fa10cd8205b9970319192d5c824ffa108b026d26d,,,0.4463009566164244,2bf50b710c5028c469736791796328ef22636056,0.6355930920113093,0.6309086506032401,0.9,SYSTEM_POWER_DEFICIT,3.623811562647461e-05,0.9,43200.0,10800.0,canonical_wrb_wall_clock,0.2,POWER_CONSTRAINED,TSM-01-v0.4.4-canonical-with-RSIM-wrapper-v1,39118.58863997802,337.4207322559902,324.4951031076567,39118.58863997802,b348f00169c885d3849e406bf8ee33c9e3461c493394179d38bcd5672eae6285,run,970636845.9512335,29957.927344173877,6774df9a5da6a0e7711e084bd232d098dde4673532d34dfe02bda8ae4c721802,rsim-001-smoke.1,non-authoritative representative architecture challenge; not attack or spacecraft validation,3,43200.0,1451993045.840408,1.2942036846652627e-06,0,0.0,0.0,False,queue_driven_benign,W3 — queue-driven benign,"[""E1 is a fixed-wall-clock representative environment challenge, not a periodic/steady-state result"",""E1 radiator incidence and Earth-view factors are ASSUMED_EXPLORATORY"",""E1 albedo is a bounded analytic approximation, not a flight environment model""]","{""battery_never_creates_energy"":true,""electrical_balance_closes"":true,""executed_le_design"":true,""executed_le_requested"":true,""fdir_never_increases_power"":true,""finite_state"":true,""housekeeping_priority"":true,""initialization_domination_flag"":false,""no_hidden_clipping"":true,""soc_within_bounds"":true}","[""time_s"",""rng""]"
A0_CROSS_ENVIRONMENT_NOMINAL_FEASIBLE,488322306.45800984,534970791.1618985,1023293097.6199083,RSIM-001-smoke,7153777.299534981,0.00737018930341987,5.8425343606928095,1.0,-3.485134311631555e-05,0.0019869638370023065,80038156.8356083,606000.0,E1_REPRESENTATIVE_ANALYTIC_LEO,7.527453229594017,5738.992815014798,963483068.6516986,29737.131748509215,3ace8ce20e05307f50b86a3fa10cd8205b9970319192d5c824ffa108b026d26d,RSIM canonical-derived monotone FDIR,30.0,0.4463009566164244,2bf50b710c5028c469736791796328ef22636056,0.6355930920113093,0.6309086506032401,0.9,SYSTEM_POWER_DEFICIT,3.623811562647461e-05,0.9,43200.0,10800.0,canonical_wrb_wall_clock,0.2,CLOSED_LOOP,TSM-01-v0.4.4-canonical-with-RSIM-wrapper-v1,39118.58863997802,337.4207322559902,324.4951031076567,39118.58863997802,b348f00169c885d3849e406bf8ee33c9e3461c493394179d38bcd5672eae6285,run,970636845.9512335,29957.927344173877,6774df9a5da6a0e7711e084bd232d098dde4673532d34dfe02bda8ae4c721802,rsim-001-smoke.1,non-authoritative representative architecture challenge; not attack or spacecraft validation,3,43200.0,1451993045.840408,1.2942036846652627e-06,0,0.0,0.0,False,queue_driven_benign,W3 — queue-driven benign,"[""E1 is a fixed-wall-clock representative environment challenge, not a periodic/steady-state result"",""E1 radiator incidence and Earth-view factors are ASSUMED_EXPLORATORY"",""E1 albedo is a bounded analytic approximation, not a flight environment model""]","{""battery_never_creates_energy"":true,""electrical_balance_closes"":true,""executed_le_design"":true,""executed_le_requested"":true,""fdir_never_increases_power"":true,""finite_state"":true,""housekeeping_priority"":true,""initialization_domination_flag"":false,""no_hidden_clipping"":true,""soc_within_bounds"":true}","[""time_s"",""rng""]"
A0_CROSS_ENVIRONMENT_NOMINAL_FEASIBLE,,,,RSIM-001-smoke,0.0,0.0,10.439594037241307,1.0,,,,,E0_CANONICAL,8.0,5400.0,970636845.9512335,29957.927344173877,bdd970845df16b8488daf5bf583a6eb86093c91e31a34f5690ddbc04c65fbaec,,,,2bf50b710c5028c469736791796328ef22636056,0.6863612934645993,0.6863612934645993,,,,,43200.0,10800.0,canonical_wrb_wall_clock,,THERMAL_ONLY,TSM-01-v0.4.4-canonical-with-RSIM-wrapper-v1,39055.07911678523,334.489764234852,322.12060285287293,39055.07911678523,f1e4e90f3f517362d1f0d86129448dbb51a9890353ed63ed0111bae36bf018af,run,970636845.9512335,29957.927344173877,e8cdfd98b8b260397f97d535970b44e1ad923716efc48e740d9ee0e19e8404fd,rsim-001-smoke.1,non-authoritative representative architecture challenge; not attack or spacecraft validation,3,43200.0,,5.308270374371205e-07,0,0.0,0.0,True,power_aware_benign,W4 — power-aware benign,[],"{""battery_never_creates_energy"":true,""electrical_balance_closes"":true,""executed_le_design"":true,""executed_le_requested"":true,""fdir_never_increases_power"":true,""finite_state"":true,""housekeeping_priority"":true,""no_hidden_clipping"":true,""soc_within_bounds"":true}","[""time_s"",""power_availability"",""rng""]"
A0_CROSS_ENVIRONMENT_NOMINAL_FEASIBLE,389435249.3369403,447153026.6319786,836588275.9689189,RSIM-001-smoke,0.0,0.0,10.439594037241307,1.0,-4.035911479149945e-05,0.001886304184526716,110114205.36659898,0.0,E0_CANONICAL,8.0,5400.0,970636845.9512335,29957.927344173877,bdd970845df16b8488daf5bf583a6eb86093c91e31a34f5690ddbc04c65fbaec,,,0.3386419942422746,2bf50b710c5028c469736791796328ef22636056,0.6863612934645993,0.6863612934645993,0.9,,4.035911479149945e-05,0.9,43200.0,10800.0,canonical_wrb_wall_clock,0.3383690277238275,POWER_CONSTRAINED,TSM-01-v0.4.4-canonical-with-RSIM-wrapper-v1,39055.07911678523,334.489764234852,322.12060285287293,39055.07911678523,f1e4e90f3f517362d1f0d86129448dbb51a9890353ed63ed0111bae36bf018af,run,970636845.9512335,29957.927344173877,e8cdfd98b8b260397f97d535970b44e1ad923716efc48e740d9ee0e19e8404fd,rsim-001-smoke.1,non-authoritative representative architecture challenge; not attack or spacecraft validation,3,43200.0,1439151157.8947375,5.308270374371205e-07,0,0.0,0.0,True,power_aware_benign,W4 — power-aware benign,[],"{""battery_never_creates_energy"":true,""electrical_balance_closes"":true,""executed_le_design"":true,""executed_le_requested"":true,""fdir_never_increases_power"":true,""finite_state"":true,""housekeeping_priority"":true,""initialization_domination_flag"":false,""no_hidden_clipping"":true,""soc_within_bounds"":true}","[""time_s"",""power_availability"",""rng""]"
A0_CROSS_ENVIRONMENT_NOMINAL_FEASIBLE,389435249.3369403,447153026.6319786,836588275.9689189,RSIM-001-smoke,0.0,0.0,10.439594037241307,1.0,-4.035911479149945e-05,0.001886304184526716,110114205.36659898,0.0,E0_CANONICAL,8.0,5400.0,970636845.9512335,29957.927344173877,bdd970845df16b8488daf5bf583a6eb86093c91e31a34f5690ddbc04c65fbaec,RSIM canonical-derived monotone FDIR,30.0,0.3386419942422746,2bf50b710c5028c469736791796328ef22636056,0.6863612934645993,0.6863612934645993,0.9,,4.035911479149945e-05,0.9,43200.0,10800.0,canonical_wrb_wall_clock,0.3383690277238275,CLOSED_LOOP,TSM-01-v0.4.4-canonical-with-RSIM-wrapper-v1,39055.07911678523,334.489764234852,322.12060285287293,39055.07911678523,f1e4e90f3f517362d1f0d86129448dbb51a9890353ed63ed0111bae36bf018af,run,970636845.9512335,29957.927344173877,e8cdfd98b8b260397f97d535970b44e1ad923716efc48e740d9ee0e19e8404fd,rsim-001-smoke.1,non-authoritative representative architecture challenge; not attack or spacecraft validation,3,43200.0,1439151157.8947375,5.308270374371205e-07,0,0.0,0.0,True,power_aware_benign,W4 — power-aware benign,[],"{""battery_never_creates_energy"":true,""electrical_balance_closes"":true,""executed_le_design"":true,""executed_le_requested"":true,""fdir_never_increases_power"":true,""finite_state"":true,""housekeeping_priority"":true,""initialization_domination_flag"":false,""no_hidden_clipping"":true,""soc_within_bounds"":true}","[""time_s"",""power_availability"",""rng""]"
A0_CROSS_ENVIRONMENT_NOMINAL_FEASIBLE,,,,RSIM-001-smoke,0.0,0.0,10.151706705680397,1.0,,,,,E1_REPRESENTATIVE_ANALYTIC_LEO,7.527453229594017,5738.992815014798,970636845.9512335,29957.927344173877,bdd970845df16b8488daf5bf583a6eb86093c91e31a34f5690ddbc04c65fbaec,,,,2bf50b710c5028c469736791796328ef22636056,0.6804930669418884,0.6804930669418884,,,,,43200.0,10800.0,canonical_wrb_wall_clock,,THERMAL_ONLY,TSM-01-v0.4.4-canonical-with-RSIM-wrapper-v1,39055.07911678523,341.72990460097776,329.1642370001359,39055.07911678523,b348f00169c885d3849e406bf8ee33c9e3461c493394179d38bcd5672eae6285,run,970636845.9512335,29957.927344173877,e8cdfd98b8b260397f97d535970b44e1ad923716efc48e740d9ee0e19e8404fd,rsim-001-smoke.1,non-authoritative representative architecture challenge; not attack or spacecraft validation,3,43200.0,,-5.637593858409673e-07,0,0.0,0.0,True,power_aware_benign,W4 — power-aware benign,"[""E1 is a fixed-wall-clock representative environment challenge, not a periodic/steady-state result"",""E1 radiator incidence and Earth-view factors are ASSUMED_EXPLORATORY"",""E1 albedo is a bounded analytic approximation, not a flight environment model""]","{""battery_never_creates_energy"":true,""electrical_balance_closes"":true,""executed_le_design"":true,""executed_le_requested"":true,""fdir_never_increases_power"":true,""finite_state"":true,""housekeeping_priority"":true,""no_hidden_clipping"":true,""soc_within_bounds"":true}","[""time_s"",""power_availability"",""rng""]"
A0_CROSS_ENVIRONMENT_NOMINAL_FEASIBLE,462770926.0307953,493035023.4719748,955805949.5027701,RSIM-001-smoke,2096034.978551485,0.0021594430371096726,10.1517067055874,1.0,-3.1586718250764534e-05,0.001945028069312383,95388250.66200359,488000.0,E1_REPRESENTATIVE_ANALYTIC_LEO,7.527453229594017,5738.992815014798,968540810.972682,29893.23490656426,32faee07120f299314e7d240b020b20e2e15ae4a7ae9e27ef30294d3f81fa9b2,,,0.6056540604674563,2bf50b710c5028c469736791796328ef22636056,0.6819657330957695,0.6804930669418884,0.9,SYSTEM_POWER_DEFICIT,3.158867184538394e-05,0.9,43200.0,10800.0,canonical_wrb_wall_clock,0.2,POWER_CONSTRAINED,TSM-01-v0.4.4-canonical-with-RSIM-wrapper-v1,39055.07911678523,341.72990460088477,329.1642370000555,39055.07911678523,b348f00169c885d3849e406bf8ee33c9e3461c493394179d38bcd5672eae6285,run,970636845.9512335,29957.927344173877,e8cdfd98b8b260397f97d535970b44e1ad923716efc48e740d9ee0e19e8404fd,rsim-001-smoke.1,non-authoritative representative architecture challenge; not attack or spacecraft validation,3,43200.0,1451993045.840408,2.5307144824182615e-07,0,0.0,0.0,False,power_aware_benign,W4 — power-aware benign,"[""E1 is a fixed-wall-clock representative environment challenge, not a periodic/steady-state result"",""E1 radiator incidence and Earth-view factors are ASSUMED_EXPLORATORY"",""E1 albedo is a bounded analytic approximation, not a flight environment model"",""battery initialization-domination diagnostic flagged""]","{""battery_never_creates_energy"":true,""electrical_balance_closes"":true,""executed_le_design"":true,""executed_le_requested"":true,""fdir_never_increases_power"":true,""finite_state"":true,""housekeeping_priority"":true,""initialization_domination_flag"":true,""no_hidden_clipping"":true,""soc_within_bounds"":true}","[""time_s"",""power_availability"",""rng""]"
A0_CROSS_ENVIRONMENT_NOMINAL_FEASIBLE,462770926.0307953,493035023.4719748,955805949.5027701,RSIM-001-smoke,2096034.978551485,0.0021594430371096726,10.1517067055874,1.0,-3.1586718250764534e-05,0.001945028069312383,95388250.66200359,488000.0,E1_REPRESENTATIVE_ANALYTIC_LEO,7.527453229594017,5738.992815014798,968540810.972682,29893.23490656426,32faee07120f299314e7d240b020b20e2e15ae4a7ae9e27ef30294d3f81fa9b2,RSIM canonical-derived monotone FDIR,30.0,0.6056540604674563,2bf50b710c5028c469736791796328ef22636056,0.6819657330957695,0.6804930669418884,0.9,SYSTEM_POWER_DEFICIT,3.158867184538394e-05,0.9,43200.0,10800.0,canonical_wrb_wall_clock,0.2,CLOSED_LOOP,TSM-01-v0.4.4-canonical-with-RSIM-wrapper-v1,39055.07911678523,341.72990460088477,329.1642370000555,39055.07911678523,b348f00169c885d3849e406bf8ee33c9e3461c493394179d38bcd5672eae6285,run,970636845.9512335,29957.927344173877,e8cdfd98b8b260397f97d535970b44e1ad923716efc48e740d9ee0e19e8404fd,rsim-001-smoke.1,non-authoritative representative architecture challenge; not attack or spacecraft validation,3,43200.0,1451993045.840408,2.5307144824182615e-07,0,0.0,0.0,False,power_aware_benign,W4 — power-aware benign,"[""E1 is a fixed-wall-clock representative environment challenge, not a periodic/steady-state result"",""E1 radiator incidence and Earth-view factors are ASSUMED_EXPLORATORY"",""E1 albedo is a bounded analytic approximation, not a flight environment model"",""battery initialization-domination diagnostic flagged""]","{""battery_never_creates_energy"":true,""electrical_balance_closes"":true,""executed_le_design"":true,""executed_le_requested"":true,""fdir_never_increases_power"":true,""finite_state"":true,""housekeeping_priority"":true,""initialization_domination_flag"":true,""no_hidden_clipping"":true,""soc_within_bounds"":true}","[""time_s"",""power_availability"",""rng""]"
A0_CROSS_ENVIRONMENT_NOMINAL_FEASIBLE,,,,RSIM-001-smoke,0.0,0.0,17.373563443305898,1.0,,,,,E0_CANONICAL,8.0,5400.0,970636845.9512335,29957.92734417387,a7612895c407f83a07037f7e0c37749c717d9aad06087240125c3de6951ce90f,,,,2bf50b710c5028c469736791796328ef22636056,0.825829228227804,0.825829228227804,,,,,43200.0,10800.0,canonical_wrb_wall_clock,,THERMAL_ONLY,TSM-01-v0.4.4-canonical-with-RSIM-wrapper-v1,40000.0,341.42373364091657,327.7350008421396,40000.0,f1e4e90f3f517362d1f0d86129448dbb51a9890353ed63ed0111bae36bf018af,run,970636845.9512335,29957.92734417387,415f5fff464087e8ea9bd1a274ab42a6ac966da4f080ef3bbbfb1aed335984ee,rsim-001-smoke.1,non-authoritative representative architecture challenge; not attack or spacecraft validation,3,43200.0,,3.267246029281523e-07,0,0.0,0.0,True,phase_shaped_candidate,W5 — phase-shaped adversarial candidate,[],"{""battery_never_creates_energy"":true,""electrical_balance_closes"":true,""executed_le_design"":true,""executed_le_requested"":true,""fdir_never_increases_power"":true,""finite_state"":true,""housekeeping_priority"":true,""no_hidden_clipping"":true,""soc_within_bounds"":true}","[""time_s"",""hot_mask"",""rng""]"
A0_CROSS_ENVIRONMENT_NOMINAL_FEASIBLE,237701350.83912557,271673207.21824473,509374558.05737025,RSIM-001-smoke,0.0,0.0,17.373563443305898,1.0,-4.091960909136105e-05,0.0017108243651129823,66764769.97224262,0.0,E0_CANONICAL,8.0,5400.0,970636845.9512335,29957.92734417387,a7612895c407f83a07037f7e0c37749c717d9aad06087240125c3de6951ce90f,,,0.569592724414762,2bf50b710c5028c469736791796328ef22636056,0.825829228227804,0.825829228227804,0.9,,4.111037742404733e-05,0.9,43200.0,10800.0,canonical_wrb_wall_clock,0.5694385776398846,POWER_CONSTRAINED,TSM-01-v0.4.4-canonical-with-RSIM-wrapper-v1,40000.0,341.42373364091657,327.7350008421396,40000.0,f1e4e90f3f517362d1f0d86129448dbb51a9890353ed63ed0111bae36bf018af,run,970636845.9512335,29957.92734417387,415f5fff464087e8ea9bd1a274ab42a6ac966da4f080ef3bbbfb1aed335984ee,rsim-001-smoke.1,non-authoritative representative architecture challenge; not attack or spacecraft validation,3,43200.0,1439151157.8947375,3.267246029281523e-07,0,0.0,0.0,True,phase_shaped_candidate,W5 — phase-shaped adversarial candidate,[],"{""battery_never_creates_energy"":true,""electrical_balance_closes"":true,""executed_le_design"":true,""executed_le_requested"":true,""fdir_never_increases_power"":true,""finite_state"":true,""housekeeping_priority"":true,""initialization_domination_flag"":false,""no_hidden_clipping"":true,""soc_within_bounds"":true}","[""time_s"",""hot_mask"",""rng""]"
A0_CROSS_ENVIRONMENT_NOMINAL_FEASIBLE,237701350.83912557,271673207.21824473,509374558.05737025,RSIM-001-smoke,0.0,0.0,17.373563443305898,1.0,-4.091960909136105e-05,0.0017108243651129823,66764769.97224262,0.0,E0_CANONICAL,8.0,5400.0,970636845.9512335,29957.92734417387,a7612895c407f83a07037f7e0c37749c717d9aad06087240125c3de6951ce90f,RSIM canonical-derived monotone FDIR,30.0,0.569592724414762,2bf50b710c5028c469736791796328ef22636056,0.825829228227804,0.825829228227804,0.9,,4.111037742404733e-05,0.9,43200.0,10800.0,canonical_wrb_wall_clock,0.5694385776398846,CLOSED_LOOP,TSM-01-v0.4.4-canonical-with-RSIM-wrapper-v1,40000.0,341.42373364091657,327.7350008421396,40000.0,f1e4e90f3f517362d1f0d86129448dbb51a9890353ed63ed0111bae36bf018af,run,970636845.9512335,29957.92734417387,415f5fff464087e8ea9bd1a274ab42a6ac966da4f080ef3bbbfb1aed335984ee,rsim-001-smoke.1,non-authoritative representative architecture challenge; not attack or spacecraft validation,3,43200.0,1439151157.8947375,3.267246029281523e-07,0,0.0,0.0,True,phase_shaped_candidate,W5 — phase-shaped adversarial candidate,[],"{""battery_never_creates_energy"":true,""electrical_balance_closes"":true,""executed_le_design"":true,""executed_le_requested"":true,""fdir_never_increases_power"":true,""finite_state"":true,""housekeeping_priority"":true,""initialization_domination_flag"":false,""no_hidden_clipping"":true,""soc_within_bounds"":true}","[""time_s"",""hot_mask"",""rng""]"
A0_CROSS_ENVIRONMENT_NOMINAL_FEASIBLE,,,,RSIM-001-smoke,0.0,0.0,16.75135266703694,1.0,,,,,E1_REPRESENTATIVE_ANALYTIC_LEO,7.527453229594017,5738.992815014798,970636845.9512335,29957.92734417387,a7612895c407f83a07037f7e0c37749c717d9aad06087240125c3de6951ce90f,,,,2bf50b710c5028c469736791796328ef22636056,0.767056338699925,0.767056338699925,,,,,43200.0,10800.0,canonical_wrb_wall_clock,,THERMAL_ONLY,TSM-01-v0.4.4-canonical-with-RSIM-wrapper-v1,40000.0,348.3295505623343,334.4576461929069,40000.0,b348f00169c885d3849e406bf8ee33c9e3461c493394179d38bcd5672eae6285,run,970636845.9512335,29957.92734417387,415f5fff464087e8ea9bd1a274ab42a6ac966da4f080ef3bbbfb1aed335984ee,rsim-001-smoke.1,non-authoritative representative architecture challenge; not attack or spacecraft validation,3,43200.0,,6.440704964916222e-07,0,148.0,0.0,True,phase_shaped_candidate,W5 — phase-shaped adversarial candidate,"[""E1 is a fixed-wall-clock representative environment challenge, not a periodic/steady-state result"",""E1 radiator incidence and Earth-view factors are ASSUMED_EXPLORATORY"",""E1 albedo is a bounded analytic approximation, not a flight environment model""]","{""battery_never_creates_energy"":true,""electrical_balance_closes"":true,""executed_le_design"":true,""executed_le_requested"":true,""fdir_never_increases_power"":true,""finite_state"":true,""housekeeping_priority"":true,""no_hidden_clipping"":true,""soc_within_bounds"":true}","[""time_s"",""hot_mask"",""rng""]"
A0_CROSS_ENVIRONMENT_NOMINAL_FEASIBLE,383298954.31648815,403592779.7640858,786891734.080574,RSIM-001-smoke,0.0,0.0,16.75135266703694,1.0,-1.7724831195664592e-05,0.0018555858256044937,57299208.38842553,716591.6052905142,E1_REPRESENTATIVE_ANALYTIC_LEO,7.527453229594017,5738.992815014798,970636845.9512335,29957.92734417387,8d96604e811fe0cb6f34b191f605e14e009f7478cf3bbfedc01557b64fd5fe71,,,0.702624045547704,2bf50b710c5028c469736791796328ef22636056,0.767056338699925,0.767056338699925,0.9,SYSTEM_POWER_DEFICIT,1.79930775630055e-05,0.9,43200.0,10800.0,canonical_wrb_wall_clock,0.2,POWER_CONSTRAINED,TSM-01-v0.4.4-canonical-with-RSIM-wrapper-v1,40000.0,348.3295505623343,334.4576461929069,40000.0,b348f00169c885d3849e406bf8ee33c9e3461c493394179d38bcd5672eae6285,run,970636845.9512335,29957.92734417387,415f5fff464087e8ea9bd1a274ab42a6ac966da4f080ef3bbbfb1aed335984ee,rsim-001-smoke.1,non-authoritative representative architecture challenge; not attack or spacecraft validation,3,43200.0,1451993045.840408,3.1671547731093597e-06,0,148.0,0.0,False,phase_shaped_candidate,W5 — phase-shaped adversarial candidate,"[""E1 is a fixed-wall-clock representative environment challenge, not a periodic/steady-state result"",""E1 radiator incidence and Earth-view factors are ASSUMED_EXPLORATORY"",""E1 albedo is a bounded analytic approximation, not a flight environment model"",""battery initialization-domination diagnostic flagged""]","{""battery_never_creates_energy"":true,""electrical_balance_closes"":true,""executed_le_design"":true,""executed_le_requested"":true,""fdir_never_increases_power"":true,""finite_state"":true,""housekeeping_priority"":true,""initialization_domination_flag"":true,""no_hidden_clipping"":true,""soc_within_bounds"":true}","[""time_s"",""hot_mask"",""rng""]"
A0_CROSS_ENVIRONMENT_NOMINAL_FEASIBLE,383298954.3164884,403592779.7640858,786891734.0805743,RSIM-001-smoke,2370460.131328502,0.0024421699435955664,16.62262160058475,1.0,-1.7469008525949903e-05,0.0018555858256044937,59669668.51975377,716591.6052905142,E1_REPRESENTATIVE_ANALYTIC_LEO,7.527453229594017,5738.992815014798,968266385.8199049,29884.764994441513,4761c8260a0ef7e697404157d25375815c024956c6f1ac902cd2cf4f4ee8c07d,RSIM canonical-derived monotone FDIR,30.0,0.702624045547704,2bf50b710c5028c469736791796328ef22636056,0.7664860579692871,0.767056338699925,0.9,SYSTEM_POWER_DEFICIT,1.773725489329081e-05,0.9,43200.0,10800.0,canonical_wrb_wall_clock,0.2,CLOSED_LOOP,TSM-01-v0.4.4-canonical-with-RSIM-wrapper-v1,40000.0,348.2008194958821,334.42109425158606,40000.0,b348f00169c885d3849e406bf8ee33c9e3461c493394179d38bcd5672eae6285,run,970636845.9512335,29957.92734417387,415f5fff464087e8ea9bd1a274ab42a6ac966da4f080ef3bbbfb1aed335984ee,rsim-001-smoke.1,non-authoritative representative architecture challenge; not attack or spacecraft validation,3,43200.0,1451993045.840408,2.9335974431887735e-06,1,31.0,85.0,False,phase_shaped_candidate,W5 — phase-shaped adversarial candidate,"[""E1 is a fixed-wall-clock representative environment challenge, not a periodic/steady-state result"",""E1 radiator incidence and Earth-view factors are ASSUMED_EXPLORATORY"",""E1 albedo is a bounded analytic approximation, not a flight environment model"",""battery initialization-domination diagnostic flagged""]","{""battery_never_creates_energy"":true,""electrical_balance_closes"":true,""executed_le_design"":true,""executed_le_requested"":true,""fdir_never_increases_power"":true,""finite_state"":true,""housekeeping_priority"":true,""initialization_domination_flag"":true,""no_hidden_clipping"":true,""soc_within_bounds"":true}","[""time_s"",""hot_mask"",""rng""]"
A0_CROSS_ENVIRONMENT_NOMINAL_FEASIBLE,,,,RSIM-001-smoke,0.0,0.0,0.0,1.0,,,,,E0_CANONICAL,8.0,5400.0,970658999.0152949,29958.611080718983,c41ba70774ef4912330f798afd47954f0ba5c380068adb087cd8f12a82a53c30,,,,2bf50b710c5028c469736791796328ef22636056,0.62,0.62,,,,,43200.0,10800.0,canonical_wrb_wall_clock,,THERMAL_ONLY,TSM-01-v0.4.4-canonical-with-RSIM-wrapper-v1,29958.61108071898,324.05157329277387,313.48568547297754,29958.61108071898,f1e4e90f3f517362d1f0d86129448dbb51a9890353ed63ed0111bae36bf018af,run,970658999.0152949,29958.611080718983,3983d203bdd99e9874e866b7f8e5ab79b123d1db4e66f0e4cd6b46d5d68757ad,rsim-001-smoke.1,non-authoritative representative architecture challenge; not attack or spacecraft validation,4,43200.0,,-2.7358432816981804e-06,0,0.0,0.0,True,constant_reference,W0 — constant reference,[],"{""battery_never_creates_energy"":true,""electrical_balance_closes"":true,""executed_le_design"":true,""executed_le_requested"":true,""fdir_never_increases_power"":true,""finite_state"":true,""housekeeping_priority"":true,""no_hidden_clipping"":true,""soc_within_bounds"":true}","[""time_s"",""rng""]"
A0_CROSS_ENVIRONMENT_NOMINAL_FEASIBLE,483214199.5405104,552244799.474824,1035458999.0153346,RSIM-001-smoke,0.0,0.0,0.0,1.0,2.8734561055898666e-05,0.001991395957369561,74525192.87664351,0.0,E0_CANONICAL,8.0,5400.0,970658999.0152949,29958.611080718983,c41ba70774ef4912330f798afd47954f0ba5c380068adb087cd8f12a82a53c30,,,0.2286144801223639,2bf50b710c5028c469736791796328ef22636056,0.62,0.62,0.9,,3.2960932003334165e-05,0.9,43200.0,10800.0,canonical_wrb_wall_clock,0.2286144801223639,POWER_CONSTRAINED,TSM-01-v0.4.4-canonical-with-RSIM-wrapper-v1,29958.61108071898,324.05157329277387,313.48568547297754,29958.61108071898,f1e4e90f3f517362d1f0d86129448dbb51a9890353ed63ed0111bae36bf018af,run,970658999.0152949,29958.611080718983,3983d203bdd99e9874e866b7f8e5ab79b123d1db4e66f0e4cd6b46d5d68757ad,rsim-001-smoke.1,non-authoritative representative architecture challenge; not attack or spacecraft validation,4,43200.0,1439151157.8947375,-2.7358432816981804e-06,0,0.0,0.0,True,constant_reference,W0 — constant reference,[],"{""battery_never_creates_energy"":true,""electrical_balance_closes"":true,""executed_le_design"":true,""executed_le_requested"":true,""fdir_never_increases_power"":true,""finite_state"":true,""housekeeping_priority"":true,""initialization_domination_flag"":false,""no_hidden_clipping"":true,""soc_within_bounds"":true}","[""time_s"",""rng""]"
A0_CROSS_ENVIRONMENT_NOMINAL_FEASIBLE,483214199.5405104,552244799.474824,1035458999.0153346,RSIM-001-smoke,0.0,0.0,0.0,1.0,2.8734561055898666e-05,0.001991395957369561,74525192.87664351,0.0,E0_CANONICAL,8.0,5400.0,970658999.0152949,29958.611080718983,c41ba70774ef4912330f798afd47954f0ba5c380068adb087cd8f12a82a53c30,RSIM canonical-derived monotone FDIR,30.0,0.2286144801223639,2bf50b710c5028c469736791796328ef22636056,0.62,0.62,0.9,,3.2960932003334165e-05,0.9,43200.0,10800.0,canonical_wrb_wall_clock,0.2286144801223639,CLOSED_LOOP,TSM-01-v0.4.4-canonical-with-RSIM-wrapper-v1,29958.61108071898,324.05157329277387,313.48568547297754,29958.61108071898,f1e4e90f3f517362d1f0d86129448dbb51a9890353ed63ed0111bae36bf018af,run,970658999.0152949,29958.611080718983,3983d203bdd99e9874e866b7f8e5ab79b123d1db4e66f0e4cd6b46d5d68757ad,rsim-001-smoke.1,non-authoritative representative architecture challenge; not attack or spacecraft validation,4,43200.0,1439151157.8947375,-2.7358432816981804e-06,0,0.0,0.0,True,constant_reference,W0 — constant reference,[],"{""battery_never_creates_energy"":true,""electrical_balance_closes"":true,""executed_le_design"":true,""executed_le_requested"":true,""fdir_never_increases_power"":true,""finite_state"":true,""housekeeping_priority"":true,""initialization_domination_flag"":false,""no_hidden_clipping"":true,""soc_within_bounds"":true}","[""time_s"",""rng""]"
A0_CROSS_ENVIRONMENT_NOMINAL_FEASIBLE,,,,RSIM-001-smoke,0.0,0.0,0.0,1.0,,,,,E1_REPRESENTATIVE_ANALYTIC_LEO,7.527453229594017,5738.992815014798,970658999.0152949,29958.611080718983,c41ba70774ef4912330f798afd47954f0ba5c380068adb087cd8f12a82a53c30,,,,2bf50b710c5028c469736791796328ef22636056,0.6325617283950616,0.6325617283950616,,,,,43200.0,10800.0,canonical_wrb_wall_clock,,THERMAL_ONLY,TSM-01-v0.4.4-canonical-with-RSIM-wrapper-v1,29958.61108071898,331.5795283623332,320.9662888926303,29958.61108071898,b348f00169c885d3849e406bf8ee33c9e3461c493394179d38bcd5672eae6285,run,970658999.0152949,29958.611080718983,3983d203bdd99e9874e866b7f8e5ab79b123d1db4e66f0e4cd6b46d5d68757ad,rsim-001-smoke.1,non-authoritative representative architecture challenge; not attack or spacecraft validation,4,43200.0,,-2.9767556952720042e-06,0,0.0,0.0,True,constant_reference,W0 — constant reference,"[""E1 is a fixed-wall-clock representative environment challenge, not a periodic/steady-state result"",""E1 radiator incidence and Earth-view factors are ASSUMED_EXPLORATORY"",""E1 albedo is a bounded analytic approximation, not a flight environment model""]","{""battery_never_creates_energy"":true,""electrical_balance_closes"":true,""executed_le_design"":true,""executed_le_requested"":true,""fdir_never_increases_power"":true,""finite_state"":true,""housekeeping_priority"":true,""no_hidden_clipping"":true,""soc_within_bounds"":true}","[""time_s"",""rng""]"
A0_CROSS_ENVIRONMENT_NOMINAL_FEASIBLE,502994897.7673127,544204685.7397798,1047199583.5070925,RSIM-001-smoke,0.0,0.0,0.0,1.0,2.8654430934693664e-05,0.001996197731580188,58907185.166862056,0.0,E1_REPRESENTATIVE_ANALYTIC_LEO,7.527453229594017,5738.992815014798,970658999.0152949,29958.611080718983,c41ba70774ef4912330f798afd47954f0ba5c380068adb087cd8f12a82a53c30,,,0.4991972408137829,2bf50b710c5028c469736791796328ef22636056,0.6325617283950616,0.6325617283950616,0.9,,3.53421492036432e-05,0.9,43200.0,10800.0,canonical_wrb_wall_clock,0.20113086234959776,POWER_CONSTRAINED,TSM-01-v0.4.4-canonical-with-RSIM-wrapper-v1,29958.61108071898,331.5795283623332,320.9662888926303,29958.61108071898,b348f00169c885d3849e406bf8ee33c9e3461c493394179d38bcd5672eae6285,run,970658999.0152949,29958.611080718983,3983d203bdd99e9874e866b7f8e5ab79b123d1db4e66f0e4cd6b46d5d68757ad,rsim-001-smoke.1,non-authoritative representative architecture challenge; not attack or spacecraft validation,4,43200.0,1451993045.840408,-2.9767556952720042e-06,0,0.0,0.0,True,constant_reference,W0 — constant reference,"[""E1 is a fixed-wall-clock representative environment challenge, not a periodic/steady-state result"",""E1 radiator incidence and Earth-view factors are ASSUMED_EXPLORATORY"",""E1 albedo is a bounded analytic approximation, not a flight environment model""]","{""battery_never_creates_energy"":true,""electrical_balance_closes"":true,""executed_le_design"":true,""executed_le_requested"":true,""fdir_never_increases_power"":true,""finite_state"":true,""housekeeping_priority"":true,""initialization_domination_flag"":false,""no_hidden_clipping"":true,""soc_within_bounds"":true}","[""time_s"",""rng""]"
A0_CROSS_ENVIRONMENT_NOMINAL_FEASIBLE,502994897.7673127,544204685.7397798,1047199583.5070925,RSIM-001-smoke,0.0,0.0,0.0,1.0,2.8654430934693664e-05,0.001996197731580188,58907185.166862056,0.0,E1_REPRESENTATIVE_ANALYTIC_LEO,7.527453229594017,5738.992815014798,970658999.0152949,29958.611080718983,c41ba70774ef4912330f798afd47954f0ba5c380068adb087cd8f12a82a53c30,RSIM canonical-derived monotone FDIR,30.0,0.4991972408137829,2bf50b710c5028c469736791796328ef22636056,0.6325617283950616,0.6325617283950616,0.9,,3.53421492036432e-05,0.9,43200.0,10800.0,canonical_wrb_wall_clock,0.20113086234959776,CLOSED_LOOP,TSM-01-v0.4.4-canonical-with-RSIM-wrapper-v1,29958.61108071898,331.5795283623332,320.9662888926303,29958.61108071898,b348f00169c885d3849e406bf8ee33c9e3461c493394179d38bcd5672eae6285,run,970658999.0152949,29958.611080718983,3983d203bdd99e9874e866b7f8e5ab79b123d1db4e66f0e4cd6b46d5d68757ad,rsim-001-smoke.1,non-authoritative representative architecture challenge; not attack or spacecraft validation,4,43200.0,1451993045.840408,-2.9767556952720042e-06,0,0.0,0.0,True,constant_reference,W0 — constant reference,"[""E1 is a fixed-wall-clock representative environment challenge, not a periodic/steady-state result"",""E1 radiator incidence and Earth-view factors are ASSUMED_EXPLORATORY"",""E1 albedo is a bounded analytic approximation, not a flight environment model""]","{""battery_never_creates_energy"":true,""electrical_balance_closes"":true,""executed_le_design"":true,""executed_le_requested"":true,""fdir_never_increases_power"":true,""finite_state"":true,""housekeeping_priority"":true,""initialization_domination_flag"":false,""no_hidden_clipping"":true,""soc_within_bounds"":true}","[""time_s"",""rng""]"
A0_CROSS_ENVIRONMENT_NOMINAL_FEASIBLE,,,,RSIM-001-smoke,0.0,0.0,1.9489535968924656,1.0,,,,,E0_CANONICAL,8.0,5400.0,970658999.0152949,29958.611080718976,8a330c3c27aaadd942a18649ac51715da6a10b938f89ec041a522b5b335d50a0,,,,2bf50b710c5028c469736791796328ef22636056,0.6215341477750969,0.6215341477750969,,,,,43200.0,10800.0,canonical_wrb_wall_clock,,THERMAL_ONLY,TSM-01-v0.4.4-canonical-with-RSIM-wrapper-v1,36575.716856476916,326.00052688966633,314.97222805060454,36575.716856476916,f1e4e90f3f517362d1f0d86129448dbb51a9890353ed63ed0111bae36bf018af,run,970658999.0152949,29958.611080718976,77ea95a9d2d9f8b3340622fde2f278745c7414136950002f991037a5720489ac,rsim-001-smoke.1,non-authoritative representative architecture challenge; not attack or spacecraft validation,4,43200.0,,-1.0166877473238856e-07,0,0.0,0.0,True,diversified_stochastic,W1 — diversified stochastic,[],"{""battery_never_creates_energy"":true,""electrical_balance_closes"":true,""executed_le_design"":true,""executed_le_requested"":true,""fdir_never_increases_power"":true,""finite_state"":true,""housekeeping_priority"":true,""no_hidden_clipping"":true,""soc_within_bounds"":true}","[""time_s"",""rng""]"
A0_CROSS_ENVIRONMENT_NOMINAL_FEASIBLE,483617610.4092942,552952580.4227829,1036570190.8320773,RSIM-001-smoke,0.0,0.0,1.9489535968924656,1.0,-1.7417674825992435e-05,0.0019921037383175202,72954416.09462276,0.0,E0_CANONICAL,8.0,5400.0,970658999.0152949,29958.611080718976,8a330c3c27aaadd942a18649ac51715da6a10b938f89ec041a522b5b335d50a0,,,0.22565420360724564,2bf50b710c5028c469736791796328ef22636056,0.6215341477750969,0.6215341477750969,0.9,,1.743133907439187e-05,0.9,43200.0,10800.0,canonical_wrb_wall_clock,0.20690384055775585,POWER_CONSTRAINED,TSM-01-v0.4.4-canonical-with-RSIM-wrapper-v1,36575.716856476916,326.00052688966633,314.97222805060454,36575.716856476916,f1e4e90f3f517362d1f0d86129448dbb51a9890353ed63ed0111bae36bf018af,run,970658999.0152949,29958.611080718976,77ea95a9d2d9f8b3340622fde2f278745c7414136950002f991037a5720489ac,rsim-001-smoke.1,non-authoritative representative architecture challenge; not attack or spacecraft validation,4,43200.0,1439151157.8947375,-1.0166877473238856e-07,0,0.0,0.0,True,diversified_stochastic,W1 — diversified stochastic,[],"{""battery_never_creates_energy"":true,""electrical_balance_closes"":true,""executed_le_design"":true,""executed_le_requested"":true,""fdir_never_increases_power"":true,""finite_state"":true,""housekeeping_priority"":true,""initialization_domination_flag"":false,""no_hidden_clipping"":true,""soc_within_bounds"":true}","[""time_s"",""rng""]"
A0_CROSS_ENVIRONMENT_NOMINAL_FEASIBLE,483617610.4092942,552952580.4227829,1036570190.8320773,RSIM-001-smoke,0.0,0.0,1.9489535968924656,1.0,-1.7417674825992435e-05,0.0019921037383175202,72954416.09462276,0.0,E0_CANONICAL,8.0,5400.0,970658999.0152949,29958.611080718976,8a330c3c27aaadd942a18649ac51715da6a10b938f89ec041a522b5b335d50a0,RSIM canonical-derived monotone FDIR,30.0,0.22565420360724564,2bf50b710c5028c469736791796328ef22636056,0.6215341477750969,0.6215341477750969,0.9,,1.743133907439187e-05,0.9,43200.0,10800.0,canonical_wrb_wall_clock,0.20690384055775585,CLOSED_LOOP,TSM-01-v0.4.4-canonical-with-RSIM-wrapper-v1,36575.716856476916,326.00052688966633,314.97222805060454,36575.716856476916,f1e4e90f3f517362d1f0d86129448dbb51a9890353ed63ed0111bae36bf018af,run,970658999.0152949,29958.611080718976,77ea95a9d2d9f8b3340622fde2f278745c7414136950002f991037a5720489ac,rsim-001-smoke.1,non-authoritative representative architecture challenge; not attack or spacecraft validation,4,43200.0,1439151157.8947375,-1.0166877473238856e-07,0,0.0,0.0,True,diversified_stochastic,W1 — diversified stochastic,[],"{""battery_never_creates_energy"":true,""electrical_balance_closes"":true,""executed_le_design"":true,""executed_le_requested"":true,""fdir_never_increases_power"":true,""finite_state"":true,""housekeeping_priority"":true,""initialization_domination_flag"":false,""no_hidden_clipping"":true,""soc_within_bounds"":true}","[""time_s"",""rng""]"
A0_CROSS_ENVIRONMENT_NOMINAL_FEASIBLE,,,,RSIM-001-smoke,0.0,0.0,1.9649455048770506,1.0,,,,,E1_REPRESENTATIVE_ANALYTIC_LEO,7.527453229594017,5738.992815014798,970658999.0152949,29958.611080718976,8a330c3c27aaadd942a18649ac51715da6a10b938f89ec041a522b5b335d50a0,,,,2bf50b710c5028c469736791796328ef22636056,0.6331836211713969,0.6331836211713969,,,,,43200.0,10800.0,canonical_wrb_wall_clock,,THERMAL_ONLY,TSM-01-v0.4.4-canonical-with-RSIM-wrapper-v1,36575.716856476916,333.54447386721023,322.57178885613746,36575.716856476916,b348f00169c885d3849e406bf8ee33c9e3461c493394179d38bcd5672eae6285,run,970658999.0152949,29958.611080718976,77ea95a9d2d9f8b3340622fde2f278745c7414136950002f991037a5720489ac,rsim-001-smoke.1,non-authoritative representative architecture challenge; not attack or spacecraft validation,4,43200.0,,-4.509074642555788e-07,0,0.0,0.0,True,diversified_stochastic,W1 — diversified stochastic,"[""E1 is a fixed-wall-clock representative environment challenge, not a periodic/steady-state result"",""E1 radiator incidence and Earth-view factors are ASSUMED_EXPLORATORY"",""E1 albedo is a bounded analytic approximation, not a flight environment model""]","{""battery_never_creates_energy"":true,""electrical_balance_closes"":true,""executed_le_design"":true,""executed_le_requested"":true,""fdir_never_increases_power"":true,""finite_state"":true,""housekeeping_priority"":true,""no_hidden_clipping"":true,""soc_within_bounds"":true}","[""time_s"",""rng""]"
A0_CROSS_ENVIRONMENT_NOMINAL_FEASIBLE,500756001.08614886,540402237.9568434,1041158239.0429924,RSIM-001-smoke,2357366.1057944125,0.002428624376002171,1.9649421442266544,1.0,-1.4308032405097038e-05,0.0019923952837972514,59596215.08991565,215773.90884432272,E1_REPRESENTATIVE_ANALYTIC_LEO,7.527453229594017,5738.992815014798,968301632.9095005,29885.852867577174,a7d3c0b342dcf89df318efe7125a2133f8c5da6944641e3638742ef852dbcf4c,,,0.5144042007756824,2bf50b710c5028c469736791796328ef22636056,0.6347251300944053,0.6331836211713969,0.9,SYSTEM_POWER_DEFICIT,1.4492183254333213e-05,0.9,43200.0,10800.0,canonical_wrb_wall_clock,0.2,POWER_CONSTRAINED,TSM-01-v0.4.4-canonical-with-RSIM-wrapper-v1,36575.716856476916,333.54447050655983,322.5717860383429,36575.716856476916,b348f00169c885d3849e406bf8ee33c9e3461c493394179d38bcd5672eae6285,run,970658999.0152949,29958.611080718976,77ea95a9d2d9f8b3340622fde2f278745c7414136950002f991037a5720489ac,rsim-001-smoke.1,non-authoritative representative architecture challenge; not attack or spacecraft validation,4,43200.0,1451993045.840408,-1.2678824532486033e-06,0,0.0,0.0,False,diversified_stochastic,W1 — diversified stochastic,"[""E1 is a fixed-wall-clock representative environment challenge, not a periodic/steady-state result"",""E1 radiator incidence and Earth-view factors are ASSUMED_EXPLORATORY"",""E1 albedo is a bounded analytic approximation, not a flight environment model"",""battery initialization-domination diagnostic flagged""]","{""battery_never_creates_energy"":true,""electrical_balance_closes"":true,""executed_le_design"":true,""executed_le_requested"":true,""fdir_never_increases_power"":true,""finite_state"":true,""housekeeping_priority"":true,""initialization_domination_flag"":true,""no_hidden_clipping"":true,""soc_within_bounds"":true}","[""time_s"",""rng""]"
A0_CROSS_ENVIRONMENT_NOMINAL_FEASIBLE,500756001.08614886,540402237.9568434,1041158239.0429924,RSIM-001-smoke,2357366.1057944125,0.002428624376002171,1.9649421442266544,1.0,-1.4308032405097038e-05,0.0019923952837972514,59596215.08991565,215773.90884432272,E1_REPRESENTATIVE_ANALYTIC_LEO,7.527453229594017,5738.992815014798,968301632.9095005,29885.852867577174,a7d3c0b342dcf89df318efe7125a2133f8c5da6944641e3638742ef852dbcf4c,RSIM canonical-derived monotone FDIR,30.0,0.5144042007756824,2bf50b710c5028c469736791796328ef22636056,0.6347251300944053,0.6331836211713969,0.9,SYSTEM_POWER_DEFICIT,1.4492183254333213e-05,0.9,43200.0,10800.0,canonical_wrb_wall_clock,0.2,CLOSED_LOOP,TSM-01-v0.4.4-canonical-with-RSIM-wrapper-v1,36575.716856476916,333.54447050655983,322.5717860383429,36575.716856476916,b348f00169c885d3849e406bf8ee33c9e3461c493394179d38bcd5672eae6285,run,970658999.0152949,29958.611080718976,77ea95a9d2d9f8b3340622fde2f278745c7414136950002f991037a5720489ac,rsim-001-smoke.1,non-authoritative representative architecture challenge; not attack or spacecraft validation,4,43200.0,1451993045.840408,-1.2678824532486033e-06,0,0.0,0.0,False,diversified_stochastic,W1 — diversified stochastic,"[""E1 is a fixed-wall-clock representative environment challenge, not a periodic/steady-state result"",""E1 radiator incidence and Earth-view factors are ASSUMED_EXPLORATORY"",""E1 albedo is a bounded analytic approximation, not a flight environment model"",""battery initialization-domination diagnostic flagged""]","{""battery_never_creates_energy"":true,""electrical_balance_closes"":true,""executed_le_design"":true,""executed_le_requested"":true,""fdir_never_increases_power"":true,""finite_state"":true,""housekeeping_priority"":true,""initialization_domination_flag"":true,""no_hidden_clipping"":true,""soc_within_bounds"":true}","[""time_s"",""rng""]"
A0_CROSS_ENVIRONMENT_NOMINAL_FEASIBLE,,,,RSIM-001-smoke,0.0,0.0,7.374608524595487,1.0,,,,,E0_CANONICAL,8.0,5400.0,970658999.0152949,29958.611080718976,ab958433527013d1df16cbed590908793f188c3b17c09540f75824149da7650c,,,,2bf50b710c5028c469736791796328ef22636056,0.6231788802864279,0.6231788802864279,,,,,43200.0,10800.0,canonical_wrb_wall_clock,,THERMAL_ONLY,TSM-01-v0.4.4-canonical-with-RSIM-wrapper-v1,39943.67193387135,331.42618181736935,319.1357976530044,39943.67193387135,f1e4e90f3f517362d1f0d86129448dbb51a9890353ed63ed0111bae36bf018af,run,970658999.0152949,29958.611080718976,d84d99bcd64ea8bbdc7379b45bd98ad5b0f6d7feee9a9598fccc2205ebbda012,rsim-001-smoke.1,non-authoritative representative architecture challenge; not attack or spacecraft validation,4,43200.0,,-1.769153641362209e-07,0,0.0,0.0,True,bursty_benign,W2 — bursty benign,[],"{""battery_never_creates_energy"":true,""electrical_balance_closes"":true,""executed_le_design"":true,""executed_le_requested"":true,""fdir_never_increases_power"":true,""finite_state"":true,""housekeeping_priority"":true,""no_hidden_clipping"":true,""soc_within_bounds"":true}","[""time_s"",""rng""]"
A0_CROSS_ENVIRONMENT_NOMINAL_FEASIBLE,461967975.56926584,533940662.68180275,995908638.2510686,RSIM-001-smoke,6788768.8148830915,0.006993979164433749,7.374608524595487,1.0,-9.756562576512806e-06,0.00197309182057654,96217133.20522995,382000.0,E0_CANONICAL,8.0,5400.0,963870230.2004118,29749.081179025055,de94c174377606ff48617a6df802fd530aebb40e01018ee3f69954a50c46c8f2,,,0.2,2bf50b710c5028c469736791796328ef22636056,0.6275680783506763,0.6231788802864279,0.9,SYSTEM_POWER_DEFICIT,1.5869767594267614e-05,0.9,43200.0,10800.0,canonical_wrb_wall_clock,0.2,POWER_CONSTRAINED,TSM-01-v0.4.4-canonical-with-RSIM-wrapper-v1,39943.67193387135,331.42618181736935,319.1357976530044,39943.67193387135,f1e4e90f3f517362d1f0d86129448dbb51a9890353ed63ed0111bae36bf018af,run,970658999.0152949,29958.611080718976,d84d99bcd64ea8bbdc7379b45bd98ad5b0f6d7feee9a9598fccc2205ebbda012,rsim-001-smoke.1,non-authoritative representative architecture challenge; not attack or spacecraft validation,4,43200.0,1439151157.8947375,-1.8925311451312155e-07,0,0.0,0.0,False,bursty_benign,W2 — bursty benign,[],"{""battery_never_creates_energy"":true,""electrical_balance_closes"":true,""executed_le_design"":true,""executed_le_requested"":true,""fdir_never_increases_power"":true,""finite_state"":true,""housekeeping_priority"":true,""initialization_domination_flag"":false,""no_hidden_clipping"":true,""soc_within_bounds"":true}","[""time_s"",""rng""]"
A0_CROSS_ENVIRONMENT_NOMINAL_FEASIBLE,461967975.56926584,533940662.68180275,995908638.2510686,RSIM-001-smoke,6788768.8148830915,0.006993979164433749,7.374608524595487,1.0,-9.756562576512806e-06,0.00197309182057654,96217133.20522995,382000.0,E0_CANONICAL,8.0,5400.0,963870230.2004118,29749.081179025055,de94c174377606ff48617a6df802fd530aebb40e01018ee3f69954a50c46c8f2,RSIM canonical-derived monotone FDIR,30.0,0.2,2bf50b710c5028c469736791796328ef22636056,0.6275680783506763,0.6231788802864279,0.9,SYSTEM_POWER_DEFICIT,1.5869767594267614e-05,0.9,43200.0,10800.0,canonical_wrb_wall_clock,0.2,CLOSED_LOOP,TSM-01-v0.4.4-canonical-with-RSIM-wrapper-v1,39943.67193387135,331.42618181736935,319.1357976530044,39943.67193387135,f1e4e90f3f517362d1f0d86129448dbb51a9890353ed63ed0111bae36bf018af,run,970658999.0152949,29958.611080718976,d84d99bcd64ea8bbdc7379b45bd98ad5b0f6d7feee9a9598fccc2205ebbda012,rsim-001-smoke.1,non-authoritative representative architecture challenge; not attack or spacecraft validation,4,43200.0,1439151157.8947375,-1.8925311451312155e-07,0,0.0,0.0,False,bursty_benign,W2 — bursty benign,[],"{""battery_never_creates_energy"":true,""electrical_balance_closes"":true,""executed_le_design"":true,""executed_le_requested"":true,""fdir_never_increases_power"":true,""finite_state"":true,""housekeeping_priority"":true,""initialization_domination_flag"":false,""no_hidden_clipping"":true,""soc_within_bounds"":true}","[""time_s"",""rng""]"
A0_CROSS_ENVIRONMENT_NOMINAL_FEASIBLE,,,,RSIM-001-smoke,0.0,0.0,7.296188902734912,1.0,,,,,E1_REPRESENTATIVE_ANALYTIC_LEO,7.527453229594017,5738.992815014798,970658999.0152949,29958.611080718976,ab958433527013d1df16cbed590908793f188c3b17c09540f75824149da7650c,,,,2bf50b710c5028c469736791796328ef22636056,0.6331512875578262,0.6331512875578262,,,,,43200.0,10800.0,canonical_wrb_wall_clock,,THERMAL_ONLY,TSM-01-v0.4.4-canonical-with-RSIM-wrapper-v1,39943.67193387135,338.8757172650681,326.63400652961496,39943.67193387135,b348f00169c885d3849e406bf8ee33c9e3461c493394179d38bcd5672eae6285,run,970658999.0152949,29958.611080718976,d84d99bcd64ea8bbdc7379b45bd98ad5b0f6d7feee9a9598fccc2205ebbda012,rsim-001-smoke.1,non-authoritative representative architecture challenge; not attack or spacecraft validation,4,43200.0,,7.318253665289376e-07,0,0.0,0.0,True,bursty_benign,W2 — bursty benign,"[""E1 is a fixed-wall-clock representative environment challenge, not a periodic/steady-state result"",""E1 radiator incidence and Earth-view factors are ASSUMED_EXPLORATORY"",""E1 albedo is a bounded analytic approximation, not a flight environment model""]","{""battery_never_creates_energy"":true,""electrical_balance_closes"":true,""executed_le_design"":true,""executed_le_requested"":true,""fdir_never_increases_power"":true,""finite_state"":true,""housekeeping_priority"":true,""no_hidden_clipping"":true,""soc_within_bounds"":true}","[""time_s"",""rng""]"
A0_CROSS_ENVIRONMENT_NOMINAL_FEASIBLE,489621229.8351039,541135111.9445158,1030756341.7796197,RSIM-001-smoke,2340753.175729965,0.0024115092716438936,7.172329429065428,1.0,-5.345646059140563e-07,0.001993128157784924,88777192.29997432,636000.0,E1_REPRESENTATIVE_ANALYTIC_LEO,7.527453229594017,5738.992815014798,968318245.8395649,29886.365612332247,03002bc7d5c1ba1699c13d2fc532a3b1f07bb09578811b9135b7b4575318ec56,,,0.3989805310421678,2bf50b710c5028c469736791796328ef22636056,0.6346818286722131,0.6331512875578262,0.9,SYSTEM_POWER_DEFICIT,1.3854843928129412e-05,0.9,43200.0,10800.0,canonical_wrb_wall_clock,0.2,POWER_CONSTRAINED,TSM-01-v0.4.4-canonical-with-RSIM-wrapper-v1,39943.67193387135,338.7518577913986,326.63400001604236,39943.67193387135,b348f00169c885d3849e406bf8ee33c9e3461c493394179d38bcd5672eae6285,run,970658999.0152949,29958.611080718976,d84d99bcd64ea8bbdc7379b45bd98ad5b0f6d7feee9a9598fccc2205ebbda012,rsim-001-smoke.1,non-authoritative representative architecture challenge; not attack or spacecraft validation,4,43200.0,1451993045.840408,5.878800948266871e-07,0,0.0,0.0,False,bursty_benign,W2 — bursty benign,"[""E1 is a fixed-wall-clock representative environment challenge, not a periodic/steady-state result"",""E1 radiator incidence and Earth-view factors are ASSUMED_EXPLORATORY"",""E1 albedo is a bounded analytic approximation, not a flight environment model"",""battery initialization-domination diagnostic flagged""]","{""battery_never_creates_energy"":true,""electrical_balance_closes"":true,""executed_le_design"":true,""executed_le_requested"":true,""fdir_never_increases_power"":true,""finite_state"":true,""housekeeping_priority"":true,""initialization_domination_flag"":true,""no_hidden_clipping"":true,""soc_within_bounds"":true}","[""time_s"",""rng""]"
A0_CROSS_ENVIRONMENT_NOMINAL_FEASIBLE,489621229.8351039,541135111.9445158,1030756341.7796197,RSIM-001-smoke,2340753.175729965,0.0024115092716438936,7.172329429065428,1.0,-5.345646059140563e-07,0.001993128157784924,88777192.29997432,636000.0,E1_REPRESENTATIVE_ANALYTIC_LEO,7.527453229594017,5738.992815014798,968318245.8395649,29886.365612332247,03002bc7d5c1ba1699c13d2fc532a3b1f07bb09578811b9135b7b4575318ec56,RSIM canonical-derived monotone FDIR,30.0,0.3989805310421678,2bf50b710c5028c469736791796328ef22636056,0.6346818286722131,0.6331512875578262,0.9,SYSTEM_POWER_DEFICIT,1.3854843928129412e-05,0.9,43200.0,10800.0,canonical_wrb_wall_clock,0.2,CLOSED_LOOP,TSM-01-v0.4.4-canonical-with-RSIM-wrapper-v1,39943.67193387135,338.7518577913986,326.63400001604236,39943.67193387135,b348f00169c885d3849e406bf8ee33c9e3461c493394179d38bcd5672eae6285,run,970658999.0152949,29958.611080718976,d84d99bcd64ea8bbdc7379b45bd98ad5b0f6d7feee9a9598fccc2205ebbda012,rsim-001-smoke.1,non-authoritative representative architecture challenge; not attack or spacecraft validation,4,43200.0,1451993045.840408,5.878800948266871e-07,0,0.0,0.0,False,bursty_benign,W2 — bursty benign,"[""E1 is a fixed-wall-clock representative environment challenge, not a periodic/steady-state result"",""E1 radiator incidence and Earth-view factors are ASSUMED_EXPLORATORY"",""E1 albedo is a bounded analytic approximation, not a flight environment model"",""battery initialization-domination diagnostic flagged""]","{""battery_never_creates_energy"":true,""electrical_balance_closes"":true,""executed_le_design"":true,""executed_le_requested"":true,""fdir_never_increases_power"":true,""finite_state"":true,""housekeeping_priority"":true,""initialization_domination_flag"":true,""no_hidden_clipping"":true,""soc_within_bounds"":true}","[""time_s"",""rng""]"
A0_CROSS_ENVIRONMENT_NOMINAL_FEASIBLE,,,,RSIM-001-smoke,0.0,0.0,7.312870591079445,1.0,,,,,E0_CANONICAL,8.0,5400.0,970658999.0152949,29958.61108071898,2e9b5b5dce919a2e231ebfb311e73cfd5465e06cf8457d986eec47b7932b8417,,,,2bf50b710c5028c469736791796328ef22636056,0.6199520099037238,0.6199520099037238,,,,,43200.0,10800.0,canonical_wrb_wall_clock,,THERMAL_ONLY,TSM-01-v0.4.4-canonical-with-RSIM-wrapper-v1,40000.0,331.3644438838533,319.10260904903066,40000.0,f1e4e90f3f517362d1f0d86129448dbb51a9890353ed63ed0111bae36bf018af,run,970658999.0152949,29958.61108071898,95d6ccbd50e52c66e7943607251eca1c08caa648a79b5ce7ef69222d57ec1a3c,rsim-001-smoke.1,non-authoritative representative architecture challenge; not attack or spacecraft validation,4,43200.0,,1.7330366972601041e-06,0,0.0,0.0,True,queue_driven_benign,W3 — queue-driven benign,[],"{""battery_never_creates_energy"":true,""electrical_balance_closes"":true,""executed_le_design"":true,""executed_le_requested"":true,""fdir_never_increases_power"":true,""finite_state"":true,""housekeeping_priority"":true,""no_hidden_clipping"":true,""soc_within_bounds"":true}","[""time_s"",""rng""]"
A0_CROSS_ENVIRONMENT_NOMINAL_FEASIBLE,460055210.08425385,531328436.3664049,991383646.4506587,RSIM-001-smoke,12184859.264183747,0.012553182195338351,7.2346421022282925,1.0,-8.595799954491667e-06,0.0019704795942611423,89154916.0917026,853586.0316781575,E0_CANONICAL,8.0,5400.0,958474139.7511111,29582.535177503436,1713e579ae76f1e10d9f43231da16d3b87f8ce18f59246bfe68bcb112c69ede2,,,0.20680289427721515,2bf50b710c5028c469736791796328ef22636056,0.6278333159066029,0.6199520099037238,0.9,SYSTEM_POWER_DEFICIT,1.5278670161933405e-05,0.9,43200.0,10800.0,canonical_wrb_wall_clock,0.2,POWER_CONSTRAINED,TSM-01-v0.4.4-canonical-with-RSIM-wrapper-v1,40000.0,331.28621539500216,319.03607423026693,40000.0,f1e4e90f3f517362d1f0d86129448dbb51a9890353ed63ed0111bae36bf018af,run,970658999.0152949,29958.61108071898,95d6ccbd50e52c66e7943607251eca1c08caa648a79b5ce7ef69222d57ec1a3c,rsim-001-smoke.1,non-authoritative representative architecture challenge; not attack or spacecraft validation,4,43200.0,1439151157.8947375,6.473696885223035e-07,0,0.0,0.0,False,queue_driven_benign,W3 — queue-driven benign,[],"{""battery_never_creates_energy"":true,""electrical_balance_closes"":true,""executed_le_design"":true,""executed_le_requested"":true,""fdir_never_increases_power"":true,""finite_state"":true,""housekeeping_priority"":true,""initialization_domination_flag"":false,""no_hidden_clipping"":true,""soc_within_bounds"":true}","[""time_s"",""rng""]"
A0_CROSS_ENVIRONMENT_NOMINAL_FEASIBLE,460055210.08425385,531328436.3664049,991383646.4506587,RSIM-001-smoke,12184859.264183747,0.012553182195338351,7.2346421022282925,1.0,-8.595799954491667e-06,0.0019704795942611423,89154916.0917026,853586.0316781575,E0_CANONICAL,8.0,5400.0,958474139.7511111,29582.535177503436,1713e579ae76f1e10d9f43231da16d3b87f8ce18f59246bfe68bcb112c69ede2,RSIM canonical-derived monotone FDIR,30.0,0.20680289427721515,2bf50b710c5028c469736791796328ef22636056,0.6278333159066029,0.6199520099037238,0.9,SYSTEM_POWER_DEFICIT,1.5278670161933405e-05,0.9,43200.0,10800.0,canonical_wrb_wall_clock,0.2,CLOSED_LOOP,TSM-01-v0.4.4-canonical-with-RSIM-wrapper-v1,40000.0,331.28621539500216,319.03607423026693,40000.0,f1e4e90f3f517362d1f0d86129448dbb51a9890353ed63ed0111bae36bf018af,run,970658999.0152949,29958.61108071898,95d6ccbd50e52c66e7943607251eca1c08caa648a79b5ce7ef69222d57ec1a3c,rsim-001-smoke.1,non-authoritative representative architecture challenge; not attack or spacecraft validation,4,43200.0,1439151157.8947375,6.473696885223035e-07,0,0.0,0.0,False,queue_driven_benign,W3 — queue-driven benign,[],"{""battery_never_creates_energy"":true,""electrical_balance_closes"":true,""executed_le_design"":true,""executed_le_requested"":true,""fdir_never_increases_power"":true,""finite_state"":true,""housekeeping_priority"":true,""initialization_domination_flag"":false,""no_hidden_clipping"":true,""soc_within_bounds"":true}","[""time_s"",""rng""]"
A0_CROSS_ENVIRONMENT_NOMINAL_FEASIBLE,,,,RSIM-001-smoke,0.0,0.0,6.189009316922977,1.0,,,,,E1_REPRESENTATIVE_ANALYTIC_LEO,7.527453229594017,5738.992815014798,970658999.0152949,29958.61108071898,2e9b5b5dce919a2e231ebfb311e73cfd5465e06cf8457d986eec47b7932b8417,,,,2bf50b710c5028c469736791796328ef22636056,0.6337953288352409,0.6337953288352409,,,,,43200.0,10800.0,canonical_wrb_wall_clock,,THERMAL_ONLY,TSM-01-v0.4.4-canonical-with-RSIM-wrapper-v1,40000.0,337.76853767925616,324.9927832879239,40000.0,b348f00169c885d3849e406bf8ee33c9e3461c493394179d38bcd5672eae6285,run,970658999.0152949,29958.61108071898,95d6ccbd50e52c66e7943607251eca1c08caa648a79b5ce7ef69222d57ec1a3c,rsim-001-smoke.1,non-authoritative representative architecture challenge; not attack or spacecraft validation,4,43200.0,,1.5910381989669986e-07,0,0.0,0.0,True,queue_driven_benign,W3 — queue-driven benign,"[""E1 is a fixed-wall-clock representative environment challenge, not a periodic/steady-state result"",""E1 radiator incidence and Earth-view factors are ASSUMED_EXPLORATORY"",""E1 albedo is a bounded analytic approximation, not a flight environment model""]","{""battery_never_creates_energy"":true,""electrical_balance_closes"":true,""executed_le_design"":true,""executed_le_requested"":true,""fdir_never_increases_power"":true,""finite_state"":true,""housekeeping_priority"":true,""no_hidden_clipping"":true,""soc_within_bounds"":true}","[""time_s"",""rng""]"
A0_CROSS_ENVIRONMENT_NOMINAL_FEASIBLE,486653797.04362315,532677292.8067409,1019331089.850364,RSIM-001-smoke,9453055.811766895,0.009738802011166375,6.08029099555182,1.0,-1.9190820239600725e-06,0.001984670338647149,80776423.5428907,1003481.0831903692,E1_REPRESENTATIVE_ANALYTIC_LEO,7.527453229594017,5738.992815014798,961205943.203528,29666.85009887432,82e442e982ee7b610fb68631aceecb906c6c080320bcdc62d57837ee4ca61985,,,0.4523795438703834,2bf50b710c5028c469736791796328ef22636056,0.6400284390850056,0.6337953288352409,0.9,SYSTEM_POWER_DEFICIT,8.242538569902536e-06,0.9,43200.0,10800.0,canonical_wrb_wall_clock,0.2,POWER_CONSTRAINED,TSM-01-v0.4.4-canonical-with-RSIM-wrapper-v1,40000.0,337.659819357885,324.87834545255015,40000.0,b348f00169c885d3849e406bf8ee33c9e3461c493394179d38bcd5672eae6285,run,970658999.0152949,29958.61108071898,95d6ccbd50e52c66e7943607251eca1c08caa648a79b5ce7ef69222d57ec1a3c,rsim-001-smoke.1,non-authoritative representative architecture challenge; not attack or spacecraft validation,4,43200.0,1451993045.840408,-6.869577191537246e-07,0,0.0,0.0,False,queue_driven_benign,W3 — queue-driven benign,"[""E1 is a fixed-wall-clock representative environment challenge, not a periodic/steady-state result"",""E1 radiator incidence and Earth-view factors are ASSUMED_EXPLORATORY"",""E1 albedo is a bounded analytic approximation, not a flight environment model"",""battery initialization-domination diagnostic flagged""]","{""battery_never_creates_energy"":true,""electrical_balance_closes"":true,""executed_le_design"":true,""executed_le_requested"":true,""fdir_never_increases_power"":true,""finite_state"":true,""housekeeping_priority"":true,""initialization_domination_flag"":true,""no_hidden_clipping"":true,""soc_within_bounds"":true}","[""time_s"",""rng""]"
A0_CROSS_ENVIRONMENT_NOMINAL_FEASIBLE,486653797.04362315,532677292.8067409,1019331089.850364,RSIM-001-smoke,9453055.811766895,0.009738802011166375,6.08029099555182,1.0,-1.9190820239600725e-06,0.001984670338647149,80776423.5428907,1003481.0831903692,E1_REPRESENTATIVE_ANALYTIC_LEO,7.527453229594017,5738.992815014798,961205943.203528,29666.85009887432,82e442e982ee7b610fb68631aceecb906c6c080320bcdc62d57837ee4ca61985,RSIM canonical-derived monotone FDIR,30.0,0.4523795438703834,2bf50b710c5028c469736791796328ef22636056,0.6400284390850056,0.6337953288352409,0.9,SYSTEM_POWER_DEFICIT,8.242538569902536e-06,0.9,43200.0,10800.0,canonical_wrb_wall_clock,0.2,CLOSED_LOOP,TSM-01-v0.4.4-canonical-with-RSIM-wrapper-v1,40000.0,337.659819357885,324.87834545255015,40000.0,b348f00169c885d3849e406bf8ee33c9e3461c493394179d38bcd5672eae6285,run,970658999.0152949,29958.61108071898,95d6ccbd50e52c66e7943607251eca1c08caa648a79b5ce7ef69222d57ec1a3c,rsim-001-smoke.1,non-authoritative representative architecture challenge; not attack or spacecraft validation,4,43200.0,1451993045.840408,-6.869577191537246e-07,0,0.0,0.0,False,queue_driven_benign,W3 — queue-driven benign,"[""E1 is a fixed-wall-clock representative environment challenge, not a periodic/steady-state result"",""E1 radiator incidence and Earth-view factors are ASSUMED_EXPLORATORY"",""E1 albedo is a bounded analytic approximation, not a flight environment model"",""battery initialization-domination diagnostic flagged""]","{""battery_never_creates_energy"":true,""electrical_balance_closes"":true,""executed_le_design"":true,""executed_le_requested"":true,""fdir_never_increases_power"":true,""finite_state"":true,""housekeeping_priority"":true,""initialization_domination_flag"":true,""no_hidden_clipping"":true,""soc_within_bounds"":true}","[""time_s"",""rng""]"
A0_CROSS_ENVIRONMENT_NOMINAL_FEASIBLE,,,,RSIM-001-smoke,0.0,0.0,10.44646584348817,1.0,,,,,E0_CANONICAL,8.0,5400.0,970658999.0152949,29958.61108071898,6eafdbffd441befa30027e319906726beb6745ca07d1fd9ac7d98ddc5afb40ae,,,,2bf50b710c5028c469736791796328ef22636056,0.6863943970251403,0.6863943970251403,,,,,43200.0,10800.0,canonical_wrb_wall_clock,,THERMAL_ONLY,TSM-01-v0.4.4-canonical-with-RSIM-wrapper-v1,39024.842113890976,334.49803913626204,322.1261334759809,39024.842113890976,f1e4e90f3f517362d1f0d86129448dbb51a9890353ed63ed0111bae36bf018af,run,970658999.0152949,29958.61108071898,54777d7ca1eadafb0e1e2f22b84294f0a5a4e1c431784b653c52d1421ca04ad0,rsim-001-smoke.1,non-authoritative representative architecture challenge; not attack or spacecraft validation,4,43200.0,,4.741632437799126e-07,0,0.0,0.0,True,power_aware_benign,W4 — power-aware benign,[],"{""battery_never_creates_energy"":true,""electrical_balance_closes"":true,""executed_le_design"":true,""executed_le_requested"":true,""fdir_never_increases_power"":true,""finite_state"":true,""housekeeping_priority"":true,""no_hidden_clipping"":true,""soc_within_bounds"":true}","[""time_s"",""power_availability"",""rng""]"
A0_CROSS_ENVIRONMENT_NOMINAL_FEASIBLE,389389876.1216175,447118001.11417806,836507877.2357955,RSIM-001-smoke,0.0,0.0,10.44646584348817,1.0,-4.189267929177731e-05,0.0018862691590089153,110134801.49922602,0.0,E0_CANONICAL,8.0,5400.0,970658999.0152949,29958.61108071898,6eafdbffd441befa30027e319906726beb6745ca07d1fd9ac7d98ddc5afb40ae,,,0.33854135344984126,2bf50b710c5028c469736791796328ef22636056,0.6863943970251403,0.6863943970251403,0.9,,4.209327744320035e-05,0.9,43200.0,10800.0,canonical_wrb_wall_clock,0.3382771623621189,POWER_CONSTRAINED,TSM-01-v0.4.4-canonical-with-RSIM-wrapper-v1,39024.842113890976,334.49803913626204,322.1261334759809,39024.842113890976,f1e4e90f3f517362d1f0d86129448dbb51a9890353ed63ed0111bae36bf018af,run,970658999.0152949,29958.61108071898,54777d7ca1eadafb0e1e2f22b84294f0a5a4e1c431784b653c52d1421ca04ad0,rsim-001-smoke.1,non-authoritative representative architecture challenge; not attack or spacecraft validation,4,43200.0,1439151157.8947375,4.741632437799126e-07,0,0.0,0.0,True,power_aware_benign,W4 — power-aware benign,[],"{""battery_never_creates_energy"":true,""electrical_balance_closes"":true,""executed_le_design"":true,""executed_le_requested"":true,""fdir_never_increases_power"":true,""finite_state"":true,""housekeeping_priority"":true,""initialization_domination_flag"":false,""no_hidden_clipping"":true,""soc_within_bounds"":true}","[""time_s"",""power_availability"",""rng""]"
A0_CROSS_ENVIRONMENT_NOMINAL_FEASIBLE,389389876.1216175,447118001.11417806,836507877.2357955,RSIM-001-smoke,0.0,0.0,10.44646584348817,1.0,-4.189267929177731e-05,0.0018862691590089153,110134801.49922602,0.0,E0_CANONICAL,8.0,5400.0,970658999.0152949,29958.61108071898,6eafdbffd441befa30027e319906726beb6745ca07d1fd9ac7d98ddc5afb40ae,RSIM canonical-derived monotone FDIR,30.0,0.33854135344984126,2bf50b710c5028c469736791796328ef22636056,0.6863943970251403,0.6863943970251403,0.9,,4.209327744320035e-05,0.9,43200.0,10800.0,canonical_wrb_wall_clock,0.3382771623621189,CLOSED_LOOP,TSM-01-v0.4.4-canonical-with-RSIM-wrapper-v1,39024.842113890976,334.49803913626204,322.1261334759809,39024.842113890976,f1e4e90f3f517362d1f0d86129448dbb51a9890353ed63ed0111bae36bf018af,run,970658999.0152949,29958.61108071898,54777d7ca1eadafb0e1e2f22b84294f0a5a4e1c431784b653c52d1421ca04ad0,rsim-001-smoke.1,non-authoritative representative architecture challenge; not attack or spacecraft validation,4,43200.0,1439151157.8947375,4.741632437799126e-07,0,0.0,0.0,True,power_aware_benign,W4 — power-aware benign,[],"{""battery_never_creates_energy"":true,""electrical_balance_closes"":true,""executed_le_design"":true,""executed_le_requested"":true,""fdir_never_increases_power"":true,""finite_state"":true,""housekeeping_priority"":true,""initialization_domination_flag"":false,""no_hidden_clipping"":true,""soc_within_bounds"":true}","[""time_s"",""power_availability"",""rng""]"
A0_CROSS_ENVIRONMENT_NOMINAL_FEASIBLE,,,,RSIM-001-smoke,0.0,0.0,10.17951018686756,1.0,,,,,E1_REPRESENTATIVE_ANALYTIC_LEO,7.527453229594017,5738.992815014798,970658999.0152949,29958.61108071898,6eafdbffd441befa30027e319906726beb6745ca07d1fd9ac7d98ddc5afb40ae,,,,2bf50b710c5028c469736791796328ef22636056,0.6804909934515675,0.6804909934515675,,,,,43200.0,10800.0,canonical_wrb_wall_clock,,THERMAL_ONLY,TSM-01-v0.4.4-canonical-with-RSIM-wrapper-v1,39024.842113890976,341.75903854920074,329.1858982549875,39024.842113890976,b348f00169c885d3849e406bf8ee33c9e3461c493394179d38bcd5672eae6285,run,970658999.0152949,29958.61108071898,54777d7ca1eadafb0e1e2f22b84294f0a5a4e1c431784b653c52d1421ca04ad0,rsim-001-smoke.1,non-authoritative representative architecture challenge; not attack or spacecraft validation,4,43200.0,,3.2672005545464344e-07,0,0.0,0.0,True,power_aware_benign,W4 — power-aware benign,"[""E1 is a fixed-wall-clock representative environment challenge, not a periodic/steady-state result"",""E1 radiator incidence and Earth-view factors are ASSUMED_EXPLORATORY"",""E1 albedo is a bounded analytic approximation, not a flight environment model""]","{""battery_never_creates_energy"":true,""electrical_balance_closes"":true,""executed_le_design"":true,""executed_le_requested"":true,""fdir_never_increases_power"":true,""finite_state"":true,""housekeeping_priority"":true,""no_hidden_clipping"":true,""soc_within_bounds"":true}","[""time_s"",""power_availability"",""rng""]"
A0_CROSS_ENVIRONMENT_NOMINAL_FEASIBLE,462793481.90002817,493064578.8828208,955858060.7828488,RSIM-001-smoke,2079048.0478432744,0.0021418933425151445,10.179510186777065,1.0,-3.258264041505754e-05,0.001945057624723229,95396558.11185199,485399.35345219745,E1_REPRESENTATIVE_ANALYTIC_LEO,7.527453229594017,5738.992815014798,968579950.9674517,29894.44293109419,4cd61b36276b013bd673eb4499e3d6a89d506c4a1edbeca91d18a0c68851784f,,,0.6055859835437643,2bf50b710c5028c469736791796328ef22636056,0.6819516611745544,0.6804909934515675,0.9,SYSTEM_POWER_DEFICIT,3.260383164160885e-05,0.9,43200.0,10800.0,canonical_wrb_wall_clock,0.2,POWER_CONSTRAINED,TSM-01-v0.4.4-canonical-with-RSIM-wrapper-v1,39024.842113890976,341.75903854911024,329.1858982549085,39024.842113890976,b348f00169c885d3849e406bf8ee33c9e3461c493394179d38bcd5672eae6285,run,970658999.0152949,29958.61108071898,54777d7ca1eadafb0e1e2f22b84294f0a5a4e1c431784b653c52d1421ca04ad0,rsim-001-smoke.1,non-authoritative representative architecture challenge; not attack or spacecraft validation,4,43200.0,1451993045.840408,1.2879963833256625e-06,0,0.0,0.0,False,power_aware_benign,W4 — power-aware benign,"[""E1 is a fixed-wall-clock representative environment challenge, not a periodic/steady-state result"",""E1 radiator incidence and Earth-view factors are ASSUMED_EXPLORATORY"",""E1 albedo is a bounded analytic approximation, not a flight environment model"",""battery initialization-domination diagnostic flagged""]","{""battery_never_creates_energy"":true,""electrical_balance_closes"":true,""executed_le_design"":true,""executed_le_requested"":true,""fdir_never_increases_power"":true,""finite_state"":true,""housekeeping_priority"":true,""initialization_domination_flag"":true,""no_hidden_clipping"":true,""soc_within_bounds"":true}","[""time_s"",""power_availability"",""rng""]"
A0_CROSS_ENVIRONMENT_NOMINAL_FEASIBLE,462793481.90002817,493064578.8828208,955858060.7828488,RSIM-001-smoke,2079048.0478432744,0.0021418933425151445,10.179510186777065,1.0,-3.258264041505754e-05,0.001945057624723229,95396558.11185199,485399.35345219745,E1_REPRESENTATIVE_ANALYTIC_LEO,7.527453229594017,5738.992815014798,968579950.9674517,29894.44293109419,4cd61b36276b013bd673eb4499e3d6a89d506c4a1edbeca91d18a0c68851784f,RSIM canonical-derived monotone FDIR,30.0,0.6055859835437643,2bf50b710c5028c469736791796328ef22636056,0.6819516611745544,0.6804909934515675,0.9,SYSTEM_POWER_DEFICIT,3.260383164160885e-05,0.9,43200.0,10800.0,canonical_wrb_wall_clock,0.2,CLOSED_LOOP,TSM-01-v0.4.4-canonical-with-RSIM-wrapper-v1,39024.842113890976,341.75903854911024,329.1858982549085,39024.842113890976,b348f00169c885d3849e406bf8ee33c9e3461c493394179d38bcd5672eae6285,run,970658999.0152949,29958.61108071898,54777d7ca1eadafb0e1e2f22b84294f0a5a4e1c431784b653c52d1421ca04ad0,rsim-001-smoke.1,non-authoritative representative architecture challenge; not attack or spacecraft validation,4,43200.0,1451993045.840408,1.2879963833256625e-06,0,0.0,0.0,False,power_aware_benign,W4 — power-aware benign,"[""E1 is a fixed-wall-clock representative environment challenge, not a periodic/steady-state result"",""E1 radiator incidence and Earth-view factors are ASSUMED_EXPLORATORY"",""E1 albedo is a bounded analytic approximation, not a flight environment model"",""battery initialization-domination diagnostic flagged""]","{""battery_never_creates_energy"":true,""electrical_balance_closes"":true,""executed_le_design"":true,""executed_le_requested"":true,""fdir_never_increases_power"":true,""finite_state"":true,""housekeeping_priority"":true,""initialization_domination_flag"":true,""no_hidden_clipping"":true,""soc_within_bounds"":true}","[""time_s"",""power_availability"",""rng""]"
A0_CROSS_ENVIRONMENT_NOMINAL_FEASIBLE,,,,RSIM-001-smoke,0.0,0.0,17.37716921401244,1.0,,,,,E0_CANONICAL,8.0,5400.0,970658999.0152949,29958.611080718983,2439f5b49df6c91ec5e7b1f31c46b9ca668e241b09b26f6f07d0dc4e9caffa03,,,,2bf50b710c5028c469736791796328ef22636056,0.8258090325015975,0.8258090325015975,,,,,43200.0,10800.0,canonical_wrb_wall_clock,,THERMAL_ONLY,TSM-01-v0.4.4-canonical-with-RSIM-wrapper-v1,40000.0,341.4287425067863,327.73901797958143,40000.0,f1e4e90f3f517362d1f0d86129448dbb51a9890353ed63ed0111bae36bf018af,run,970658999.0152949,29958.611080718983,1f0e92e570d915491afbf560f6b9d1e593d102867adf8d3226753aca64eda60c,rsim-001-smoke.1,non-authoritative representative architecture challenge; not attack or spacecraft validation,4,43200.0,,7.838139026716817e-07,0,0.0,0.0,True,phase_shaped_candidate,W5 — phase-shaped adversarial candidate,[],"{""battery_never_creates_energy"":true,""electrical_balance_closes"":true,""executed_le_design"":true,""executed_le_requested"":true,""fdir_never_increases_power"":true,""finite_state"":true,""housekeeping_priority"":true,""no_hidden_clipping"":true,""soc_within_bounds"":true}","[""time_s"",""hot_mask"",""rng""]"
A0_CROSS_ENVIRONMENT_NOMINAL_FEASIBLE,237649670.40629837,271633167.9027535,509282838.3090519,RSIM-001-smoke,0.0,0.0,17.37716921401244,1.0,-4.188355342193972e-05,0.0017107843257974911,66804769.91426583,0.0,E0_CANONICAL,8.0,5400.0,970658999.0152949,29958.611080718983,2439f5b49df6c91ec5e7b1f31c46b9ca668e241b09b26f6f07d0dc4e9caffa03,,,0.5694795039354185,2bf50b710c5028c469736791796328ef22636056,0.8258090325015975,0.8258090325015975,0.9,,4.201341653242707e-05,0.9,43200.0,10800.0,canonical_wrb_wall_clock,0.5693483762746634,POWER_CONSTRAINED,TSM-01-v0.4.4-canonical-with-RSIM-wrapper-v1,40000.0,341.4287425067863,327.73901797958143,40000.0,f1e4e90f3f517362d1f0d86129448dbb51a9890353ed63ed0111bae36bf018af,run,970658999.0152949,29958.611080718983,1f0e92e570d915491afbf560f6b9d1e593d102867adf8d3226753aca64eda60c,rsim-001-smoke.1,non-authoritative representative architecture challenge; not attack or spacecraft validation,4,43200.0,1439151157.8947375,7.838139026716817e-07,0,0.0,0.0,True,phase_shaped_candidate,W5 — phase-shaped adversarial candidate,[],"{""battery_never_creates_energy"":true,""electrical_balance_closes"":true,""executed_le_design"":true,""executed_le_requested"":true,""fdir_never_increases_power"":true,""finite_state"":true,""housekeeping_priority"":true,""initialization_domination_flag"":false,""no_hidden_clipping"":true,""soc_within_bounds"":true}","[""time_s"",""hot_mask"",""rng""]"
A0_CROSS_ENVIRONMENT_NOMINAL_FEASIBLE,237649670.40629837,271633167.9027535,509282838.3090519,RSIM-001-smoke,0.0,0.0,17.37716921401244,1.0,-4.188355342193972e-05,0.0017107843257974911,66804769.91426583,0.0,E0_CANONICAL,8.0,5400.0,970658999.0152949,29958.611080718983,2439f5b49df6c91ec5e7b1f31c46b9ca668e241b09b26f6f07d0dc4e9caffa03,RSIM canonical-derived monotone FDIR,30.0,0.5694795039354185,2bf50b710c5028c469736791796328ef22636056,0.8258090325015975,0.8258090325015975,0.9,,4.201341653242707e-05,0.9,43200.0,10800.0,canonical_wrb_wall_clock,0.5693483762746634,CLOSED_LOOP,TSM-01-v0.4.4-canonical-with-RSIM-wrapper-v1,40000.0,341.4287425067863,327.73901797958143,40000.0,f1e4e90f3f517362d1f0d86129448dbb51a9890353ed63ed0111bae36bf018af,run,970658999.0152949,29958.611080718983,1f0e92e570d915491afbf560f6b9d1e593d102867adf8d3226753aca64eda60c,rsim-001-smoke.1,non-authoritative representative architecture challenge; not attack or spacecraft validation,4,43200.0,1439151157.8947375,7.838139026716817e-07,0,0.0,0.0,True,phase_shaped_candidate,W5 — phase-shaped adversarial candidate,[],"{""battery_never_creates_energy"":true,""electrical_balance_closes"":true,""executed_le_design"":true,""executed_le_requested"":true,""fdir_never_increases_power"":true,""finite_state"":true,""housekeeping_priority"":true,""initialization_domination_flag"":false,""no_hidden_clipping"":true,""soc_within_bounds"":true}","[""time_s"",""hot_mask"",""rng""]"
A0_CROSS_ENVIRONMENT_NOMINAL_FEASIBLE,,,,RSIM-001-smoke,0.0,0.0,16.750017655832153,1.0,,,,,E1_REPRESENTATIVE_ANALYTIC_LEO,7.527453229594017,5738.992815014798,970658999.0152949,29958.611080718983,2439f5b49df6c91ec5e7b1f31c46b9ca668e241b09b26f6f07d0dc4e9caffa03,,,,2bf50b710c5028c469736791796328ef22636056,0.7670353474031959,0.7670353474031959,,,,,43200.0,10800.0,canonical_wrb_wall_clock,,THERMAL_ONLY,TSM-01-v0.4.4-canonical-with-RSIM-wrapper-v1,40000.0,348.32954601816533,334.4545983689926,40000.0,b348f00169c885d3849e406bf8ee33c9e3461c493394179d38bcd5672eae6285,run,970658999.0152949,29958.611080718983,1f0e92e570d915491afbf560f6b9d1e593d102867adf8d3226753aca64eda60c,rsim-001-smoke.1,non-authoritative representative architecture challenge; not attack or spacecraft validation,4,43200.0,,-2.3187044462247286e-06,0,143.0,0.0,True,phase_shaped_candidate,W5 — phase-shaped adversarial candidate,"[""E1 is a fixed-wall-clock representative environment challenge, not a periodic/steady-state result"",""E1 radiator incidence and Earth-view factors are ASSUMED_EXPLORATORY"",""E1 albedo is a bounded analytic approximation, not a flight environment model""]","{""battery_never_creates_energy"":true,""electrical_balance_closes"":true,""executed_le_design"":true,""executed_le_requested"":true,""fdir_never_increases_power"":true,""finite_state"":true,""housekeeping_priority"":true,""no_hidden_clipping"":true,""soc_within_bounds"":true}","[""time_s"",""hot_mask"",""rng""]"
A0_CROSS_ENVIRONMENT_NOMINAL_FEASIBLE,383327040.0442507,403618160.88749325,786945200.9317441,RSIM-001-smoke,0.0,0.0,16.750017655832153,1.0,-1.9700397388078272e-05,0.0018556112067279014,57323598.67372443,718000.0,E1_REPRESENTATIVE_ANALYTIC_LEO,7.527453229594017,5738.992815014798,970658999.0152949,29958.611080718983,ce16e4f334a426ee71ee1322a2a224cba2fba00835b8170d330d808d3de84c18,,,0.702650350290878,2bf50b710c5028c469736791796328ef22636056,0.7670353474031959,0.7670353474031959,0.9,SYSTEM_POWER_DEFICIT,1.9700397388078272e-05,0.9,43200.0,10800.0,canonical_wrb_wall_clock,0.2,POWER_CONSTRAINED,TSM-01-v0.4.4-canonical-with-RSIM-wrapper-v1,40000.0,348.32954601816533,334.4545983689926,40000.0,b348f00169c885d3849e406bf8ee33c9e3461c493394179d38bcd5672eae6285,run,970658999.0152949,29958.611080718983,1f0e92e570d915491afbf560f6b9d1e593d102867adf8d3226753aca64eda60c,rsim-001-smoke.1,non-authoritative representative architecture challenge; not attack or spacecraft validation,4,43200.0,1451993045.840408,-6.904620022396557e-07,0,143.0,0.0,False,phase_shaped_candidate,W5 — phase-shaped adversarial candidate,"[""E1 is a fixed-wall-clock representative environment challenge, not a periodic/steady-state result"",""E1 radiator incidence and Earth-view factors are ASSUMED_EXPLORATORY"",""E1 albedo is a bounded analytic approximation, not a flight environment model"",""battery initialization-domination diagnostic flagged""]","{""battery_never_creates_energy"":true,""electrical_balance_closes"":true,""executed_le_design"":true,""executed_le_requested"":true,""fdir_never_increases_power"":true,""finite_state"":true,""housekeeping_priority"":true,""initialization_domination_flag"":true,""no_hidden_clipping"":true,""soc_within_bounds"":true}","[""time_s"",""hot_mask"",""rng""]"
A0_CROSS_ENVIRONMENT_NOMINAL_FEASIBLE,383327040.0442509,403618160.88749325,786945200.9317442,RSIM-001-smoke,2370913.2523074015,0.002442581024554064,16.624970088661996,1.0,-1.9507358956616372e-05,0.0018556112067279014,59694511.92603162,718000.0,E1_REPRESENTATIVE_ANALYTIC_LEO,7.527453229594017,5738.992815014798,968288085.7629875,29885.43474577122,828c40a713fe5642645ccff582d5f29fc4edf7982aff18c9322058daac431fa8,RSIM canonical-derived monotone FDIR,30.0,0.702650350290878,2bf50b710c5028c469736791796328ef22636056,0.7664649190458896,0.7670353474031959,0.9,SYSTEM_POWER_DEFICIT,1.9507358956616372e-05,0.9,43200.0,10800.0,canonical_wrb_wall_clock,0.2,CLOSED_LOOP,TSM-01-v0.4.4-canonical-with-RSIM-wrapper-v1,40000.0,348.2044984509952,334.4191450707912,40000.0,b348f00169c885d3849e406bf8ee33c9e3461c493394179d38bcd5672eae6285,run,970658999.0152949,29958.611080718983,1f0e92e570d915491afbf560f6b9d1e593d102867adf8d3226753aca64eda60c,rsim-001-smoke.1,non-authoritative representative architecture challenge; not attack or spacecraft validation,4,43200.0,1451993045.840408,-6.391519491444342e-08,1,31.0,85.0,False,phase_shaped_candidate,W5 — phase-shaped adversarial candidate,"[""E1 is a fixed-wall-clock representative environment challenge, not a periodic/steady-state result"",""E1 radiator incidence and Earth-view factors are ASSUMED_EXPLORATORY"",""E1 albedo is a bounded analytic approximation, not a flight environment model"",""battery initialization-domination diagnostic flagged""]","{""battery_never_creates_energy"":true,""electrical_balance_closes"":true,""executed_le_design"":true,""executed_le_requested"":true,""fdir_never_increases_power"":true,""finite_state"":true,""housekeeping_priority"":true,""initialization_domination_flag"":true,""no_hidden_clipping"":true,""soc_within_bounds"":true}","[""time_s"",""hot_mask"",""rng""]"
A0_CROSS_ENVIRONMENT_NOMINAL_FEASIBLE,,,,RSIM-001-smoke,0.0,0.0,0.0,1.0,,,,,E0_CANONICAL,8.0,5400.0,970538852.6172678,29954.90285855765,fd9857e1b073687212812f557e490f86f2881d0a83fda4345493de2b3dcbcfcb,,,,2bf50b710c5028c469736791796328ef22636056,0.62,0.62,,,,,43200.0,10800.0,canonical_wrb_wall_clock,,THERMAL_ONLY,TSM-01-v0.4.4-canonical-with-RSIM-wrapper-v1,29954.90285855765,324.04396348559067,313.4793260269897,29954.90285855765,f1e4e90f3f517362d1f0d86129448dbb51a9890353ed63ed0111bae36bf018af,run,970538852.6172678,29954.90285855765,48338dfbdd84972e673044cec76e3031af9d10b93025ff1ca688e604a49eb591,rsim-001-smoke.1,non-authoritative representative architecture challenge; not attack or spacecraft validation,5,43200.0,,-1.3561020750785246e-08,0,0.0,0.0,True,constant_reference,W0 — constant reference,[],"{""battery_never_creates_energy"":true,""electrical_balance_closes"":true,""executed_le_design"":true,""executed_le_requested"":true,""fdir_never_increases_power"":true,""finite_state"":true,""housekeeping_priority"":true,""no_hidden_clipping"":true,""soc_within_bounds"":true}","[""time_s"",""rng""]"
A0_CROSS_ENVIRONMENT_NOMINAL_FEASIBLE,483158131.22134835,552180721.3958762,1035338852.6172245,RSIM-001-smoke,0.0,0.0,0.0,1.0,-6.130826659500599e-05,0.0019913318792906137,74683533.18234108,0.0,E0_CANONICAL,8.0,5400.0,970538852.6172678,29954.90285855765,fd9857e1b073687212812f557e490f86f2881d0a83fda4345493de2b3dcbcfcb,,,0.22869238233969005,2bf50b710c5028c469736791796328ef22636056,0.62,0.62,0.9,,6.133654824225232e-05,0.9,43200.0,10800.0,canonical_wrb_wall_clock,0.22869238233969005,POWER_CONSTRAINED,TSM-01-v0.4.4-canonical-with-RSIM-wrapper-v1,29954.90285855765,324.04396348559067,313.4793260269897,29954.90285855765,f1e4e90f3f517362d1f0d86129448dbb51a9890353ed63ed0111bae36bf018af,run,970538852.6172678,29954.90285855765,48338dfbdd84972e673044cec76e3031af9d10b93025ff1ca688e604a49eb591,rsim-001-smoke.1,non-authoritative representative architecture challenge; not attack or spacecraft validation,5,43200.0,1439151157.8947375,-1.3561020750785246e-08,0,0.0,0.0,True,constant_reference,W0 — constant reference,[],"{""battery_never_creates_energy"":true,""electrical_balance_closes"":true,""executed_le_design"":true,""executed_le_requested"":true,""fdir_never_increases_power"":true,""finite_state"":true,""housekeeping_priority"":true,""initialization_domination_flag"":false,""no_hidden_clipping"":true,""soc_within_bounds"":true}","[""time_s"",""rng""]"
A0_CROSS_ENVIRONMENT_NOMINAL_FEASIBLE,483158131.22134835,552180721.3958762,1035338852.6172245,RSIM-001-smoke,0.0,0.0,0.0,1.0,-6.130826659500599e-05,0.0019913318792906137,74683533.18234108,0.0,E0_CANONICAL,8.0,5400.0,970538852.6172678,29954.90285855765,fd9857e1b073687212812f557e490f86f2881d0a83fda4345493de2b3dcbcfcb,RSIM canonical-derived monotone FDIR,30.0,0.22869238233969005,2bf50b710c5028c469736791796328ef22636056,0.62,0.62,0.9,,6.133654824225232e-05,0.9,43200.0,10800.0,canonical_wrb_wall_clock,0.22869238233969005,CLOSED_LOOP,TSM-01-v0.4.4-canonical-with-RSIM-wrapper-v1,29954.90285855765,324.04396348559067,313.4793260269897,29954.90285855765,f1e4e90f3f517362d1f0d86129448dbb51a9890353ed63ed0111bae36bf018af,run,970538852.6172678,29954.90285855765,48338dfbdd84972e673044cec76e3031af9d10b93025ff1ca688e604a49eb591,rsim-001-smoke.1,non-authoritative representative architecture challenge; not attack or spacecraft validation,5,43200.0,1439151157.8947375,-1.3561020750785246e-08,0,0.0,0.0,True,constant_reference,W0 — constant reference,[],"{""battery_never_creates_energy"":true,""electrical_balance_closes"":true,""executed_le_design"":true,""executed_le_requested"":true,""fdir_never_increases_power"":true,""finite_state"":true,""housekeeping_priority"":true,""initialization_domination_flag"":false,""no_hidden_clipping"":true,""soc_within_bounds"":true}","[""time_s"",""rng""]"
A0_CROSS_ENVIRONMENT_NOMINAL_FEASIBLE,,,,RSIM-001-smoke,0.0,0.0,0.0,1.0,,,,,E1_REPRESENTATIVE_ANALYTIC_LEO,7.527453229594017,5738.992815014798,970538852.6172678,29954.90285855765,fd9857e1b073687212812f557e490f86f2881d0a83fda4345493de2b3dcbcfcb,,,,2bf50b710c5028c469736791796328ef22636056,0.6325617283950616,0.6325617283950616,,,,,43200.0,10800.0,canonical_wrb_wall_clock,,THERMAL_ONLY,TSM-01-v0.4.4-canonical-with-RSIM-wrapper-v1,29954.90285855765,331.57231247394503,320.9603101786311,29954.90285855765,b348f00169c885d3849e406bf8ee33c9e3461c493394179d38bcd5672eae6285,run,970538852.6172678,29954.90285855765,48338dfbdd84972e673044cec76e3031af9d10b93025ff1ca688e604a49eb591,rsim-001-smoke.1,non-authoritative representative architecture challenge; not attack or spacecraft validation,5,43200.0,,2.619020960992202e-06,0,0.0,0.0,True,constant_reference,W0 — constant reference,"[""E1 is a fixed-wall-clock representative environment challenge, not a periodic/steady-state result"",""E1 radiator incidence and Earth-view factors are ASSUMED_EXPLORATORY"",""E1 albedo is a bounded analytic approximation, not a flight environment model""]","{""battery_never_creates_energy"":true,""electrical_balance_closes"":true,""executed_le_design"":true,""executed_le_requested"":true,""fdir_never_increases_power"":true,""finite_state"":true,""housekeeping_priority"":true,""no_hidden_clipping"":true,""soc_within_bounds"":true}","[""time_s"",""rng""]"
A0_CROSS_ENVIRONMENT_NOMINAL_FEASIBLE,502936534.2538041,544141540.57146,1047078074.825264,RSIM-001-smoke,0.0,0.0,0.0,1.0,-5.578708805842325e-05,0.001996134586411868,59068827.73170513,0.0,E1_REPRESENTATIVE_ANALYTIC_LEO,7.527453229594017,5738.992815014798,970538852.6172678,29954.90285855765,fd9857e1b073687212812f557e490f86f2881d0a83fda4345493de2b3dcbcfcb,,,0.4992437467670996,2bf50b710c5028c469736791796328ef22636056,0.6325617283950616,0.6325617283950616,0.9,,5.696466541849077e-05,0.9,43200.0,10800.0,canonical_wrb_wall_clock,0.2012119535465776,POWER_CONSTRAINED,TSM-01-v0.4.4-canonical-with-RSIM-wrapper-v1,29954.90285855765,331.57231247394503,320.9603101786311,29954.90285855765,b348f00169c885d3849e406bf8ee33c9e3461c493394179d38bcd5672eae6285,run,970538852.6172678,29954.90285855765,48338dfbdd84972e673044cec76e3031af9d10b93025ff1ca688e604a49eb591,rsim-001-smoke.1,non-authoritative representative architecture challenge; not attack or spacecraft validation,5,43200.0,1451993045.840408,2.619020960992202e-06,0,0.0,0.0,True,constant_reference,W0 — constant reference,"[""E1 is a fixed-wall-clock representative environment challenge, not a periodic/steady-state result"",""E1 radiator incidence and Earth-view factors are ASSUMED_EXPLORATORY"",""E1 albedo is a bounded analytic approximation, not a flight environment model""]","{""battery_never_creates_energy"":true,""electrical_balance_closes"":true,""executed_le_design"":true,""executed_le_requested"":true,""fdir_never_increases_power"":true,""finite_state"":true,""housekeeping_priority"":true,""initialization_domination_flag"":false,""no_hidden_clipping"":true,""soc_within_bounds"":true}","[""time_s"",""rng""]"
A0_CROSS_ENVIRONMENT_NOMINAL_FEASIBLE,502936534.2538041,544141540.57146,1047078074.825264,RSIM-001-smoke,0.0,0.0,0.0,1.0,-5.578708805842325e-05,0.001996134586411868,59068827.73170513,0.0,E1_REPRESENTATIVE_ANALYTIC_LEO,7.527453229594017,5738.992815014798,970538852.6172678,29954.90285855765,fd9857e1b073687212812f557e490f86f2881d0a83fda4345493de2b3dcbcfcb,RSIM canonical-derived monotone FDIR,30.0,0.4992437467670996,2bf50b710c5028c469736791796328ef22636056,0.6325617283950616,0.6325617283950616,0.9,,5.696466541849077e-05,0.9,43200.0,10800.0,canonical_wrb_wall_clock,0.2012119535465776,CLOSED_LOOP,TSM-01-v0.4.4-canonical-with-RSIM-wrapper-v1,29954.90285855765,331.57231247394503,320.9603101786311,29954.90285855765,b348f00169c885d3849e406bf8ee33c9e3461c493394179d38bcd5672eae6285,run,970538852.6172678,29954.90285855765,48338dfbdd84972e673044cec76e3031af9d10b93025ff1ca688e604a49eb591,rsim-001-smoke.1,non-authoritative representative architecture challenge; not attack or spacecraft validation,5,43200.0,1451993045.840408,2.619020960992202e-06,0,0.0,0.0,True,constant_reference,W0 — constant reference,"[""E1 is a fixed-wall-clock representative environment challenge, not a periodic/steady-state result"",""E1 radiator incidence and Earth-view factors are ASSUMED_EXPLORATORY"",""E1 albedo is a bounded analytic approximation, not a flight environment model""]","{""battery_never_creates_energy"":true,""electrical_balance_closes"":true,""executed_le_design"":true,""executed_le_requested"":true,""fdir_never_increases_power"":true,""finite_state"":true,""housekeeping_priority"":true,""initialization_domination_flag"":false,""no_hidden_clipping"":true,""soc_within_bounds"":true}","[""time_s"",""rng""]"
A0_CROSS_ENVIRONMENT_NOMINAL_FEASIBLE,,,,RSIM-001-smoke,0.0,0.0,1.8901336894423366,1.0,,,,,E0_CANONICAL,8.0,5400.0,970538852.6172678,29954.90285855765,510f3507db5eb800554501a05dac89bd089dfde73f8a57542e692c4736f27b97,,,,2bf50b710c5028c469736791796328ef22636056,0.6216066777207112,0.6216066777207112,,,,,43200.0,10800.0,canonical_wrb_wall_clock,,THERMAL_ONLY,TSM-01-v0.4.4-canonical-with-RSIM-wrapper-v1,36701.57755227942,325.934097175033,315.05572801357073,36701.57755227942,f1e4e90f3f517362d1f0d86129448dbb51a9890353ed63ed0111bae36bf018af,run,970538852.6172678,29954.90285855765,1b55ce0a4d2071f4a378b9aa88b282af04301e6a26facbb440a61c10972fc723,rsim-001-smoke.1,non-authoritative representative architecture challenge; not attack or spacecraft validation,5,43200.0,,-1.3596950338978786e-06,0,0.0,0.0,True,diversified_stochastic,W1 — diversified stochastic,[],"{""battery_never_creates_energy"":true,""electrical_balance_closes"":true,""executed_le_design"":true,""executed_le_requested"":true,""fdir_never_increases_power"":true,""finite_state"":true,""housekeeping_priority"":true,""no_hidden_clipping"":true,""soc_within_bounds"":true}","[""time_s"",""rng""]"
A0_CROSS_ENVIRONMENT_NOMINAL_FEASIBLE,483651729.81680286,552824045.7681923,1036475775.584995,RSIM-001-smoke,0.0,0.0,1.8901336894423366,1.0,-1.510136280558072e-05,0.00199197520366293,72850836.46934548,0.0,E0_CANONICAL,8.0,5400.0,970538852.6172678,29954.90285855765,510f3507db5eb800554501a05dac89bd089dfde73f8a57542e692c4736f27b97,,,0.2272361626535966,2bf50b710c5028c469736791796328ef22636056,0.6216066777207112,0.6216066777207112,0.9,,1.523577157058753e-05,0.9,43200.0,10800.0,canonical_wrb_wall_clock,0.20682750629273028,POWER_CONSTRAINED,TSM-01-v0.4.4-canonical-with-RSIM-wrapper-v1,36701.57755227942,325.934097175033,315.05572801357073,36701.57755227942,f1e4e90f3f517362d1f0d86129448dbb51a9890353ed63ed0111bae36bf018af,run,970538852.6172678,29954.90285855765,1b55ce0a4d2071f4a378b9aa88b282af04301e6a26facbb440a61c10972fc723,rsim-001-smoke.1,non-authoritative representative architecture challenge; not attack or spacecraft validation,5,43200.0,1439151157.8947375,-1.3596950338978786e-06,0,0.0,0.0,True,diversified_stochastic,W1 — diversified stochastic,[],"{""battery_never_creates_energy"":true,""electrical_balance_closes"":true,""executed_le_design"":true,""executed_le_requested"":true,""fdir_never_increases_power"":true,""finite_state"":true,""housekeeping_priority"":true,""initialization_domination_flag"":false,""no_hidden_clipping"":true,""soc_within_bounds"":true}","[""time_s"",""rng""]"
A0_CROSS_ENVIRONMENT_NOMINAL_FEASIBLE,483651729.81680286,552824045.7681923,1036475775.584995,RSIM-001-smoke,0.0,0.0,1.8901336894423366,1.0,-1.510136280558072e-05,0.00199197520366293,72850836.46934548,0.0,E0_CANONICAL,8.0,5400.0,970538852.6172678,29954.90285855765,510f3507db5eb800554501a05dac89bd089dfde73f8a57542e692c4736f27b97,RSIM canonical-derived monotone FDIR,30.0,0.2272361626535966,2bf50b710c5028c469736791796328ef22636056,0.6216066777207112,0.6216066777207112,0.9,,1.523577157058753e-05,0.9,43200.0,10800.0,canonical_wrb_wall_clock,0.20682750629273028,CLOSED_LOOP,TSM-01-v0.4.4-canonical-with-RSIM-wrapper-v1,36701.57755227942,325.934097175033,315.05572801357073,36701.57755227942,f1e4e90f3f517362d1f0d86129448dbb51a9890353ed63ed0111bae36bf018af,run,970538852.6172678,29954.90285855765,1b55ce0a4d2071f4a378b9aa88b282af04301e6a26facbb440a61c10972fc723,rsim-001-smoke.1,non-authoritative representative architecture challenge; not attack or spacecraft validation,5,43200.0,1439151157.8947375,-1.3596950338978786e-06,0,0.0,0.0,True,diversified_stochastic,W1 — diversified stochastic,[],"{""battery_never_creates_energy"":true,""electrical_balance_closes"":true,""executed_le_design"":true,""executed_le_requested"":true,""fdir_never_increases_power"":true,""finite_state"":true,""housekeeping_priority"":true,""initialization_domination_flag"":false,""no_hidden_clipping"":true,""soc_within_bounds"":true}","[""time_s"",""rng""]"
A0_CROSS_ENVIRONMENT_NOMINAL_FEASIBLE,,,,RSIM-001-smoke,0.0,0.0,1.9189549671629607,1.0,,,,,E1_REPRESENTATIVE_ANALYTIC_LEO,7.527453229594017,5738.992815014798,970538852.6172678,29954.90285855765,510f3507db5eb800554501a05dac89bd089dfde73f8a57542e692c4736f27b97,,,,2bf50b710c5028c469736791796328ef22636056,0.6332400956320328,0.6332400956320328,,,,,43200.0,10800.0,canonical_wrb_wall_clock,,THERMAL_ONLY,TSM-01-v0.4.4-canonical-with-RSIM-wrapper-v1,36701.57755227942,333.491267441108,322.53940065117973,36701.57755227942,b348f00169c885d3849e406bf8ee33c9e3461c493394179d38bcd5672eae6285,run,970538852.6172678,29954.90285855765,1b55ce0a4d2071f4a378b9aa88b282af04301e6a26facbb440a61c10972fc723,rsim-001-smoke.1,non-authoritative representative architecture challenge; not attack or spacecraft validation,5,43200.0,,-9.423461051483173e-07,0,0.0,0.0,True,diversified_stochastic,W1 — diversified stochastic,"[""E1 is a fixed-wall-clock representative environment challenge, not a periodic/steady-state result"",""E1 radiator incidence and Earth-view factors are ASSUMED_EXPLORATORY"",""E1 albedo is a bounded analytic approximation, not a flight environment model""]","{""battery_never_creates_energy"":true,""electrical_balance_closes"":true,""executed_le_design"":true,""executed_le_requested"":true,""fdir_never_increases_power"":true,""finite_state"":true,""housekeeping_priority"":true,""no_hidden_clipping"":true,""soc_within_bounds"":true}","[""time_s"",""rng""]"
A0_CROSS_ENVIRONMENT_NOMINAL_FEASIBLE,500835616.50943553,540435728.573115,1041271345.0825505,RSIM-001-smoke,2208095.413282729,0.0022751231517709183,1.9189518197287043,1.0,-1.4763802028028294e-05,0.001992428774413523,59519018.62769296,210000.0,E1_REPRESENTATIVE_ANALYTIC_LEO,7.527453229594017,5738.992815014798,968330757.2039851,29886.751765555095,9575b2e52dfa171060aaa303d900c2c48bf0946ea9739d99bd937391ccafef0c,,,0.514852806576107,2bf50b710c5028c469736791796328ef22636056,0.6346840800766756,0.6332400956320328,0.9,SYSTEM_POWER_DEFICIT,1.4777939213672653e-05,0.9,43200.0,10800.0,canonical_wrb_wall_clock,0.2,POWER_CONSTRAINED,TSM-01-v0.4.4-canonical-with-RSIM-wrapper-v1,36701.57755227942,333.49126429367374,322.5393978967294,36701.57755227942,b348f00169c885d3849e406bf8ee33c9e3461c493394179d38bcd5672eae6285,run,970538852.6172678,29954.90285855765,1b55ce0a4d2071f4a378b9aa88b282af04301e6a26facbb440a61c10972fc723,rsim-001-smoke.1,non-authoritative representative architecture challenge; not attack or spacecraft validation,5,43200.0,1451993045.840408,4.804278432857245e-07,0,0.0,0.0,False,diversified_stochastic,W1 — diversified stochastic,"[""E1 is a fixed-wall-clock representative environment challenge, not a periodic/steady-state result"",""E1 radiator incidence and Earth-view factors are ASSUMED_EXPLORATORY"",""E1 albedo is a bounded analytic approximation, not a flight environment model"",""battery initialization-domination diagnostic flagged""]","{""battery_never_creates_energy"":true,""electrical_balance_closes"":true,""executed_le_design"":true,""executed_le_requested"":true,""fdir_never_increases_power"":true,""finite_state"":true,""housekeeping_priority"":true,""initialization_domination_flag"":true,""no_hidden_clipping"":true,""soc_within_bounds"":true}","[""time_s"",""rng""]"
A0_CROSS_ENVIRONMENT_NOMINAL_FEASIBLE,500835616.50943553,540435728.573115,1041271345.0825505,RSIM-001-smoke,2208095.413282729,0.0022751231517709183,1.9189518197287043,1.0,-1.4763802028028294e-05,0.001992428774413523,59519018.62769296,210000.0,E1_REPRESENTATIVE_ANALYTIC_LEO,7.527453229594017,5738.992815014798,968330757.2039851,29886.751765555095,9575b2e52dfa171060aaa303d900c2c48bf0946ea9739d99bd937391ccafef0c,RSIM canonical-derived monotone FDIR,30.0,0.514852806576107,2bf50b710c5028c469736791796328ef22636056,0.6346840800766756,0.6332400956320328,0.9,SYSTEM_POWER_DEFICIT,1.4777939213672653e-05,0.9,43200.0,10800.0,canonical_wrb_wall_clock,0.2,CLOSED_LOOP,TSM-01-v0.4.4-canonical-with-RSIM-wrapper-v1,36701.57755227942,333.49126429367374,322.5393978967294,36701.57755227942,b348f00169c885d3849e406bf8ee33c9e3461c493394179d38bcd5672eae6285,run,970538852.6172678,29954.90285855765,1b55ce0a4d2071f4a378b9aa88b282af04301e6a26facbb440a61c10972fc723,rsim-001-smoke.1,non-authoritative representative architecture challenge; not attack or spacecraft validation,5,43200.0,1451993045.840408,4.804278432857245e-07,0,0.0,0.0,False,diversified_stochastic,W1 — diversified stochastic,"[""E1 is a fixed-wall-clock representative environment challenge, not a periodic/steady-state result"",""E1 radiator incidence and Earth-view factors are ASSUMED_EXPLORATORY"",""E1 albedo is a bounded analytic approximation, not a flight environment model"",""battery initialization-domination diagnostic flagged""]","{""battery_never_creates_energy"":true,""electrical_balance_closes"":true,""executed_le_design"":true,""executed_le_requested"":true,""fdir_never_increases_power"":true,""finite_state"":true,""housekeeping_priority"":true,""initialization_domination_flag"":true,""no_hidden_clipping"":true,""soc_within_bounds"":true}","[""time_s"",""rng""]"
A0_CROSS_ENVIRONMENT_NOMINAL_FEASIBLE,,,,RSIM-001-smoke,0.0,0.0,10.138159909192268,1.0,,,,,E0_CANONICAL,8.0,5400.0,970538852.6172678,29954.90285855765,d55548a569040a4614afff9e1938c1d065ef831171ae2a7a003dea089c8502d1,,,,2bf50b710c5028c469736791796328ef22636056,0.6303962076287358,0.6303962076287358,,,,,43200.0,10800.0,canonical_wrb_wall_clock,,THERMAL_ONLY,TSM-01-v0.4.4-canonical-with-RSIM-wrapper-v1,39615.77911549257,334.18212339478293,321.5786008256875,39615.77911549257,f1e4e90f3f517362d1f0d86129448dbb51a9890353ed63ed0111bae36bf018af,run,970538852.6172678,29954.90285855765,1aaa6166d52ba2db6259848746a13d068f7260358fb0d678932737a604531fc2,rsim-001-smoke.1,non-authoritative representative architecture challenge; not attack or spacecraft validation,5,43200.0,,3.663581082946621e-08,0,0.0,0.0,True,bursty_benign,W2 — bursty benign,[],"{""battery_never_creates_energy"":true,""electrical_balance_closes"":true,""executed_le_design"":true,""executed_le_requested"":true,""fdir_never_increases_power"":true,""finite_state"":true,""housekeeping_priority"":true,""no_hidden_clipping"":true,""soc_within_bounds"":true}","[""time_s"",""rng""]"
A0_CROSS_ENVIRONMENT_NOMINAL_FEASIBLE,460781547.92397153,527367496.05225235,988149043.9762238,RSIM-001-smoke,12391636.600662118,0.012767790354034143,10.138159904720055,1.0,-8.685914508532733e-06,0.00196651865394699,98457599.06258622,1018000.0,E0_CANONICAL,8.0,5400.0,958147216.0166057,29572.44493878413,b3ca69533122a894aa378c3021e3502eeed5dafb3ddca2783eff3212345fac5f,,,0.25239094773667625,2bf50b710c5028c469736791796328ef22636056,0.6385490682630828,0.6303962076287358,0.9,SYSTEM_POWER_DEFICIT,1.7363292499794625e-05,0.9,43200.0,10800.0,canonical_wrb_wall_clock,0.2,POWER_CONSTRAINED,TSM-01-v0.4.4-canonical-with-RSIM-wrapper-v1,39615.77911549257,334.1821233903107,321.5786008218731,39615.77911549257,f1e4e90f3f517362d1f0d86129448dbb51a9890353ed63ed0111bae36bf018af,run,970538852.6172678,29954.90285855765,1aaa6166d52ba2db6259848746a13d068f7260358fb0d678932737a604531fc2,rsim-001-smoke.1,non-authoritative representative architecture challenge; not attack or spacecraft validation,5,43200.0,1439151157.8947375,1.0382041182310786e-06,0,0.0,0.0,False,bursty_benign,W2 — bursty benign,"[""battery initialization-domination diagnostic flagged""]","{""battery_never_creates_energy"":true,""electrical_balance_closes"":true,""executed_le_design"":true,""executed_le_requested"":true,""fdir_never_increases_power"":true,""finite_state"":true,""housekeeping_priority"":true,""initialization_domination_flag"":true,""no_hidden_clipping"":true,""soc_within_bounds"":true}","[""time_s"",""rng""]"
A0_CROSS_ENVIRONMENT_NOMINAL_FEASIBLE,460781547.92397153,527367496.05225235,988149043.9762238,RSIM-001-smoke,12391636.600662118,0.012767790354034143,10.138159904720055,1.0,-8.685914508532733e-06,0.00196651865394699,98457599.06258622,1018000.0,E0_CANONICAL,8.0,5400.0,958147216.0166057,29572.44493878413,b3ca69533122a894aa378c3021e3502eeed5dafb3ddca2783eff3212345fac5f,RSIM canonical-derived monotone FDIR,30.0,0.25239094773667625,2bf50b710c5028c469736791796328ef22636056,0.6385490682630828,0.6303962076287358,0.9,SYSTEM_POWER_DEFICIT,1.7363292499794625e-05,0.9,43200.0,10800.0,canonical_wrb_wall_clock,0.2,CLOSED_LOOP,TSM-01-v0.4.4-canonical-with-RSIM-wrapper-v1,39615.77911549257,334.1821233903107,321.5786008218731,39615.77911549257,f1e4e90f3f517362d1f0d86129448dbb51a9890353ed63ed0111bae36bf018af,run,970538852.6172678,29954.90285855765,1aaa6166d52ba2db6259848746a13d068f7260358fb0d678932737a604531fc2,rsim-001-smoke.1,non-authoritative representative architecture challenge; not attack or spacecraft validation,5,43200.0,1439151157.8947375,1.0382041182310786e-06,0,0.0,0.0,False,bursty_benign,W2 — bursty benign,"[""battery initialization-domination diagnostic flagged""]","{""battery_never_creates_energy"":true,""electrical_balance_closes"":true,""executed_le_design"":true,""executed_le_requested"":true,""fdir_never_increases_power"":true,""finite_state"":true,""housekeeping_priority"":true,""initialization_domination_flag"":true,""no_hidden_clipping"":true,""soc_within_bounds"":true}","[""time_s"",""rng""]"
A0_CROSS_ENVIRONMENT_NOMINAL_FEASIBLE,,,,RSIM-001-smoke,0.0,0.0,10.84948306858422,1.0,,,,,E1_REPRESENTATIVE_ANALYTIC_LEO,7.527453229594017,5738.992815014798,970538852.6172678,29954.90285855765,d55548a569040a4614afff9e1938c1d065ef831171ae2a7a003dea089c8502d1,,,,2bf50b710c5028c469736791796328ef22636056,0.6273898838503694,0.6273898838503694,,,,,43200.0,10800.0,canonical_wrb_wall_clock,,THERMAL_ONLY,TSM-01-v0.4.4-canonical-with-RSIM-wrapper-v1,39615.77911549257,342.42179554252925,329.73201186408124,39615.77911549257,b348f00169c885d3849e406bf8ee33c9e3461c493394179d38bcd5672eae6285,run,970538852.6172678,29954.90285855765,1aaa6166d52ba2db6259848746a13d068f7260358fb0d678932737a604531fc2,rsim-001-smoke.1,non-authoritative representative architecture challenge; not attack or spacecraft validation,5,43200.0,,2.711111392272869e-06,0,0.0,0.0,True,bursty_benign,W2 — bursty benign,"[""E1 is a fixed-wall-clock representative environment challenge, not a periodic/steady-state result"",""E1 radiator incidence and Earth-view factors are ASSUMED_EXPLORATORY"",""E1 albedo is a bounded analytic approximation, not a flight environment model""]","{""battery_never_creates_energy"":true,""electrical_balance_closes"":true,""executed_le_design"":true,""executed_le_requested"":true,""fdir_never_increases_power"":true,""finite_state"":true,""housekeeping_priority"":true,""no_hidden_clipping"":true,""soc_within_bounds"":true}","[""time_s"",""rng""]"
A0_CROSS_ENVIRONMENT_NOMINAL_FEASIBLE,485447240.7681769,525874037.42830074,1011321278.1964775,RSIM-001-smoke,14563374.394950608,0.01500545223478413,10.708683676298222,1.0,-8.1247890193481e-06,0.0019778670832687087,85408835.28994477,1284000.0,E1_REPRESENTATIVE_ANALYTIC_LEO,7.527453229594017,5738.992815014798,955975478.2223172,29505.415994515963,8b6967351b66dae0e4217ca4ffc03db7d160a69412b0d95cfd081e218a207ab1,,,0.5068125451834539,2bf50b710c5028c469736791796328ef22636056,0.6369475701909313,0.6273898838503694,0.9,SYSTEM_POWER_DEFICIT,1.4771834685234353e-05,0.9,43200.0,10800.0,canonical_wrb_wall_clock,0.2,POWER_CONSTRAINED,TSM-01-v0.4.4-canonical-with-RSIM-wrapper-v1,39615.77911549257,342.28099615024325,329.6130940536648,39615.77911549257,b348f00169c885d3849e406bf8ee33c9e3461c493394179d38bcd5672eae6285,run,970538852.6172678,29954.90285855765,1aaa6166d52ba2db6259848746a13d068f7260358fb0d678932737a604531fc2,rsim-001-smoke.1,non-authoritative representative architecture challenge; not attack or spacecraft validation,5,43200.0,1451993045.840408,1.908786998683354e-06,0,0.0,0.0,False,bursty_benign,W2 — bursty benign,"[""E1 is a fixed-wall-clock representative environment challenge, not a periodic/steady-state result"",""E1 radiator incidence and Earth-view factors are ASSUMED_EXPLORATORY"",""E1 albedo is a bounded analytic approximation, not a flight environment model"",""battery initialization-domination diagnostic flagged""]","{""battery_never_creates_energy"":true,""electrical_balance_closes"":true,""executed_le_design"":true,""executed_le_requested"":true,""fdir_never_increases_power"":true,""finite_state"":true,""housekeeping_priority"":true,""initialization_domination_flag"":true,""no_hidden_clipping"":true,""soc_within_bounds"":true}","[""time_s"",""rng""]"
A0_CROSS_ENVIRONMENT_NOMINAL_FEASIBLE,485447240.7681769,525874037.42830074,1011321278.1964775,RSIM-001-smoke,14563374.394950608,0.01500545223478413,10.708683676298222,1.0,-8.1247890193481e-06,0.0019778670832687087,85408835.28994477,1284000.0,E1_REPRESENTATIVE_ANALYTIC_LEO,7.527453229594017,5738.992815014798,955975478.2223172,29505.415994515963,8b6967351b66dae0e4217ca4ffc03db7d160a69412b0d95cfd081e218a207ab1,RSIM canonical-derived monotone FDIR,30.0,0.5068125451834539,2bf50b710c5028c469736791796328ef22636056,0.6369475701909313,0.6273898838503694,0.9,SYSTEM_POWER_DEFICIT,1.4771834685234353e-05,0.9,43200.0,10800.0,canonical_wrb_wall_clock,0.2,CLOSED_LOOP,TSM-01-v0.4.4-canonical-with-RSIM-wrapper-v1,39615.77911549257,342.28099615024325,329.6130940536648,39615.77911549257,b348f00169c885d3849e406bf8ee33c9e3461c493394179d38bcd5672eae6285,run,970538852.6172678,29954.90285855765,1aaa6166d52ba2db6259848746a13d068f7260358fb0d678932737a604531fc2,rsim-001-smoke.1,non-authoritative representative architecture challenge; not attack or spacecraft validation,5,43200.0,1451993045.840408,1.908786998683354e-06,0,0.0,0.0,False,bursty_benign,W2 — bursty benign,"[""E1 is a fixed-wall-clock representative environment challenge, not a periodic/steady-state result"",""E1 radiator incidence and Earth-view factors are ASSUMED_EXPLORATORY"",""E1 albedo is a bounded analytic approximation, not a flight environment model"",""battery initialization-domination diagnostic flagged""]","{""battery_never_creates_energy"":true,""electrical_balance_closes"":true,""executed_le_design"":true,""executed_le_requested"":true,""fdir_never_increases_power"":true,""finite_state"":true,""housekeeping_priority"":true,""initialization_domination_flag"":true,""no_hidden_clipping"":true,""soc_within_bounds"":true}","[""time_s"",""rng""]"
A0_CROSS_ENVIRONMENT_NOMINAL_FEASIBLE,,,,RSIM-001-smoke,0.0,0.0,8.849268997448519,1.0,,,,,E0_CANONICAL,8.0,5400.0,970538852.6172678,29954.90285855765,9ed57551529e1acd3e08aa25d96d84a6e852061f170b941ba60f576d1902190e,,,,2bf50b710c5028c469736791796328ef22636056,0.6164992150174242,0.6164992150174242,,,,,43200.0,10800.0,canonical_wrb_wall_clock,,THERMAL_ONLY,TSM-01-v0.4.4-canonical-with-RSIM-wrapper-v1,38622.45198935486,332.8932324830392,320.42019608656216,38622.45198935486,f1e4e90f3f517362d1f0d86129448dbb51a9890353ed63ed0111bae36bf018af,run,970538852.6172678,29954.90285855765,4d0346b035b1fd5741968fa71fbe3034f1c80d7cbc85f637f523978677d7ddf7,rsim-001-smoke.1,non-authoritative representative architecture challenge; not attack or spacecraft validation,5,43200.0,,2.700009645195678e-06,0,0.0,0.0,True,queue_driven_benign,W3 — queue-driven benign,[],"{""battery_never_creates_energy"":true,""electrical_balance_closes"":true,""executed_le_design"":true,""executed_le_requested"":true,""fdir_never_increases_power"":true,""finite_state"":true,""housekeeping_priority"":true,""no_hidden_clipping"":true,""soc_within_bounds"":true}","[""time_s"",""rng""]"
A0_CROSS_ENVIRONMENT_NOMINAL_FEASIBLE,475788735.5620499,547761422.6745847,1023550158.2366347,RSIM-001-smoke,9933919.747636609,0.01023546839041801,8.727975609922737,1.0,2.7252958716417197e-06,0.001986912580569322,90938505.9960826,620000.0,E0_CANONICAL,8.0,5400.0,960604932.8696312,29648.30039721084,8960a1a5abc8f17b3f469f13947ddb079975492c8d3b2617b2017cc714b934a4,,,0.2,2bf50b710c5028c469736791796328ef22636056,0.6228746285895459,0.6164992150174242,0.9,SYSTEM_POWER_DEFICIT,1.4991656371421413e-05,0.9,43200.0,10800.0,canonical_wrb_wall_clock,0.2,POWER_CONSTRAINED,TSM-01-v0.4.4-canonical-with-RSIM-wrapper-v1,38622.45198935486,332.7719390955134,320.3141558515874,38622.45198935486,f1e4e90f3f517362d1f0d86129448dbb51a9890353ed63ed0111bae36bf018af,run,970538852.6172678,29954.90285855765,4d0346b035b1fd5741968fa71fbe3034f1c80d7cbc85f637f523978677d7ddf7,rsim-001-smoke.1,non-authoritative representative architecture challenge; not attack or spacecraft validation,5,43200.0,1439151157.8947375,1.038419213728048e-06,0,0.0,0.0,False,queue_driven_benign,W3 — queue-driven benign,"[""battery initialization-domination diagnostic flagged""]","{""battery_never_creates_energy"":true,""electrical_balance_closes"":true,""executed_le_design"":true,""executed_le_requested"":true,""fdir_never_increases_power"":true,""finite_state"":true,""housekeeping_priority"":true,""initialization_domination_flag"":true,""no_hidden_clipping"":true,""soc_within_bounds"":true}","[""time_s"",""rng""]"
A0_CROSS_ENVIRONMENT_NOMINAL_FEASIBLE,475788735.5620499,547761422.6745847,1023550158.2366347,RSIM-001-smoke,9933919.747636609,0.01023546839041801,8.727975609922737,1.0,2.7252958716417197e-06,0.001986912580569322,90938505.9960826,620000.0,E0_CANONICAL,8.0,5400.0,960604932.8696312,29648.30039721084,8960a1a5abc8f17b3f469f13947ddb079975492c8d3b2617b2017cc714b934a4,RSIM canonical-derived monotone FDIR,30.0,0.2,2bf50b710c5028c469736791796328ef22636056,0.6228746285895459,0.6164992150174242,0.9,SYSTEM_POWER_DEFICIT,1.4991656371421413e-05,0.9,43200.0,10800.0,canonical_wrb_wall_clock,0.2,CLOSED_LOOP,TSM-01-v0.4.4-canonical-with-RSIM-wrapper-v1,38622.45198935486,332.7719390955134,320.3141558515874,38622.45198935486,f1e4e90f3f517362d1f0d86129448dbb51a9890353ed63ed0111bae36bf018af,run,970538852.6172678,29954.90285855765,4d0346b035b1fd5741968fa71fbe3034f1c80d7cbc85f637f523978677d7ddf7,rsim-001-smoke.1,non-authoritative representative architecture challenge; not attack or spacecraft validation,5,43200.0,1439151157.8947375,1.038419213728048e-06,0,0.0,0.0,False,queue_driven_benign,W3 — queue-driven benign,"[""battery initialization-domination diagnostic flagged""]","{""battery_never_creates_energy"":true,""electrical_balance_closes"":true,""executed_le_design"":true,""executed_le_requested"":true,""fdir_never_increases_power"":true,""finite_state"":true,""housekeeping_priority"":true,""initialization_domination_flag"":true,""no_hidden_clipping"":true,""soc_within_bounds"":true}","[""time_s"",""rng""]"
A0_CROSS_ENVIRONMENT_NOMINAL_FEASIBLE,,,,RSIM-001-smoke,0.0,0.0,9.686973252986832,1.0,,,,,E1_REPRESENTATIVE_ANALYTIC_LEO,7.527453229594017,5738.992815014798,970538852.6172678,29954.90285855765,9ed57551529e1acd3e08aa25d96d84a6e852061f170b941ba60f576d1902190e,,,,2bf50b710c5028c469736791796328ef22636056,0.6325048858905048,0.6325048858905048,,,,,43200.0,10800.0,canonical_wrb_wall_clock,,THERMAL_ONLY,TSM-01-v0.4.4-canonical-with-RSIM-wrapper-v1,38622.45198935486,341.25928572693186,328.5038906137,38622.45198935486,b348f00169c885d3849e406bf8ee33c9e3461c493394179d38bcd5672eae6285,run,970538852.6172678,29954.90285855765,4d0346b035b1fd5741968fa71fbe3034f1c80d7cbc85f637f523978677d7ddf7,rsim-001-smoke.1,non-authoritative representative architecture challenge; not attack or spacecraft validation,5,43200.0,,1.2603327377291862e-06,0,0.0,0.0,True,queue_driven_benign,W3 — queue-driven benign,"[""E1 is a fixed-wall-clock representative environment challenge, not a periodic/steady-state result"",""E1 radiator incidence and Earth-view factors are ASSUMED_EXPLORATORY"",""E1 albedo is a bounded analytic approximation, not a flight environment model""]","{""battery_never_creates_energy"":true,""electrical_balance_closes"":true,""executed_le_design"":true,""executed_le_requested"":true,""fdir_never_increases_power"":true,""finite_state"":true,""housekeeping_priority"":true,""no_hidden_clipping"":true,""soc_within_bounds"":true}","[""time_s"",""rng""]"
A0_CROSS_ENVIRONMENT_NOMINAL_FEASIBLE,488787189.75701356,537218570.9457569,1026005760.7027704,RSIM-001-smoke,1723290.267784613,0.0017756015260361685,9.274768681170315,1.0,-5.43492024007719e-06,0.001989211616786165,73846772.29167628,324000.0,E1_REPRESENTATIVE_ANALYTIC_LEO,7.527453229594017,5738.992815014798,968815562.3494831,29901.71488732973,ebcd59836a8cba1e2f50219d72f1c251ae222297cc1cf8cca7c461267b5ca17c,,,0.4289606628259837,2bf50b710c5028c469736791796328ef22636056,0.6336299602148044,0.6325048858905048,0.9,SYSTEM_POWER_DEFICIT,1.135314414568711e-05,0.9,43200.0,10800.0,canonical_wrb_wall_clock,0.2,POWER_CONSTRAINED,TSM-01-v0.4.4-canonical-with-RSIM-wrapper-v1,38622.45198935486,340.84708115511535,328.149032168937,38622.45198935486,b348f00169c885d3849e406bf8ee33c9e3461c493394179d38bcd5672eae6285,run,970538852.6172678,29954.90285855765,4d0346b035b1fd5741968fa71fbe3034f1c80d7cbc85f637f523978677d7ddf7,rsim-001-smoke.1,non-authoritative representative architecture challenge; not attack or spacecraft validation,5,43200.0,1451993045.840408,1.2180862540844828e-06,0,0.0,0.0,False,queue_driven_benign,W3 — queue-driven benign,"[""E1 is a fixed-wall-clock representative environment challenge, not a periodic/steady-state result"",""E1 radiator incidence and Earth-view factors are ASSUMED_EXPLORATORY"",""E1 albedo is a bounded analytic approximation, not a flight environment model"",""battery initialization-domination diagnostic flagged""]","{""battery_never_creates_energy"":true,""electrical_balance_closes"":true,""executed_le_design"":true,""executed_le_requested"":true,""fdir_never_increases_power"":true,""finite_state"":true,""housekeeping_priority"":true,""initialization_domination_flag"":true,""no_hidden_clipping"":true,""soc_within_bounds"":true}","[""time_s"",""rng""]"
A0_CROSS_ENVIRONMENT_NOMINAL_FEASIBLE,488787189.75701356,537218570.9457569,1026005760.7027704,RSIM-001-smoke,1723290.267784613,0.0017756015260361685,9.274768681170315,1.0,-5.43492024007719e-06,0.001989211616786165,73846772.29167628,324000.0,E1_REPRESENTATIVE_ANALYTIC_LEO,7.527453229594017,5738.992815014798,968815562.3494831,29901.71488732973,ebcd59836a8cba1e2f50219d72f1c251ae222297cc1cf8cca7c461267b5ca17c,RSIM canonical-derived monotone FDIR,30.0,0.4289606628259837,2bf50b710c5028c469736791796328ef22636056,0.6336299602148044,0.6325048858905048,0.9,SYSTEM_POWER_DEFICIT,1.135314414568711e-05,0.9,43200.0,10800.0,canonical_wrb_wall_clock,0.2,CLOSED_LOOP,TSM-01-v0.4.4-canonical-with-RSIM-wrapper-v1,38622.45198935486,340.84708115511535,328.149032168937,38622.45198935486,b348f00169c885d3849e406bf8ee33c9e3461c493394179d38bcd5672eae6285,run,970538852.6172678,29954.90285855765,4d0346b035b1fd5741968fa71fbe3034f1c80d7cbc85f637f523978677d7ddf7,rsim-001-smoke.1,non-authoritative representative architecture challenge; not attack or spacecraft validation,5,43200.0,1451993045.840408,1.2180862540844828e-06,0,0.0,0.0,False,queue_driven_benign,W3 — queue-driven benign,"[""E1 is a fixed-wall-clock representative environment challenge, not a periodic/steady-state result"",""E1 radiator incidence and Earth-view factors are ASSUMED_EXPLORATORY"",""E1 albedo is a bounded analytic approximation, not a flight environment model"",""battery initialization-domination diagnostic flagged""]","{""battery_never_creates_energy"":true,""electrical_balance_closes"":true,""executed_le_design"":true,""executed_le_requested"":true,""fdir_never_increases_power"":true,""finite_state"":true,""housekeeping_priority"":true,""initialization_domination_flag"":true,""no_hidden_clipping"":true,""soc_within_bounds"":true}","[""time_s"",""rng""]"
A0_CROSS_ENVIRONMENT_NOMINAL_FEASIBLE,,,,RSIM-001-smoke,0.0,0.0,10.448023237380085,1.0,,,,,E0_CANONICAL,8.0,5400.0,970538852.6172678,29954.90285855765,81e96a7c591fca7fe31228f675b5d9abbf8ea3a4c452e896503c860d8c141556,,,,2bf50b710c5028c469736791796328ef22636056,0.6864231340449851,0.6864231340449851,,,,,43200.0,10800.0,canonical_wrb_wall_clock,,THERMAL_ONLY,TSM-01-v0.4.4-canonical-with-RSIM-wrapper-v1,39181.06327171323,334.49198672297075,322.1203673434091,39181.06327171323,f1e4e90f3f517362d1f0d86129448dbb51a9890353ed63ed0111bae36bf018af,run,970538852.6172678,29954.90285855765,ff13922b33f10bef4dee9f270f9fac36316001401b54374399fead8a3937326d,rsim-001-smoke.1,non-authoritative representative architecture challenge; not attack or spacecraft validation,5,43200.0,,-1.552761659695534e-06,0,0.0,0.0,True,power_aware_benign,W4 — power-aware benign,[],"{""battery_never_creates_energy"":true,""electrical_balance_closes"":true,""executed_le_design"":true,""executed_le_requested"":true,""fdir_never_increases_power"":true,""finite_state"":true,""housekeeping_priority"":true,""no_hidden_clipping"":true,""soc_within_bounds"":true}","[""time_s"",""power_availability"",""rng""]"
A0_CROSS_ENVIRONMENT_NOMINAL_FEASIBLE,389354596.1616926,447067582.2241918,836422178.3858843,RSIM-001-smoke,0.0,0.0,10.448023237380085,1.0,-4.213996362523176e-05,0.0018862187401189293,110181758.60572489,0.0,E0_CANONICAL,8.0,5400.0,970538852.6172678,29954.90285855765,81e96a7c591fca7fe31228f675b5d9abbf8ea3a4c452e896503c860d8c141556,,,0.33868859334692253,2bf50b710c5028c469736791796328ef22636056,0.6864231340449851,0.6864231340449851,0.9,,4.227189492667094e-05,0.9,43200.0,10800.0,canonical_wrb_wall_clock,0.3385610719193581,POWER_CONSTRAINED,TSM-01-v0.4.4-canonical-with-RSIM-wrapper-v1,39181.06327171323,334.49198672297075,322.1203673434091,39181.06327171323,f1e4e90f3f517362d1f0d86129448dbb51a9890353ed63ed0111bae36bf018af,run,970538852.6172678,29954.90285855765,ff13922b33f10bef4dee9f270f9fac36316001401b54374399fead8a3937326d,rsim-001-smoke.1,non-authoritative representative architecture challenge; not attack or spacecraft validation,5,43200.0,1439151157.8947375,-1.552761659695534e-06,0,0.0,0.0,True,power_aware_benign,W4 — power-aware benign,[],"{""battery_never_creates_energy"":true,""electrical_balance_closes"":true,""executed_le_design"":true,""executed_le_requested"":true,""fdir_never_increases_power"":true,""finite_state"":true,""housekeeping_priority"":true,""initialization_domination_flag"":false,""no_hidden_clipping"":true,""soc_within_bounds"":true}","[""time_s"",""power_availability"",""rng""]"
A0_CROSS_ENVIRONMENT_NOMINAL_FEASIBLE,389354596.1616926,447067582.2241918,836422178.3858843,RSIM-001-smoke,0.0,0.0,10.448023237380085,1.0,-4.213996362523176e-05,0.0018862187401189293,110181758.60572489,0.0,E0_CANONICAL,8.0,5400.0,970538852.6172678,29954.90285855765,81e96a7c591fca7fe31228f675b5d9abbf8ea3a4c452e896503c860d8c141556,RSIM canonical-derived monotone FDIR,30.0,0.33868859334692253,2bf50b710c5028c469736791796328ef22636056,0.6864231340449851,0.6864231340449851,0.9,,4.227189492667094e-05,0.9,43200.0,10800.0,canonical_wrb_wall_clock,0.3385610719193581,CLOSED_LOOP,TSM-01-v0.4.4-canonical-with-RSIM-wrapper-v1,39181.06327171323,334.49198672297075,322.1203673434091,39181.06327171323,f1e4e90f3f517362d1f0d86129448dbb51a9890353ed63ed0111bae36bf018af,run,970538852.6172678,29954.90285855765,ff13922b33f10bef4dee9f270f9fac36316001401b54374399fead8a3937326d,rsim-001-smoke.1,non-authoritative representative architecture challenge; not attack or spacecraft validation,5,43200.0,1439151157.8947375,-1.552761659695534e-06,0,0.0,0.0,True,power_aware_benign,W4 — power-aware benign,[],"{""battery_never_creates_energy"":true,""electrical_balance_closes"":true,""executed_le_design"":true,""executed_le_requested"":true,""fdir_never_increases_power"":true,""finite_state"":true,""housekeeping_priority"":true,""initialization_domination_flag"":false,""no_hidden_clipping"":true,""soc_within_bounds"":true}","[""time_s"",""power_availability"",""rng""]"
A0_CROSS_ENVIRONMENT_NOMINAL_FEASIBLE,,,,RSIM-001-smoke,0.0,0.0,10.170046673959462,1.0,,,,,E1_REPRESENTATIVE_ANALYTIC_LEO,7.527453229594017,5738.992815014798,970538852.6172678,29954.90285855765,81e96a7c591fca7fe31228f675b5d9abbf8ea3a4c452e896503c860d8c141556,,,,2bf50b710c5028c469736791796328ef22636056,0.6805143184809765,0.6805143184809765,,,,,43200.0,10800.0,canonical_wrb_wall_clock,,THERMAL_ONLY,TSM-01-v0.4.4-canonical-with-RSIM-wrapper-v1,39181.06327171323,341.7423591479045,329.17212841105356,39181.06327171323,b348f00169c885d3849e406bf8ee33c9e3461c493394179d38bcd5672eae6285,run,970538852.6172678,29954.90285855765,ff13922b33f10bef4dee9f270f9fac36316001401b54374399fead8a3937326d,rsim-001-smoke.1,non-authoritative representative architecture challenge; not attack or spacecraft validation,5,43200.0,,-1.855171376519138e-06,0,0.0,0.0,True,power_aware_benign,W4 — power-aware benign,"[""E1 is a fixed-wall-clock representative environment challenge, not a periodic/steady-state result"",""E1 radiator incidence and Earth-view factors are ASSUMED_EXPLORATORY"",""E1 albedo is a bounded analytic approximation, not a flight environment model""]","{""battery_never_creates_energy"":true,""electrical_balance_closes"":true,""executed_le_design"":true,""executed_le_requested"":true,""fdir_never_increases_power"":true,""finite_state"":true,""housekeeping_priority"":true,""no_hidden_clipping"":true,""soc_within_bounds"":true}","[""time_s"",""power_availability"",""rng""]"
A0_CROSS_ENVIRONMENT_NOMINAL_FEASIBLE,462753026.8149588,493013380.15516317,955766406.9701219,RSIM-001-smoke,2068661.1355641019,0.0021314562832652293,10.170046673868228,1.0,-3.260183802922256e-05,0.001945006425995571,95433860.78064494,484000.0,E1_REPRESENTATIVE_ANALYTIC_LEO,7.527453229594017,5738.992815014798,968470191.4817036,29891.05529264518,537ac0da17b062ce3e56cb02828ff11b61171e8d4faaffc828911e07a283fd22,,,0.6056904752629634,2bf50b710c5028c469736791796328ef22636056,0.6819679032533512,0.6805143184809765,0.9,SYSTEM_POWER_DEFICIT,3.263924008933827e-05,0.9,43200.0,10800.0,canonical_wrb_wall_clock,0.2,POWER_CONSTRAINED,TSM-01-v0.4.4-canonical-with-RSIM-wrapper-v1,39181.06327171323,341.74235914781326,329.17212841097466,39181.06327171323,b348f00169c885d3849e406bf8ee33c9e3461c493394179d38bcd5672eae6285,run,970538852.6172678,29954.90285855765,ff13922b33f10bef4dee9f270f9fac36316001401b54374399fead8a3937326d,rsim-001-smoke.1,non-authoritative representative architecture challenge; not attack or spacecraft validation,5,43200.0,1451993045.840408,-2.0291918190196157e-07,0,0.0,0.0,False,power_aware_benign,W4 — power-aware benign,"[""E1 is a fixed-wall-clock representative environment challenge, not a periodic/steady-state result"",""E1 radiator incidence and Earth-view factors are ASSUMED_EXPLORATORY"",""E1 albedo is a bounded analytic approximation, not a flight environment model"",""battery initialization-domination diagnostic flagged""]","{""battery_never_creates_energy"":true,""electrical_balance_closes"":true,""executed_le_design"":true,""executed_le_requested"":true,""fdir_never_increases_power"":true,""finite_state"":true,""housekeeping_priority"":true,""initialization_domination_flag"":true,""no_hidden_clipping"":true,""soc_within_bounds"":true}","[""time_s"",""power_availability"",""rng""]"
A0_CROSS_ENVIRONMENT_NOMINAL_FEASIBLE,462753026.8149588,493013380.15516317,955766406.9701219,RSIM-001-smoke,2068661.1355641019,0.0021314562832652293,10.170046673868228,1.0,-3.260183802922256e-05,0.001945006425995571,95433860.78064494,484000.0,E1_REPRESENTATIVE_ANALYTIC_LEO,7.527453229594017,5738.992815014798,968470191.4817036,29891.05529264518,537ac0da17b062ce3e56cb02828ff11b61171e8d4faaffc828911e07a283fd22,RSIM canonical-derived monotone FDIR,30.0,0.6056904752629634,2bf50b710c5028c469736791796328ef22636056,0.6819679032533512,0.6805143184809765,0.9,SYSTEM_POWER_DEFICIT,3.263924008933827e-05,0.9,43200.0,10800.0,canonical_wrb_wall_clock,0.2,CLOSED_LOOP,TSM-01-v0.4.4-canonical-with-RSIM-wrapper-v1,39181.06327171323,341.74235914781326,329.17212841097466,39181.06327171323,b348f00169c885d3849e406bf8ee33c9e3461c493394179d38bcd5672eae6285,run,970538852.6172678,29954.90285855765,ff13922b33f10bef4dee9f270f9fac36316001401b54374399fead8a3937326d,rsim-001-smoke.1,non-authoritative representative architecture challenge; not attack or spacecraft validation,5,43200.0,1451993045.840408,-2.0291918190196157e-07,0,0.0,0.0,False,power_aware_benign,W4 — power-aware benign,"[""E1 is a fixed-wall-clock representative environment challenge, not a periodic/steady-state result"",""E1 radiator incidence and Earth-view factors are ASSUMED_EXPLORATORY"",""E1 albedo is a bounded analytic approximation, not a flight environment model"",""battery initialization-domination diagnostic flagged""]","{""battery_never_creates_energy"":true,""electrical_balance_closes"":true,""executed_le_design"":true,""executed_le_requested"":true,""fdir_never_increases_power"":true,""finite_state"":true,""housekeeping_priority"":true,""initialization_domination_flag"":true,""no_hidden_clipping"":true,""soc_within_bounds"":true}","[""time_s"",""power_availability"",""rng""]"
A0_CROSS_ENVIRONMENT_NOMINAL_FEASIBLE,,,,RSIM-001-smoke,0.0,0.0,17.380111928589997,1.0,,,,,E0_CANONICAL,8.0,5400.0,970538852.6172678,29954.902858557653,2cb7c9d85da63d8666fa5daa7dd6bb069ab97e2d54673397becd56d314118114,,,,2bf50b710c5028c469736791796328ef22636056,0.8258570483056342,0.8258570483056342,,,,,43200.0,10800.0,canonical_wrb_wall_clock,,THERMAL_ONLY,TSM-01-v0.4.4-canonical-with-RSIM-wrapper-v1,40000.0,341.42407541418066,327.73463351234494,40000.0,f1e4e90f3f517362d1f0d86129448dbb51a9890353ed63ed0111bae36bf018af,run,970538852.6172678,29954.902858557653,8cf2716dd156d807966c56ec1a0a744a6552d813376b7c3beb9dcc83ec71e620,rsim-001-smoke.1,non-authoritative representative architecture challenge; not attack or spacecraft validation,5,43200.0,,-2.473697350069415e-06,0,0.0,0.0,True,phase_shaped_candidate,W5 — phase-shaped adversarial candidate,[],"{""battery_never_creates_energy"":true,""electrical_balance_closes"":true,""executed_le_design"":true,""executed_le_requested"":true,""fdir_never_increases_power"":true,""finite_state"":true,""housekeeping_priority"":true,""no_hidden_clipping"":true,""soc_within_bounds"":true}","[""time_s"",""hot_mask"",""rng""]"
A0_CROSS_ENVIRONMENT_NOMINAL_FEASIBLE,237652733.41508183,271608491.4040849,509261224.81916684,RSIM-001-smoke,0.0,0.0,17.380111928589997,1.0,-4.176593938609585e-05,0.0017107596492988225,66869268.962597705,0.0,E0_CANONICAL,8.0,5400.0,970538852.6172678,29954.902858557653,2cb7c9d85da63d8666fa5daa7dd6bb069ab97e2d54673397becd56d314118114,,,0.5697492959356255,2bf50b710c5028c469736791796328ef22636056,0.8258570483056342,0.8258570483056342,0.9,,4.202619857096579e-05,0.9,43200.0,10800.0,canonical_wrb_wall_clock,0.5694759836787053,POWER_CONSTRAINED,TSM-01-v0.4.4-canonical-with-RSIM-wrapper-v1,40000.0,341.42407541418066,327.73463351234494,40000.0,f1e4e90f3f517362d1f0d86129448dbb51a9890353ed63ed0111bae36bf018af,run,970538852.6172678,29954.902858557653,8cf2716dd156d807966c56ec1a0a744a6552d813376b7c3beb9dcc83ec71e620,rsim-001-smoke.1,non-authoritative representative architecture challenge; not attack or spacecraft validation,5,43200.0,1439151157.8947375,-2.473697350069415e-06,0,0.0,0.0,True,phase_shaped_candidate,W5 — phase-shaped adversarial candidate,[],"{""battery_never_creates_energy"":true,""electrical_balance_closes"":true,""executed_le_design"":true,""executed_le_requested"":true,""fdir_never_increases_power"":true,""finite_state"":true,""housekeeping_priority"":true,""initialization_domination_flag"":false,""no_hidden_clipping"":true,""soc_within_bounds"":true}","[""time_s"",""hot_mask"",""rng""]"
A0_CROSS_ENVIRONMENT_NOMINAL_FEASIBLE,237652733.41508183,271608491.4040849,509261224.81916684,RSIM-001-smoke,0.0,0.0,17.380111928589997,1.0,-4.176593938609585e-05,0.0017107596492988225,66869268.962597705,0.0,E0_CANONICAL,8.0,5400.0,970538852.6172678,29954.902858557653,2cb7c9d85da63d8666fa5daa7dd6bb069ab97e2d54673397becd56d314118114,RSIM canonical-derived monotone FDIR,30.0,0.5697492959356255,2bf50b710c5028c469736791796328ef22636056,0.8258570483056342,0.8258570483056342,0.9,,4.202619857096579e-05,0.9,43200.0,10800.0,canonical_wrb_wall_clock,0.5694759836787053,CLOSED_LOOP,TSM-01-v0.4.4-canonical-with-RSIM-wrapper-v1,40000.0,341.42407541418066,327.73463351234494,40000.0,f1e4e90f3f517362d1f0d86129448dbb51a9890353ed63ed0111bae36bf018af,run,970538852.6172678,29954.902858557653,8cf2716dd156d807966c56ec1a0a744a6552d813376b7c3beb9dcc83ec71e620,rsim-001-smoke.1,non-authoritative representative architecture challenge; not attack or spacecraft validation,5,43200.0,1439151157.8947375,-2.473697350069415e-06,0,0.0,0.0,True,phase_shaped_candidate,W5 — phase-shaped adversarial candidate,[],"{""battery_never_creates_energy"":true,""electrical_balance_closes"":true,""executed_le_design"":true,""executed_le_requested"":true,""fdir_never_increases_power"":true,""finite_state"":true,""housekeeping_priority"":true,""initialization_domination_flag"":false,""no_hidden_clipping"":true,""soc_within_bounds"":true}","[""time_s"",""hot_mask"",""rng""]"
A0_CROSS_ENVIRONMENT_NOMINAL_FEASIBLE,,,,RSIM-001-smoke,0.0,0.0,16.764768565503687,1.0,,,,,E1_REPRESENTATIVE_ANALYTIC_LEO,7.527453229594017,5738.992815014798,970538852.6172678,29954.902858557653,2cb7c9d85da63d8666fa5daa7dd6bb069ab97e2d54673397becd56d314118114,,,,2bf50b710c5028c469736791796328ef22636056,0.767077786053768,0.767077786053768,,,,,43200.0,10800.0,canonical_wrb_wall_clock,,THERMAL_ONLY,TSM-01-v0.4.4-canonical-with-RSIM-wrapper-v1,40000.0,348.3370810394487,334.4603008735212,40000.0,b348f00169c885d3849e406bf8ee33c9e3461c493394179d38bcd5672eae6285,run,970538852.6172678,29954.902858557653,8cf2716dd156d807966c56ec1a0a744a6552d813376b7c3beb9dcc83ec71e620,rsim-001-smoke.1,non-authoritative representative architecture challenge; not attack or spacecraft validation,5,43200.0,,-2.742076503636781e-07,0,146.0,0.0,True,phase_shaped_candidate,W5 — phase-shaped adversarial candidate,"[""E1 is a fixed-wall-clock representative environment challenge, not a periodic/steady-state result"",""E1 radiator incidence and Earth-view factors are ASSUMED_EXPLORATORY"",""E1 albedo is a bounded analytic approximation, not a flight environment model""]","{""battery_never_creates_energy"":true,""electrical_balance_closes"":true,""executed_le_design"":true,""executed_le_requested"":true,""fdir_never_increases_power"":true,""finite_state"":true,""housekeeping_priority"":true,""no_hidden_clipping"":true,""soc_within_bounds"":true}","[""time_s"",""hot_mask"",""rng""]"
A0_CROSS_ENVIRONMENT_NOMINAL_FEASIBLE,383290947.9840702,403561850.74026084,786852798.7243311,RSIM-001-smoke,0.0,0.0,16.764768565503687,1.0,-1.77998863364337e-05,0.0018555548965806688,57381066.78247537,716000.0,E1_REPRESENTATIVE_ANALYTIC_LEO,7.527453229594017,5738.992815014798,970538852.6172678,29954.902858557653,1e3dfce506f6de5562fbd8e51b53c21d67a88af20ad05aa8d314f02c1ef963bd,,,0.7028469896203616,2bf50b710c5028c469736791796328ef22636056,0.767077786053768,0.767077786053768,0.9,SYSTEM_POWER_DEFICIT,1.8000540876528248e-05,0.9,43200.0,10800.0,canonical_wrb_wall_clock,0.2,POWER_CONSTRAINED,TSM-01-v0.4.4-canonical-with-RSIM-wrapper-v1,40000.0,348.3370810394487,334.4603008735212,40000.0,b348f00169c885d3849e406bf8ee33c9e3461c493394179d38bcd5672eae6285,run,970538852.6172678,29954.902858557653,8cf2716dd156d807966c56ec1a0a744a6552d813376b7c3beb9dcc83ec71e620,rsim-001-smoke.1,non-authoritative representative architecture challenge; not attack or spacecraft validation,5,43200.0,1451993045.840408,1.1332999747537542e-06,0,146.0,0.0,False,phase_shaped_candidate,W5 — phase-shaped adversarial candidate,"[""E1 is a fixed-wall-clock representative environment challenge, not a periodic/steady-state result"",""E1 radiator incidence and Earth-view factors are ASSUMED_EXPLORATORY"",""E1 albedo is a bounded analytic approximation, not a flight environment model"",""battery initialization-domination diagnostic flagged""]","{""battery_never_creates_energy"":true,""electrical_balance_closes"":true,""executed_le_design"":true,""executed_le_requested"":true,""fdir_never_increases_power"":true,""finite_state"":true,""housekeeping_priority"":true,""initialization_domination_flag"":true,""no_hidden_clipping"":true,""soc_within_bounds"":true}","[""time_s"",""hot_mask"",""rng""]"
A0_CROSS_ENVIRONMENT_NOMINAL_FEASIBLE,383290947.9840703,403561850.74026084,786852798.7243311,RSIM-001-smoke,2373296.296555293,0.0024453387828371697,16.62973983943823,1.0,-1.7608379494049586e-05,0.0018555548965806688,59754363.07903046,716000.0,E1_REPRESENTATIVE_ANALYTIC_LEO,7.527453229594017,5738.992815014798,968165556.3207126,29881.652972861502,c186c266bdfea06561429719f481ceef80d6e84cf92b209209483ac412636fb9,RSIM canonical-derived monotone FDIR,30.0,0.7028469896203616,2bf50b710c5028c469736791796328ef22636056,0.7665068161156875,0.767077786053768,0.9,SYSTEM_POWER_DEFICIT,1.7809034034144133e-05,0.9,43200.0,10800.0,canonical_wrb_wall_clock,0.2,CLOSED_LOOP,TSM-01-v0.4.4-canonical-with-RSIM-wrapper-v1,40000.0,348.20205231338326,334.42168783443213,40000.0,b348f00169c885d3849e406bf8ee33c9e3461c493394179d38bcd5672eae6285,run,970538852.6172678,29954.902858557653,8cf2716dd156d807966c56ec1a0a744a6552d813376b7c3beb9dcc83ec71e620,rsim-001-smoke.1,non-authoritative representative architecture challenge; not attack or spacecraft validation,5,43200.0,1451993045.840408,1.5870919014560059e-06,1,31.0,85.0,False,phase_shaped_candidate,W5 — phase-shaped adversarial candidate,"[""E1 is a fixed-wall-clock representative environment challenge, not a periodic/steady-state result"",""E1 radiator incidence and Earth-view factors are ASSUMED_EXPLORATORY"",""E1 albedo is a bounded analytic approximation, not a flight environment model"",""battery initialization-domination diagnostic flagged""]","{""battery_never_creates_energy"":true,""electrical_balance_closes"":true,""executed_le_design"":true,""executed_le_requested"":true,""fdir_never_increases_power"":true,""finite_state"":true,""housekeeping_priority"":true,""initialization_domination_flag"":true,""no_hidden_clipping"":true,""soc_within_bounds"":true}","[""time_s"",""hot_mask"",""rng""]"
A0_CROSS_ENVIRONMENT_NOMINAL_FEASIBLE,,,,RSIM-001-smoke,0.0,0.0,0.0,1.0,,,,,E0_CANONICAL,8.0,5400.0,970862811.2093195,29964.901580534544,b11a7cd2c1589d8252cc19680dad6a21bf2f4675e008f71936c3269d020e8db0,,,,2bf50b710c5028c469736791796328ef22636056,0.62,0.62,,,,,43200.0,10800.0,canonical_wrb_wall_clock,,THERMAL_ONLY,TSM-01-v0.4.4-canonical-with-RSIM-wrapper-v1,29964.90158053455,324.06448136583253,313.49647248257554,29964.90158053455,f1e4e90f3f517362d1f0d86129448dbb51a9890353ed63ed0111bae36bf018af,run,970862811.2093195,29964.901580534544,f73ebd85c12c9da5d7c0f018a69319a6c8fbc188a612b2fa1771af193bc5ee12,rsim-001-smoke.1,non-authoritative representative architecture challenge; not attack or spacecraft validation,6,43200.0,,-3.9091037251637317e-07,0,0.0,0.0,True,constant_reference,W0 — constant reference,[],"{""battery_never_creates_energy"":true,""electrical_balance_closes"":true,""executed_le_design"":true,""executed_le_requested"":true,""fdir_never_increases_power"":true,""finite_state"":true,""housekeeping_priority"":true,""no_hidden_clipping"":true,""soc_within_bounds"":true}","[""time_s"",""rng""]"
A0_CROSS_ENVIRONMENT_NOMINAL_FEASIBLE,483309311.8976961,552353499.3116369,1035662811.209333,RSIM-001-smoke,0.0,0.0,0.0,1.0,2.243206836283207e-06,0.0019915046572063742,74256589.85886145,0.0,E0_CANONICAL,8.0,5400.0,970862811.2093195,29964.901580534544,b11a7cd2c1589d8252cc19680dad6a21bf2f4675e008f71936c3269d020e8db0,,,0.22848232949547503,2bf50b710c5028c469736791796328ef22636056,0.62,0.62,0.9,,1.4323624782264233e-05,0.9,43200.0,10800.0,canonical_wrb_wall_clock,0.22848232949547503,POWER_CONSTRAINED,TSM-01-v0.4.4-canonical-with-RSIM-wrapper-v1,29964.90158053455,324.06448136583253,313.49647248257554,29964.90158053455,f1e4e90f3f517362d1f0d86129448dbb51a9890353ed63ed0111bae36bf018af,run,970862811.2093195,29964.901580534544,f73ebd85c12c9da5d7c0f018a69319a6c8fbc188a612b2fa1771af193bc5ee12,rsim-001-smoke.1,non-authoritative representative architecture challenge; not attack or spacecraft validation,6,43200.0,1439151157.8947375,-3.9091037251637317e-07,0,0.0,0.0,True,constant_reference,W0 — constant reference,[],"{""battery_never_creates_energy"":true,""electrical_balance_closes"":true,""executed_le_design"":true,""executed_le_requested"":true,""fdir_never_increases_power"":true,""finite_state"":true,""housekeeping_priority"":true,""initialization_domination_flag"":false,""no_hidden_clipping"":true,""soc_within_bounds"":true}","[""time_s"",""rng""]"
A0_CROSS_ENVIRONMENT_NOMINAL_FEASIBLE,483309311.8976961,552353499.3116369,1035662811.209333,RSIM-001-smoke,0.0,0.0,0.0,1.0,2.243206836283207e-06,0.0019915046572063742,74256589.85886145,0.0,E0_CANONICAL,8.0,5400.0,970862811.2093195,29964.901580534544,b11a7cd2c1589d8252cc19680dad6a21bf2f4675e008f71936c3269d020e8db0,RSIM canonical-derived monotone FDIR,30.0,0.22848232949547503,2bf50b710c5028c469736791796328ef22636056,0.62,0.62,0.9,,1.4323624782264233e-05,0.9,43200.0,10800.0,canonical_wrb_wall_clock,0.22848232949547503,CLOSED_LOOP,TSM-01-v0.4.4-canonical-with-RSIM-wrapper-v1,29964.90158053455,324.06448136583253,313.49647248257554,29964.90158053455,f1e4e90f3f517362d1f0d86129448dbb51a9890353ed63ed0111bae36bf018af,run,970862811.2093195,29964.901580534544,f73ebd85c12c9da5d7c0f018a69319a6c8fbc188a612b2fa1771af193bc5ee12,rsim-001-smoke.1,non-authoritative representative architecture challenge; not attack or spacecraft validation,6,43200.0,1439151157.8947375,-3.9091037251637317e-07,0,0.0,0.0,True,constant_reference,W0 — constant reference,[],"{""battery_never_creates_energy"":true,""electrical_balance_closes"":true,""executed_le_design"":true,""executed_le_requested"":true,""fdir_never_increases_power"":true,""finite_state"":true,""housekeeping_priority"":true,""initialization_domination_flag"":false,""no_hidden_clipping"":true,""soc_within_bounds"":true}","[""time_s"",""rng""]"
A0_CROSS_ENVIRONMENT_NOMINAL_FEASIBLE,,,,RSIM-001-smoke,0.0,0.0,0.0,1.0,,,,,E1_REPRESENTATIVE_ANALYTIC_LEO,7.527453229594017,5738.992815014798,970862811.2093195,29964.901580534544,b11a7cd2c1589d8252cc19680dad6a21bf2f4675e008f71936c3269d020e8db0,,,,2bf50b710c5028c469736791796328ef22636056,0.6325617283950618,0.6325617283950618,,,,,43200.0,10800.0,canonical_wrb_wall_clock,,THERMAL_ONLY,TSM-01-v0.4.4-canonical-with-RSIM-wrapper-v1,29964.90158053455,331.5917683318491,320.9764301623398,29964.90158053455,b348f00169c885d3849e406bf8ee33c9e3461c493394179d38bcd5672eae6285,run,970862811.2093195,29964.901580534544,f73ebd85c12c9da5d7c0f018a69319a6c8fbc188a612b2fa1771af193bc5ee12,rsim-001-smoke.1,non-authoritative representative architecture challenge; not attack or spacecraft validation,6,43200.0,,1.0813828339450993e-06,0,0.0,0.0,True,constant_reference,W0 — constant reference,"[""E1 is a fixed-wall-clock representative environment challenge, not a periodic/steady-state result"",""E1 radiator incidence and Earth-view factors are ASSUMED_EXPLORATORY"",""E1 albedo is a bounded analytic approximation, not a flight environment model""]","{""battery_never_creates_energy"":true,""electrical_balance_closes"":true,""executed_le_design"":true,""executed_le_requested"":true,""fdir_never_increases_power"":true,""finite_state"":true,""housekeeping_priority"":true,""no_hidden_clipping"":true,""soc_within_bounds"":true}","[""time_s"",""rng""]"
A0_CROSS_ENVIRONMENT_NOMINAL_FEASIBLE,503093903.6128046,544311803.0192709,1047405706.6320754,RSIM-001-smoke,0.0,0.0,0.0,1.0,1.7429847503080964e-06,0.001996304848859679,58632980.31088064,0.0,E1_REPRESENTATIVE_ANALYTIC_LEO,7.527453229594017,5738.992815014798,970862811.2093195,29964.901580534544,b11a7cd2c1589d8252cc19680dad6a21bf2f4675e008f71936c3269d020e8db0,,,0.49911834972316943,2bf50b710c5028c469736791796328ef22636056,0.6325617283950618,0.6325617283950618,0.9,,7.709430065006018e-06,0.9,43200.0,10800.0,canonical_wrb_wall_clock,0.20099330204792398,POWER_CONSTRAINED,TSM-01-v0.4.4-canonical-with-RSIM-wrapper-v1,29964.90158053455,331.5917683318491,320.9764301623398,29964.90158053455,b348f00169c885d3849e406bf8ee33c9e3461c493394179d38bcd5672eae6285,run,970862811.2093195,29964.901580534544,f73ebd85c12c9da5d7c0f018a69319a6c8fbc188a612b2fa1771af193bc5ee12,rsim-001-smoke.1,non-authoritative representative architecture challenge; not attack or spacecraft validation,6,43200.0,1451993045.840408,1.0813828339450993e-06,0,0.0,0.0,True,constant_reference,W0 — constant reference,"[""E1 is a fixed-wall-clock representative environment challenge, not a periodic/steady-state result"",""E1 radiator incidence and Earth-view factors are ASSUMED_EXPLORATORY"",""E1 albedo is a bounded analytic approximation, not a flight environment model""]","{""battery_never_creates_energy"":true,""electrical_balance_closes"":true,""executed_le_design"":true,""executed_le_requested"":true,""fdir_never_increases_power"":true,""finite_state"":true,""housekeeping_priority"":true,""initialization_domination_flag"":false,""no_hidden_clipping"":true,""soc_within_bounds"":true}","[""time_s"",""rng""]"
A0_CROSS_ENVIRONMENT_NOMINAL_FEASIBLE,503093903.6128046,544311803.0192709,1047405706.6320754,RSIM-001-smoke,0.0,0.0,0.0,1.0,1.7429847503080964e-06,0.001996304848859679,58632980.31088064,0.0,E1_REPRESENTATIVE_ANALYTIC_LEO,7.527453229594017,5738.992815014798,970862811.2093195,29964.901580534544,b11a7cd2c1589d8252cc19680dad6a21bf2f4675e008f71936c3269d020e8db0,RSIM canonical-derived monotone FDIR,30.0,0.49911834972316943,2bf50b710c5028c469736791796328ef22636056,0.6325617283950618,0.6325617283950618,0.9,,7.709430065006018e-06,0.9,43200.0,10800.0,canonical_wrb_wall_clock,0.20099330204792398,CLOSED_LOOP,TSM-01-v0.4.4-canonical-with-RSIM-wrapper-v1,29964.90158053455,331.5917683318491,320.9764301623398,29964.90158053455,b348f00169c885d3849e406bf8ee33c9e3461c493394179d38bcd5672eae6285,run,970862811.2093195,29964.901580534544,f73ebd85c12c9da5d7c0f018a69319a6c8fbc188a612b2fa1771af193bc5ee12,rsim-001-smoke.1,non-authoritative representative architecture challenge; not attack or spacecraft validation,6,43200.0,1451993045.840408,1.0813828339450993e-06,0,0.0,0.0,True,constant_reference,W0 — constant reference,"[""E1 is a fixed-wall-clock representative environment challenge, not a periodic/steady-state result"",""E1 radiator incidence and Earth-view factors are ASSUMED_EXPLORATORY"",""E1 albedo is a bounded analytic approximation, not a flight environment model""]","{""battery_never_creates_energy"":true,""electrical_balance_closes"":true,""executed_le_design"":true,""executed_le_requested"":true,""fdir_never_increases_power"":true,""finite_state"":true,""housekeeping_priority"":true,""initialization_domination_flag"":false,""no_hidden_clipping"":true,""soc_within_bounds"":true}","[""time_s"",""rng""]"
A0_CROSS_ENVIRONMENT_NOMINAL_FEASIBLE,,,,RSIM-001-smoke,0.0,0.0,1.8949621988323884,1.0,,,,,E0_CANONICAL,8.0,5400.0,970862811.2093195,29964.901580534548,5a2abef689367a41fa8d7b7054cfc8c0d5871d276e953abc60d0dead0fa898e0,,,,2bf50b710c5028c469736791796328ef22636056,0.6214671518298347,0.6214671518298347,,,,,43200.0,10800.0,canonical_wrb_wall_clock,,THERMAL_ONLY,TSM-01-v0.4.4-canonical-with-RSIM-wrapper-v1,36753.507121891875,325.9594435646649,315.0399477373023,36753.507121891875,f1e4e90f3f517362d1f0d86129448dbb51a9890353ed63ed0111bae36bf018af,run,970862811.2093195,29964.901580534548,52914da0160b50e9150931f1330ca7ed71ee5569f3f7656e69b0b52fc5e94e62,rsim-001-smoke.1,non-authoritative representative architecture challenge; not attack or spacecraft validation,6,43200.0,,-1.7315646800852846e-06,0,0.0,0.0,True,diversified_stochastic,W1 — diversified stochastic,[],"{""battery_never_creates_energy"":true,""electrical_balance_closes"":true,""executed_le_design"":true,""executed_le_requested"":true,""fdir_never_increases_power"":true,""finite_state"":true,""housekeeping_priority"":true,""no_hidden_clipping"":true,""soc_within_bounds"":true}","[""time_s"",""rng""]"
A0_CROSS_ENVIRONMENT_NOMINAL_FEASIBLE,483491254.82152075,553129276.8885454,1036620531.7100661,RSIM-001-smoke,0.0,0.0,1.8949621988323884,1.0,-1.461715146433562e-05,0.0019922804347832826,72875687.57191345,0.0,E0_CANONICAL,8.0,5400.0,970862811.2093195,29964.901580534548,5a2abef689367a41fa8d7b7054cfc8c0d5871d276e953abc60d0dead0fa898e0,,,0.22270674609263036,2bf50b710c5028c469736791796328ef22636056,0.6214671518298347,0.6214671518298347,0.9,,1.4910685422364622e-05,0.9,43200.0,10800.0,canonical_wrb_wall_clock,0.20634978862420028,POWER_CONSTRAINED,TSM-01-v0.4.4-canonical-with-RSIM-wrapper-v1,36753.507121891875,325.9594435646649,315.0399477373023,36753.507121891875,f1e4e90f3f517362d1f0d86129448dbb51a9890353ed63ed0111bae36bf018af,run,970862811.2093195,29964.901580534548,52914da0160b50e9150931f1330ca7ed71ee5569f3f7656e69b0b52fc5e94e62,rsim-001-smoke.1,non-authoritative representative architecture challenge; not attack or spacecraft validation,6,43200.0,1439151157.8947375,-1.7315646800852846e-06,0,0.0,0.0,True,diversified_stochastic,W1 — diversified stochastic,[],"{""battery_never_creates_energy"":true,""electrical_balance_closes"":true,""executed_le_design"":true,""executed_le_requested"":true,""fdir_never_increases_power"":true,""finite_state"":true,""housekeeping_priority"":true,""initialization_domination_flag"":false,""no_hidden_clipping"":true,""soc_within_bounds"":true}","[""time_s"",""rng""]"
A0_CROSS_ENVIRONMENT_NOMINAL_FEASIBLE,483491254.82152075,553129276.8885454,1036620531.7100661,RSIM-001-smoke,0.0,0.0,1.8949621988323884,1.0,-1.461715146433562e-05,0.0019922804347832826,72875687.57191345,0.0,E0_CANONICAL,8.0,5400.0,970862811.2093195,29964.901580534548,5a2abef689367a41fa8d7b7054cfc8c0d5871d276e953abc60d0dead0fa898e0,RSIM canonical-derived monotone FDIR,30.0,0.22270674609263036,2bf50b710c5028c469736791796328ef22636056,0.6214671518298347,0.6214671518298347,0.9,,1.4910685422364622e-05,0.9,43200.0,10800.0,canonical_wrb_wall_clock,0.20634978862420028,CLOSED_LOOP,TSM-01-v0.4.4-canonical-with-RSIM-wrapper-v1,36753.507121891875,325.9594435646649,315.0399477373023,36753.507121891875,f1e4e90f3f517362d1f0d86129448dbb51a9890353ed63ed0111bae36bf018af,run,970862811.2093195,29964.901580534548,52914da0160b50e9150931f1330ca7ed71ee5569f3f7656e69b0b52fc5e94e62,rsim-001-smoke.1,non-authoritative representative architecture challenge; not attack or spacecraft validation,6,43200.0,1439151157.8947375,-1.7315646800852846e-06,0,0.0,0.0,True,diversified_stochastic,W1 — diversified stochastic,[],"{""battery_never_creates_energy"":true,""electrical_balance_closes"":true,""executed_le_design"":true,""executed_le_requested"":true,""fdir_never_increases_power"":true,""finite_state"":true,""housekeeping_priority"":true,""initialization_domination_flag"":false,""no_hidden_clipping"":true,""soc_within_bounds"":true}","[""time_s"",""rng""]"
A0_CROSS_ENVIRONMENT_NOMINAL_FEASIBLE,,,,RSIM-001-smoke,0.0,0.0,1.8552888308883553,1.0,,,,,E1_REPRESENTATIVE_ANALYTIC_LEO,7.527453229594017,5738.992815014798,970862811.2093195,29964.901580534548,5a2abef689367a41fa8d7b7054cfc8c0d5871d276e953abc60d0dead0fa898e0,,,,2bf50b710c5028c469736791796328ef22636056,0.6331541475901619,0.6331541475901619,,,,,43200.0,10800.0,canonical_wrb_wall_clock,,THERMAL_ONLY,TSM-01-v0.4.4-canonical-with-RSIM-wrapper-v1,36753.507121891875,333.44705716273745,322.544603316007,36753.507121891875,b348f00169c885d3849e406bf8ee33c9e3461c493394179d38bcd5672eae6285,run,970862811.2093195,29964.901580534548,52914da0160b50e9150931f1330ca7ed71ee5569f3f7656e69b0b52fc5e94e62,rsim-001-smoke.1,non-authoritative representative architecture challenge; not attack or spacecraft validation,6,43200.0,,-1.2387172318994999e-06,0,0.0,0.0,True,diversified_stochastic,W1 — diversified stochastic,"[""E1 is a fixed-wall-clock representative environment challenge, not a periodic/steady-state result"",""E1 radiator incidence and Earth-view factors are ASSUMED_EXPLORATORY"",""E1 albedo is a bounded analytic approximation, not a flight environment model""]","{""battery_never_creates_energy"":true,""electrical_balance_closes"":true,""executed_le_design"":true,""executed_le_requested"":true,""fdir_never_increases_power"":true,""finite_state"":true,""housekeeping_priority"":true,""no_hidden_clipping"":true,""soc_within_bounds"":true}","[""time_s"",""rng""]"
A0_CROSS_ENVIRONMENT_NOMINAL_FEASIBLE,500952524.8887198,540634707.3584033,1041587232.247123,RSIM-001-smoke,2305966.0650056493,0.0023751718969782227,1.8552851808744322,1.0,-1.3968816347187385e-05,0.0019926277531988113,59255571.112510756,213447.34762515276,E1_REPRESENTATIVE_ANALYTIC_LEO,7.527453229594017,5738.992815014798,968556845.1443138,29893.729788404748,decb472c87e74b4193d25cd22c0a626c315e1346d3bb837d47d5f67e8b5a5ec8,,,0.5140545970537429,2bf50b710c5028c469736791796328ef22636056,0.634661577934163,0.6331541475901619,0.9,SYSTEM_POWER_DEFICIT,1.4095596270635724e-05,0.9,43200.0,10800.0,canonical_wrb_wall_clock,0.2,POWER_CONSTRAINED,TSM-01-v0.4.4-canonical-with-RSIM-wrapper-v1,36753.507121891875,333.4470535127235,322.54460017011655,36753.507121891875,b348f00169c885d3849e406bf8ee33c9e3461c493394179d38bcd5672eae6285,run,970862811.2093195,29964.901580534548,52914da0160b50e9150931f1330ca7ed71ee5569f3f7656e69b0b52fc5e94e62,rsim-001-smoke.1,non-authoritative representative architecture challenge; not attack or spacecraft validation,6,43200.0,1451993045.840408,-1.504598003521096e-06,0,0.0,0.0,False,diversified_stochastic,W1 — diversified stochastic,"[""E1 is a fixed-wall-clock representative environment challenge, not a periodic/steady-state result"",""E1 radiator incidence and Earth-view factors are ASSUMED_EXPLORATORY"",""E1 albedo is a bounded analytic approximation, not a flight environment model"",""battery initialization-domination diagnostic flagged""]","{""battery_never_creates_energy"":true,""electrical_balance_closes"":true,""executed_le_design"":true,""executed_le_requested"":true,""fdir_never_increases_power"":true,""finite_state"":true,""housekeeping_priority"":true,""initialization_domination_flag"":true,""no_hidden_clipping"":true,""soc_within_bounds"":true}","[""time_s"",""rng""]"
A0_CROSS_ENVIRONMENT_NOMINAL_FEASIBLE,500952524.8887198,540634707.3584033,1041587232.247123,RSIM-001-smoke,2305966.0650056493,0.0023751718969782227,1.8552851808744322,1.0,-1.3968816347187385e-05,0.0019926277531988113,59255571.112510756,213447.34762515276,E1_REPRESENTATIVE_ANALYTIC_LEO,7.527453229594017,5738.992815014798,968556845.1443138,29893.729788404748,decb472c87e74b4193d25cd22c0a626c315e1346d3bb837d47d5f67e8b5a5ec8,RSIM canonical-derived monotone FDIR,30.0,0.5140545970537429,2bf50b710c5028c469736791796328ef22636056,0.634661577934163,0.6331541475901619,0.9,SYSTEM_POWER_DEFICIT,1.4095596270635724e-05,0.9,43200.0,10800.0,canonical_wrb_wall_clock,0.2,CLOSED_LOOP,TSM-01-v0.4.4-canonical-with-RSIM-wrapper-v1,36753.507121891875,333.4470535127235,322.54460017011655,36753.507121891875,b348f00169c885d3849e406bf8ee33c9e3461c493394179d38bcd5672eae6285,run,970862811.2093195,29964.901580534548,52914da0160b50e9150931f1330ca7ed71ee5569f3f7656e69b0b52fc5e94e62,rsim-001-smoke.1,non-authoritative representative architecture challenge; not attack or spacecraft validation,6,43200.0,1451993045.840408,-1.504598003521096e-06,0,0.0,0.0,False,diversified_stochastic,W1 — diversified stochastic,"[""E1 is a fixed-wall-clock representative environment challenge, not a periodic/steady-state result"",""E1 radiator incidence and Earth-view factors are ASSUMED_EXPLORATORY"",""E1 albedo is a bounded analytic approximation, not a flight environment model"",""battery initialization-domination diagnostic flagged""]","{""battery_never_creates_energy"":true,""electrical_balance_closes"":true,""executed_le_design"":true,""executed_le_requested"":true,""fdir_never_increases_power"":true,""finite_state"":true,""housekeeping_priority"":true,""initialization_domination_flag"":true,""no_hidden_clipping"":true,""soc_within_bounds"":true}","[""time_s"",""rng""]"
A0_CROSS_ENVIRONMENT_NOMINAL_FEASIBLE,,,,RSIM-001-smoke,0.0,0.0,6.274116949457266,1.0,,,,,E0_CANONICAL,8.0,5400.0,970862811.2093195,29964.901580534555,86449c8dbda945f4e277d8c2e2c305d42a42f4593d615a00b6e9fe31bbc495bc,,,,2bf50b710c5028c469736791796328ef22636056,0.6057922718571022,0.6057922718571022,,,,,43200.0,10800.0,canonical_wrb_wall_clock,,THERMAL_ONLY,TSM-01-v0.4.4-canonical-with-RSIM-wrapper-v1,40000.0,330.3385983152898,318.414872112076,40000.0,f1e4e90f3f517362d1f0d86129448dbb51a9890353ed63ed0111bae36bf018af,run,970862811.2093195,29964.901580534555,5a8115be4339e4035578b1f16436ac3daff43a021cd3302d06b9188b3d71459b,rsim-001-smoke.1,non-authoritative representative architecture challenge; not attack or spacecraft validation,6,43200.0,,-2.4647424652357586e-06,0,0.0,0.0,True,bursty_benign,W2 — bursty benign,[],"{""battery_never_creates_energy"":true,""electrical_balance_closes"":true,""executed_le_design"":true,""executed_le_requested"":true,""fdir_never_increases_power"":true,""finite_state"":true,""housekeeping_priority"":true,""no_hidden_clipping"":true,""soc_within_bounds"":true}","[""time_s"",""rng""]"
A0_CROSS_ENVIRONMENT_NOMINAL_FEASIBLE,479490322.48439384,551463009.5969431,1030953332.0813369,RSIM-001-smoke,10171642.277643772,0.010476909981724236,6.274102305480994,1.0,-1.7784483134164475e-05,0.0019906141674916806,96859083.63463049,789120.6417775468,E0_CANONICAL,8.0,5400.0,960691168.9316757,29650.962004064066,78593a814c9f427ca70db78a3501884757978494f4ba7f323d9eb701f22d0e4f,,,0.2,2bf50b710c5028c469736791796328ef22636056,0.6122063021752364,0.6057922718571022,0.9,SYSTEM_POWER_DEFICIT,1.787013934517745e-05,0.9,43200.0,10800.0,canonical_wrb_wall_clock,0.2,POWER_CONSTRAINED,TSM-01-v0.4.4-canonical-with-RSIM-wrapper-v1,40000.0,330.33858367131353,318.41485943135257,40000.0,f1e4e90f3f517362d1f0d86129448dbb51a9890353ed63ed0111bae36bf018af,run,970862811.2093195,29964.901580534555,5a8115be4339e4035578b1f16436ac3daff43a021cd3302d06b9188b3d71459b,rsim-001-smoke.1,non-authoritative representative architecture challenge; not attack or spacecraft validation,6,43200.0,1439151157.8947375,-1.0707799447118305e-06,0,0.0,0.0,False,bursty_benign,W2 — bursty benign,"[""battery initialization-domination diagnostic flagged""]","{""battery_never_creates_energy"":true,""electrical_balance_closes"":true,""executed_le_design"":true,""executed_le_requested"":true,""fdir_never_increases_power"":true,""finite_state"":true,""housekeeping_priority"":true,""initialization_domination_flag"":true,""no_hidden_clipping"":true,""soc_within_bounds"":true}","[""time_s"",""rng""]"
A0_CROSS_ENVIRONMENT_NOMINAL_FEASIBLE,479490322.48439384,551463009.5969431,1030953332.0813369,RSIM-001-smoke,10171642.277643772,0.010476909981724236,6.274102305480994,1.0,-1.7784483134164475e-05,0.0019906141674916806,96859083.63463049,789120.6417775468,E0_CANONICAL,8.0,5400.0,960691168.9316757,29650.962004064066,78593a814c9f427ca70db78a3501884757978494f4ba7f323d9eb701f22d0e4f,RSIM canonical-derived monotone FDIR,30.0,0.2,2bf50b710c5028c469736791796328ef22636056,0.6122063021752364,0.6057922718571022,0.9,SYSTEM_POWER_DEFICIT,1.787013934517745e-05,0.9,43200.0,10800.0,canonical_wrb_wall_clock,0.2,CLOSED_LOOP,TSM-01-v0.4.4-canonical-with-RSIM-wrapper-v1,40000.0,330.33858367131353,318.41485943135257,40000.0,f1e4e90f3f517362d1f0d86129448dbb51a9890353ed63ed0111bae36bf018af,run,970862811.2093195,29964.901580534555,5a8115be4339e4035578b1f16436ac3daff43a021cd3302d06b9188b3d71459b,rsim-001-smoke.1,non-authoritative representative architecture challenge; not attack or spacecraft validation,6,43200.0,1439151157.8947375,-1.0707799447118305e-06,0,0.0,0.0,False,bursty_benign,W2 — bursty benign,"[""battery initialization-domination diagnostic flagged""]","{""battery_never_creates_energy"":true,""electrical_balance_closes"":true,""executed_le_design"":true,""executed_le_requested"":true,""fdir_never_increases_power"":true,""finite_state"":true,""housekeeping_priority"":true,""initialization_domination_flag"":true,""no_hidden_clipping"":true,""soc_within_bounds"":true}","[""time_s"",""rng""]"
A0_CROSS_ENVIRONMENT_NOMINAL_FEASIBLE,,,,RSIM-001-smoke,0.0,0.0,6.070383137782812,1.0,,,,,E1_REPRESENTATIVE_ANALYTIC_LEO,7.527453229594017,5738.992815014798,970862811.2093195,29964.901580534555,86449c8dbda945f4e277d8c2e2c305d42a42f4593d615a00b6e9fe31bbc495bc,,,,2bf50b710c5028c469736791796328ef22636056,0.6233650895787747,0.6233650895787747,,,,,43200.0,10800.0,canonical_wrb_wall_clock,,THERMAL_ONLY,TSM-01-v0.4.4-canonical-with-RSIM-wrapper-v1,40000.0,337.6621514696319,325.3059595992169,40000.0,b348f00169c885d3849e406bf8ee33c9e3461c493394179d38bcd5672eae6285,run,970862811.2093195,29964.901580534555,5a8115be4339e4035578b1f16436ac3daff43a021cd3302d06b9188b3d71459b,rsim-001-smoke.1,non-authoritative representative architecture challenge; not attack or spacecraft validation,6,43200.0,,-1.5228988559101708e-07,0,0.0,0.0,True,bursty_benign,W2 — bursty benign,"[""E1 is a fixed-wall-clock representative environment challenge, not a periodic/steady-state result"",""E1 radiator incidence and Earth-view factors are ASSUMED_EXPLORATORY"",""E1 albedo is a bounded analytic approximation, not a flight environment model""]","{""battery_never_creates_energy"":true,""electrical_balance_closes"":true,""executed_le_design"":true,""executed_le_requested"":true,""fdir_never_increases_power"":true,""finite_state"":true,""housekeeping_priority"":true,""no_hidden_clipping"":true,""soc_within_bounds"":true}","[""time_s"",""rng""]"
A0_CROSS_ENVIRONMENT_NOMINAL_FEASIBLE,489293260.7521588,534986086.9173187,1024279347.6694775,RSIM-001-smoke,11916423.972582275,0.012274055443259817,6.070370807197605,1.0,-1.7550735719851218e-05,0.0019869791327577265,83673174.77589805,976000.0,E1_REPRESENTATIVE_ANALYTIC_LEO,7.527453229594017,5738.992815014798,958946387.2367373,29597.11071718325,8b97e5f825eb130cb2b7a7aad1d249f95dbcb7abe4cfa0fbb359e2acf56fb30d,,,0.4555956071836632,2bf50b710c5028c469736791796328ef22636056,0.6311113857179493,0.6233650895787747,0.9,SYSTEM_POWER_DEFICIT,1.835720831877552e-05,0.9,43200.0,10800.0,canonical_wrb_wall_clock,0.2,POWER_CONSTRAINED,TSM-01-v0.4.4-canonical-with-RSIM-wrapper-v1,40000.0,337.6621391390467,325.30595006798933,40000.0,b348f00169c885d3849e406bf8ee33c9e3461c493394179d38bcd5672eae6285,run,970862811.2093195,29964.901580534555,5a8115be4339e4035578b1f16436ac3daff43a021cd3302d06b9188b3d71459b,rsim-001-smoke.1,non-authoritative representative architecture challenge; not attack or spacecraft validation,6,43200.0,1451993045.840408,-4.875737431575544e-07,0,0.0,0.0,False,bursty_benign,W2 — bursty benign,"[""E1 is a fixed-wall-clock representative environment challenge, not a periodic/steady-state result"",""E1 radiator incidence and Earth-view factors are ASSUMED_EXPLORATORY"",""E1 albedo is a bounded analytic approximation, not a flight environment model"",""battery initialization-domination diagnostic flagged""]","{""battery_never_creates_energy"":true,""electrical_balance_closes"":true,""executed_le_design"":true,""executed_le_requested"":true,""fdir_never_increases_power"":true,""finite_state"":true,""housekeeping_priority"":true,""initialization_domination_flag"":true,""no_hidden_clipping"":true,""soc_within_bounds"":true}","[""time_s"",""rng""]"
A0_CROSS_ENVIRONMENT_NOMINAL_FEASIBLE,489293260.7521588,534986086.9173187,1024279347.6694775,RSIM-001-smoke,11916423.972582275,0.012274055443259817,6.070370807197605,1.0,-1.7550735719851218e-05,0.0019869791327577265,83673174.77589805,976000.0,E1_REPRESENTATIVE_ANALYTIC_LEO,7.527453229594017,5738.992815014798,958946387.2367373,29597.11071718325,8b97e5f825eb130cb2b7a7aad1d249f95dbcb7abe4cfa0fbb359e2acf56fb30d,RSIM canonical-derived monotone FDIR,30.0,0.4555956071836632,2bf50b710c5028c469736791796328ef22636056,0.6311113857179493,0.6233650895787747,0.9,SYSTEM_POWER_DEFICIT,1.835720831877552e-05,0.9,43200.0,10800.0,canonical_wrb_wall_clock,0.2,CLOSED_LOOP,TSM-01-v0.4.4-canonical-with-RSIM-wrapper-v1,40000.0,337.6621391390467,325.30595006798933,40000.0,b348f00169c885d3849e406bf8ee33c9e3461c493394179d38bcd5672eae6285,run,970862811.2093195,29964.901580534555,5a8115be4339e4035578b1f16436ac3daff43a021cd3302d06b9188b3d71459b,rsim-001-smoke.1,non-authoritative representative architecture challenge; not attack or spacecraft validation,6,43200.0,1451993045.840408,-4.875737431575544e-07,0,0.0,0.0,False,bursty_benign,W2 — bursty benign,"[""E1 is a fixed-wall-clock representative environment challenge, not a periodic/steady-state result"",""E1 radiator incidence and Earth-view factors are ASSUMED_EXPLORATORY"",""E1 albedo is a bounded analytic approximation, not a flight environment model"",""battery initialization-domination diagnostic flagged""]","{""battery_never_creates_energy"":true,""electrical_balance_closes"":true,""executed_le_design"":true,""executed_le_requested"":true,""fdir_never_increases_power"":true,""finite_state"":true,""housekeeping_priority"":true,""initialization_domination_flag"":true,""no_hidden_clipping"":true,""soc_within_bounds"":true}","[""time_s"",""rng""]"
A0_CROSS_ENVIRONMENT_NOMINAL_FEASIBLE,,,,RSIM-001-smoke,0.0,0.0,7.165838326411745,1.0,,,,,E0_CANONICAL,8.0,5400.0,970862811.2093195,29964.90158053455,aa214b390cd861cb528e2feffe42539481442617527c51520d0f84d8e666c166,,,,2bf50b710c5028c469736791796328ef22636056,0.6172035673131938,0.6172035673131938,,,,,43200.0,10800.0,canonical_wrb_wall_clock,,THERMAL_ONLY,TSM-01-v0.4.4-canonical-with-RSIM-wrapper-v1,39279.329070211854,331.2303196922443,318.9074770559555,39279.329070211854,f1e4e90f3f517362d1f0d86129448dbb51a9890353ed63ed0111bae36bf018af,run,970862811.2093195,29964.90158053455,55e7ceb07b1d3b35d38af466da3cd4faa052a584420b7f22b965e3243b025ac4,rsim-001-smoke.1,non-authoritative representative architecture challenge; not attack or spacecraft validation,6,43200.0,,-2.9391608222795185e-06,0,0.0,0.0,True,queue_driven_benign,W3 — queue-driven benign,[],"{""battery_never_creates_energy"":true,""electrical_balance_closes"":true,""executed_le_design"":true,""executed_le_requested"":true,""fdir_never_increases_power"":true,""finite_state"":true,""housekeeping_priority"":true,""no_hidden_clipping"":true,""soc_within_bounds"":true}","[""time_s"",""rng""]"
A0_CROSS_ENVIRONMENT_NOMINAL_FEASIBLE,462430909.6242043,534403596.73672986,996834506.3609341,RSIM-001-smoke,18960252.70724395,0.01952928105632845,7.156006689747812,1.0,2.9684961191378534e-06,0.0019735547546314673,127265177.93875517,1114000.0,E0_CANONICAL,8.0,5400.0,951902558.5020756,29379.708595743068,a05fa42685bb507739c31849469ce114cd07b3c03041e389c77a1df04c9b31ad,,,0.2,2bf50b710c5028c469736791796328ef22636056,0.629497194957693,0.6172035673131938,0.9,SYSTEM_POWER_DEFICIT,1.8123229892808013e-05,0.9,43200.0,10800.0,canonical_wrb_wall_clock,0.2,POWER_CONSTRAINED,TSM-01-v0.4.4-canonical-with-RSIM-wrapper-v1,39279.329070211854,331.22048805558035,318.89891641695823,39279.329070211854,f1e4e90f3f517362d1f0d86129448dbb51a9890353ed63ed0111bae36bf018af,run,970862811.2093195,29964.90158053455,55e7ceb07b1d3b35d38af466da3cd4faa052a584420b7f22b965e3243b025ac4,rsim-001-smoke.1,non-authoritative representative architecture challenge; not attack or spacecraft validation,6,43200.0,1439151157.8947375,-2.836995008692611e-06,0,0.0,0.0,False,queue_driven_benign,W3 — queue-driven benign,"[""battery initialization-domination diagnostic flagged""]","{""battery_never_creates_energy"":true,""electrical_balance_closes"":true,""executed_le_design"":true,""executed_le_requested"":true,""fdir_never_increases_power"":true,""finite_state"":true,""housekeeping_priority"":true,""initialization_domination_flag"":true,""no_hidden_clipping"":true,""soc_within_bounds"":true}","[""time_s"",""rng""]"
A0_CROSS_ENVIRONMENT_NOMINAL_FEASIBLE,462430909.6242043,534403596.73672986,996834506.3609341,RSIM-001-smoke,18960252.70724395,0.01952928105632845,7.156006689747812,1.0,2.9684961191378534e-06,0.0019735547546314673,127265177.93875517,1114000.0,E0_CANONICAL,8.0,5400.0,951902558.5020756,29379.708595743068,a05fa42685bb507739c31849469ce114cd07b3c03041e389c77a1df04c9b31ad,RSIM canonical-derived monotone FDIR,30.0,0.2,2bf50b710c5028c469736791796328ef22636056,0.629497194957693,0.6172035673131938,0.9,SYSTEM_POWER_DEFICIT,1.8123229892808013e-05,0.9,43200.0,10800.0,canonical_wrb_wall_clock,0.2,CLOSED_LOOP,TSM-01-v0.4.4-canonical-with-RSIM-wrapper-v1,39279.329070211854,331.22048805558035,318.89891641695823,39279.329070211854,f1e4e90f3f517362d1f0d86129448dbb51a9890353ed63ed0111bae36bf018af,run,970862811.2093195,29964.90158053455,55e7ceb07b1d3b35d38af466da3cd4faa052a584420b7f22b965e3243b025ac4,rsim-001-smoke.1,non-authoritative representative architecture challenge; not attack or spacecraft validation,6,43200.0,1439151157.8947375,-2.836995008692611e-06,0,0.0,0.0,False,queue_driven_benign,W3 — queue-driven benign,"[""battery initialization-domination diagnostic flagged""]","{""battery_never_creates_energy"":true,""electrical_balance_closes"":true,""executed_le_design"":true,""executed_le_requested"":true,""fdir_never_increases_power"":true,""finite_state"":true,""housekeeping_priority"":true,""initialization_domination_flag"":true,""no_hidden_clipping"":true,""soc_within_bounds"":true}","[""time_s"",""rng""]"
A0_CROSS_ENVIRONMENT_NOMINAL_FEASIBLE,,,,RSIM-001-smoke,0.0,0.0,7.529542436947622,1.0,,,,,E1_REPRESENTATIVE_ANALYTIC_LEO,7.527453229594017,5738.992815014798,970862811.2093195,29964.90158053455,aa214b390cd861cb528e2feffe42539481442617527c51520d0f84d8e666c166,,,,2bf50b710c5028c469736791796328ef22636056,0.631917416446062,0.631917416446062,,,,,43200.0,10800.0,canonical_wrb_wall_clock,,THERMAL_ONLY,TSM-01-v0.4.4-canonical-with-RSIM-wrapper-v1,39279.329070211854,339.1213107687967,326.33452823391093,39279.329070211854,b348f00169c885d3849e406bf8ee33c9e3461c493394179d38bcd5672eae6285,run,970862811.2093195,29964.90158053455,55e7ceb07b1d3b35d38af466da3cd4faa052a584420b7f22b965e3243b025ac4,rsim-001-smoke.1,non-authoritative representative architecture challenge; not attack or spacecraft validation,6,43200.0,,-4.0631930460222065e-06,0,0.0,0.0,True,queue_driven_benign,W3 — queue-driven benign,"[""E1 is a fixed-wall-clock representative environment challenge, not a periodic/steady-state result"",""E1 radiator incidence and Earth-view factors are ASSUMED_EXPLORATORY"",""E1 albedo is a bounded analytic approximation, not a flight environment model""]","{""battery_never_creates_energy"":true,""electrical_balance_closes"":true,""executed_le_design"":true,""executed_le_requested"":true,""fdir_never_increases_power"":true,""finite_state"":true,""housekeeping_priority"":true,""no_hidden_clipping"":true,""soc_within_bounds"":true}","[""time_s"",""rng""]"
A0_CROSS_ENVIRONMENT_NOMINAL_FEASIBLE,468496582.85082936,510902251.5791373,979398834.4299667,RSIM-001-smoke,17767283.658520814,0.01830050904554646,7.052879593439286,1.0,1.7548568393976893e-06,0.0019628952974195452,109309440.23505473,1138000.0,E1_REPRESENTATIVE_ANALYTIC_LEO,7.527453229594017,5738.992815014798,953095527.5507987,29416.52862811107,80e7755d96eba2a2aa1aff1a77fb35f10b59c3ef4624640b8206ae2a7e84fdf4,,,0.4875662101734257,2bf50b710c5028c469736791796328ef22636056,0.6436974066592239,0.631917416446062,0.9,SYSTEM_POWER_DEFICIT,1.3026386568526505e-05,0.9,43200.0,10800.0,canonical_wrb_wall_clock,0.2,POWER_CONSTRAINED,TSM-01-v0.4.4-canonical-with-RSIM-wrapper-v1,39279.329070211854,338.6446479252884,325.91995694947417,39279.329070211854,b348f00169c885d3849e406bf8ee33c9e3461c493394179d38bcd5672eae6285,run,970862811.2093195,29964.90158053455,55e7ceb07b1d3b35d38af466da3cd4faa052a584420b7f22b965e3243b025ac4,rsim-001-smoke.1,non-authoritative representative architecture challenge; not attack or spacecraft validation,6,43200.0,1451993045.840408,-2.940716967714252e-06,0,0.0,0.0,False,queue_driven_benign,W3 — queue-driven benign,"[""E1 is a fixed-wall-clock representative environment challenge, not a periodic/steady-state result"",""E1 radiator incidence and Earth-view factors are ASSUMED_EXPLORATORY"",""E1 albedo is a bounded analytic approximation, not a flight environment model""]","{""battery_never_creates_energy"":true,""electrical_balance_closes"":true,""executed_le_design"":true,""executed_le_requested"":true,""fdir_never_increases_power"":true,""finite_state"":true,""housekeeping_priority"":true,""initialization_domination_flag"":false,""no_hidden_clipping"":true,""soc_within_bounds"":true}","[""time_s"",""rng""]"
A0_CROSS_ENVIRONMENT_NOMINAL_FEASIBLE,468496582.85082936,510902251.5791373,979398834.4299667,RSIM-001-smoke,17767283.658520814,0.01830050904554646,7.052879593439286,1.0,1.7548568393976893e-06,0.0019628952974195452,109309440.23505473,1138000.0,E1_REPRESENTATIVE_ANALYTIC_LEO,7.527453229594017,5738.992815014798,953095527.5507987,29416.52862811107,80e7755d96eba2a2aa1aff1a77fb35f10b59c3ef4624640b8206ae2a7e84fdf4,RSIM canonical-derived monotone FDIR,30.0,0.4875662101734257,2bf50b710c5028c469736791796328ef22636056,0.6436974066592239,0.631917416446062,0.9,SYSTEM_POWER_DEFICIT,1.3026386568526505e-05,0.9,43200.0,10800.0,canonical_wrb_wall_clock,0.2,CLOSED_LOOP,TSM-01-v0.4.4-canonical-with-RSIM-wrapper-v1,39279.329070211854,338.6446479252884,325.91995694947417,39279.329070211854,b348f00169c885d3849e406bf8ee33c9e3461c493394179d38bcd5672eae6285,run,970862811.2093195,29964.90158053455,55e7ceb07b1d3b35d38af466da3cd4faa052a584420b7f22b965e3243b025ac4,rsim-001-smoke.1,non-authoritative representative architecture challenge; not attack or spacecraft validation,6,43200.0,1451993045.840408,-2.940716967714252e-06,0,0.0,0.0,False,queue_driven_benign,W3 — queue-driven benign,"[""E1 is a fixed-wall-clock representative environment challenge, not a periodic/steady-state result"",""E1 radiator incidence and Earth-view factors are ASSUMED_EXPLORATORY"",""E1 albedo is a bounded analytic approximation, not a flight environment model""]","{""battery_never_creates_energy"":true,""electrical_balance_closes"":true,""executed_le_design"":true,""executed_le_requested"":true,""fdir_never_increases_power"":true,""finite_state"":true,""housekeeping_priority"":true,""initialization_domination_flag"":false,""no_hidden_clipping"":true,""soc_within_bounds"":true}","[""time_s"",""rng""]"
A0_CROSS_ENVIRONMENT_NOMINAL_FEASIBLE,,,,RSIM-001-smoke,0.0,0.0,10.438881972482932,1.0,,,,,E0_CANONICAL,8.0,5400.0,970862811.2093195,29964.901580534548,924656e7fc976468a0b22767c18d186706b512e5ee5a1e956e7ab081f5cdccd4,,,,2bf50b710c5028c469736791796328ef22636056,0.686358109736966,0.686358109736966,,,,,43200.0,10800.0,canonical_wrb_wall_clock,,THERMAL_ONLY,TSM-01-v0.4.4-canonical-with-RSIM-wrapper-v1,39107.65568302807,334.50336333831547,322.12860591015755,39107.65568302807,f1e4e90f3f517362d1f0d86129448dbb51a9890353ed63ed0111bae36bf018af,run,970862811.2093195,29964.901580534548,21d03c060a5ec82a57c8094fa6b18ec5bd3d8cb40b115d861e160b33f4490a45,rsim-001-smoke.1,non-authoritative representative architecture challenge; not attack or spacecraft validation,6,43200.0,,-2.4719774955883622e-06,0,0.0,0.0,True,power_aware_benign,W4 — power-aware benign,[],"{""battery_never_creates_energy"":true,""electrical_balance_closes"":true,""executed_le_design"":true,""executed_le_requested"":true,""fdir_never_increases_power"":true,""finite_state"":true,""housekeeping_priority"":true,""no_hidden_clipping"":true,""soc_within_bounds"":true}","[""time_s"",""power_availability"",""rng""]"
A0_CROSS_ENVIRONMENT_NOMINAL_FEASIBLE,389484347.8708359,447220210.17642236,836704558.0472584,RSIM-001-smoke,0.0,0.0,10.438881972482932,1.0,-4.142465695622377e-05,0.0018863713680711599,109906836.00936757,0.0,E0_CANONICAL,8.0,5400.0,970862811.2093195,29964.901580534548,924656e7fc976468a0b22767c18d186706b512e5ee5a1e956e7ab081f5cdccd4,,,0.3384661010265165,2bf50b710c5028c469736791796328ef22636056,0.686358109736966,0.686358109736966,0.9,,4.1649651393527165e-05,0.9,43200.0,10800.0,canonical_wrb_wall_clock,0.3382856959428852,POWER_CONSTRAINED,TSM-01-v0.4.4-canonical-with-RSIM-wrapper-v1,39107.65568302807,334.50336333831547,322.12860591015755,39107.65568302807,f1e4e90f3f517362d1f0d86129448dbb51a9890353ed63ed0111bae36bf018af,run,970862811.2093195,29964.901580534548,21d03c060a5ec82a57c8094fa6b18ec5bd3d8cb40b115d861e160b33f4490a45,rsim-001-smoke.1,non-authoritative representative architecture challenge; not attack or spacecraft validation,6,43200.0,1439151157.8947375,-2.4719774955883622e-06,0,0.0,0.0,True,power_aware_benign,W4 — power-aware benign,[],"{""battery_never_creates_energy"":true,""electrical_balance_closes"":true,""executed_le_design"":true,""executed_le_requested"":true,""fdir_never_increases_power"":true,""finite_state"":true,""housekeeping_priority"":true,""initialization_domination_flag"":false,""no_hidden_clipping"":true,""soc_within_bounds"":true}","[""time_s"",""power_availability"",""rng""]"
A0_CROSS_ENVIRONMENT_NOMINAL_FEASIBLE,389484347.8708359,447220210.17642236,836704558.0472584,RSIM-001-smoke,0.0,0.0,10.438881972482932,1.0,-4.142465695622377e-05,0.0018863713680711599,109906836.00936757,0.0,E0_CANONICAL,8.0,5400.0,970862811.2093195,29964.901580534548,924656e7fc976468a0b22767c18d186706b512e5ee5a1e956e7ab081f5cdccd4,RSIM canonical-derived monotone FDIR,30.0,0.3384661010265165,2bf50b710c5028c469736791796328ef22636056,0.686358109736966,0.686358109736966,0.9,,4.1649651393527165e-05,0.9,43200.0,10800.0,canonical_wrb_wall_clock,0.3382856959428852,CLOSED_LOOP,TSM-01-v0.4.4-canonical-with-RSIM-wrapper-v1,39107.65568302807,334.50336333831547,322.12860591015755,39107.65568302807,f1e4e90f3f517362d1f0d86129448dbb51a9890353ed63ed0111bae36bf018af,run,970862811.2093195,29964.901580534548,21d03c060a5ec82a57c8094fa6b18ec5bd3d8cb40b115d861e160b33f4490a45,rsim-001-smoke.1,non-authoritative representative architecture challenge; not attack or spacecraft validation,6,43200.0,1439151157.8947375,-2.4719774955883622e-06,0,0.0,0.0,True,power_aware_benign,W4 — power-aware benign,[],"{""battery_never_creates_energy"":true,""electrical_balance_closes"":true,""executed_le_design"":true,""executed_le_requested"":true,""fdir_never_increases_power"":true,""finite_state"":true,""housekeeping_priority"":true,""initialization_domination_flag"":false,""no_hidden_clipping"":true,""soc_within_bounds"":true}","[""time_s"",""power_availability"",""rng""]"
A0_CROSS_ENVIRONMENT_NOMINAL_FEASIBLE,,,,RSIM-001-smoke,0.0,0.0,10.163689342577584,1.0,,,,,E1_REPRESENTATIVE_ANALYTIC_LEO,7.527453229594017,5738.992815014798,970862811.2093195,29964.901580534548,924656e7fc976468a0b22767c18d186706b512e5ee5a1e956e7ab081f5cdccd4,,,,2bf50b710c5028c469736791796328ef22636056,0.6804301134156375,0.6804301134156375,,,,,43200.0,10800.0,canonical_wrb_wall_clock,,THERMAL_ONLY,TSM-01-v0.4.4-canonical-with-RSIM-wrapper-v1,39107.65568302807,341.7554576744267,329.18829598258327,39107.65568302807,b348f00169c885d3849e406bf8ee33c9e3461c493394179d38bcd5672eae6285,run,970862811.2093195,29964.901580534548,21d03c060a5ec82a57c8094fa6b18ec5bd3d8cb40b115d861e160b33f4490a45,rsim-001-smoke.1,non-authoritative representative architecture challenge; not attack or spacecraft validation,6,43200.0,,4.820203685085289e-07,0,0.0,0.0,True,power_aware_benign,W4 — power-aware benign,"[""E1 is a fixed-wall-clock representative environment challenge, not a periodic/steady-state result"",""E1 radiator incidence and Earth-view factors are ASSUMED_EXPLORATORY"",""E1 albedo is a bounded analytic approximation, not a flight environment model""]","{""battery_never_creates_energy"":true,""electrical_balance_closes"":true,""executed_le_design"":true,""executed_le_requested"":true,""fdir_never_increases_power"":true,""finite_state"":true,""housekeeping_priority"":true,""no_hidden_clipping"":true,""soc_within_bounds"":true}","[""time_s"",""power_availability"",""rng""]"
A0_CROSS_ENVIRONMENT_NOMINAL_FEASIBLE,462900187.56667125,493188181.66072655,956088369.2273978,RSIM-001-smoke,2085851.403297809,0.0021484512324657333,10.163689342486293,1.0,-3.265550549258478e-05,0.0019451812275011345,95153298.44976471,484000.0,E1_REPRESENTATIVE_ANALYTIC_LEO,7.527453229594017,5738.992815014798,968776959.8060217,29900.52345080314,f6eb74c8be893014516f514b4afec20f4b9d7a09576d30cc02bfc4ff2aa942ff,,,0.6054216437315627,2bf50b710c5028c469736791796328ef22636056,0.6818951318520774,0.6804301134156375,0.9,SYSTEM_POWER_DEFICIT,3.265550549258478e-05,0.9,43200.0,10800.0,canonical_wrb_wall_clock,0.2,POWER_CONSTRAINED,TSM-01-v0.4.4-canonical-with-RSIM-wrapper-v1,39107.65568302807,341.7554576743354,329.1882959825034,39107.65568302807,b348f00169c885d3849e406bf8ee33c9e3461c493394179d38bcd5672eae6285,run,970862811.2093195,29964.901580534548,21d03c060a5ec82a57c8094fa6b18ec5bd3d8cb40b115d861e160b33f4490a45,rsim-001-smoke.1,non-authoritative representative architecture challenge; not attack or spacecraft validation,6,43200.0,1451993045.840408,1.8340492715651635e-06,0,0.0,0.0,False,power_aware_benign,W4 — power-aware benign,"[""E1 is a fixed-wall-clock representative environment challenge, not a periodic/steady-state result"",""E1 radiator incidence and Earth-view factors are ASSUMED_EXPLORATORY"",""E1 albedo is a bounded analytic approximation, not a flight environment model"",""battery initialization-domination diagnostic flagged""]","{""battery_never_creates_energy"":true,""electrical_balance_closes"":true,""executed_le_design"":true,""executed_le_requested"":true,""fdir_never_increases_power"":true,""finite_state"":true,""housekeeping_priority"":true,""initialization_domination_flag"":true,""no_hidden_clipping"":true,""soc_within_bounds"":true}","[""time_s"",""power_availability"",""rng""]"
A0_CROSS_ENVIRONMENT_NOMINAL_FEASIBLE,462900187.56667125,493188181.66072655,956088369.2273978,RSIM-001-smoke,2085851.403297809,0.0021484512324657333,10.163689342486293,1.0,-3.265550549258478e-05,0.0019451812275011345,95153298.44976471,484000.0,E1_REPRESENTATIVE_ANALYTIC_LEO,7.527453229594017,5738.992815014798,968776959.8060217,29900.52345080314,f6eb74c8be893014516f514b4afec20f4b9d7a09576d30cc02bfc4ff2aa942ff,RSIM canonical-derived monotone FDIR,30.0,0.6054216437315627,2bf50b710c5028c469736791796328ef22636056,0.6818951318520774,0.6804301134156375,0.9,SYSTEM_POWER_DEFICIT,3.265550549258478e-05,0.9,43200.0,10800.0,canonical_wrb_wall_clock,0.2,CLOSED_LOOP,TSM-01-v0.4.4-canonical-with-RSIM-wrapper-v1,39107.65568302807,341.7554576743354,329.1882959825034,39107.65568302807,b348f00169c885d3849e406bf8ee33c9e3461c493394179d38bcd5672eae6285,run,970862811.2093195,29964.901580534548,21d03c060a5ec82a57c8094fa6b18ec5bd3d8cb40b115d861e160b33f4490a45,rsim-001-smoke.1,non-authoritative representative architecture challenge; not attack or spacecraft validation,6,43200.0,1451993045.840408,1.8340492715651635e-06,0,0.0,0.0,False,power_aware_benign,W4 — power-aware benign,"[""E1 is a fixed-wall-clock representative environment challenge, not a periodic/steady-state result"",""E1 radiator incidence and Earth-view factors are ASSUMED_EXPLORATORY"",""E1 albedo is a bounded analytic approximation, not a flight environment model"",""battery initialization-domination diagnostic flagged""]","{""battery_never_creates_energy"":true,""electrical_balance_closes"":true,""executed_le_design"":true,""executed_le_requested"":true,""fdir_never_increases_power"":true,""finite_state"":true,""housekeeping_priority"":true,""initialization_domination_flag"":true,""no_hidden_clipping"":true,""soc_within_bounds"":true}","[""time_s"",""power_availability"",""rng""]"
A0_CROSS_ENVIRONMENT_NOMINAL_FEASIBLE,,,,RSIM-001-smoke,0.0,0.0,17.368943009248596,1.0,,,,,E0_CANONICAL,8.0,5400.0,970862811.2093195,29964.901580534548,ae3ac79db2eca6c20943573b46521a4561a2c55fa79813e24781629bb64c82ef,,,,2bf50b710c5028c469736791796328ef22636056,0.825692991614338,0.825692991614338,,,,,43200.0,10800.0,canonical_wrb_wall_clock,,THERMAL_ONLY,TSM-01-v0.4.4-canonical-with-RSIM-wrapper-v1,40000.0,341.43342437508113,327.7436563639455,40000.0,f1e4e90f3f517362d1f0d86129448dbb51a9890353ed63ed0111bae36bf018af,run,970862811.2093195,29964.901580534548,815b373ae02d7eb29f8a9c76a5f4d60f837c6d02b64bc2de8515aac148215830,rsim-001-smoke.1,non-authoritative representative architecture challenge; not attack or spacecraft validation,6,43200.0,,-1.4727743291587103e-06,0,0.0,0.0,True,phase_shaped_candidate,W5 — phase-shaped adversarial candidate,[],"{""battery_never_creates_energy"":true,""electrical_balance_closes"":true,""executed_le_design"":true,""executed_le_requested"":true,""fdir_never_increases_power"":true,""finite_state"":true,""housekeeping_priority"":true,""no_hidden_clipping"":true,""soc_within_bounds"":true}","[""time_s"",""hot_mask"",""rng""]"
A0_CROSS_ENVIRONMENT_NOMINAL_FEASIBLE,237801133.4597805,271802268.08709764,509603401.5468781,RSIM-001-smoke,0.0,0.0,17.368943009248596,1.0,-4.060071296407841e-05,0.0017109534259818352,66590668.44368367,0.0,E0_CANONICAL,8.0,5400.0,970862811.2093195,29964.901580534548,ae3ac79db2eca6c20943573b46521a4561a2c55fa79813e24781629bb64c82ef,,,0.5693079667579204,2bf50b710c5028c469736791796328ef22636056,0.825692991614338,0.825692991614338,0.9,,4.078800884599332e-05,0.9,43200.0,10800.0,canonical_wrb_wall_clock,0.5690688654793822,POWER_CONSTRAINED,TSM-01-v0.4.4-canonical-with-RSIM-wrapper-v1,40000.0,341.43342437508113,327.7436563639455,40000.0,f1e4e90f3f517362d1f0d86129448dbb51a9890353ed63ed0111bae36bf018af,run,970862811.2093195,29964.901580534548,815b373ae02d7eb29f8a9c76a5f4d60f837c6d02b64bc2de8515aac148215830,rsim-001-smoke.1,non-authoritative representative architecture challenge; not attack or spacecraft validation,6,43200.0,1439151157.8947375,-1.4727743291587103e-06,0,0.0,0.0,True,phase_shaped_candidate,W5 — phase-shaped adversarial candidate,[],"{""battery_never_creates_energy"":true,""electrical_balance_closes"":true,""executed_le_design"":true,""executed_le_requested"":true,""fdir_never_increases_power"":true,""finite_state"":true,""housekeeping_priority"":true,""initialization_domination_flag"":false,""no_hidden_clipping"":true,""soc_within_bounds"":true}","[""time_s"",""hot_mask"",""rng""]"
A0_CROSS_ENVIRONMENT_NOMINAL_FEASIBLE,237801133.4597805,271802268.08709764,509603401.5468781,RSIM-001-smoke,0.0,0.0,17.368943009248596,1.0,-4.060071296407841e-05,0.0017109534259818352,66590668.44368367,0.0,E0_CANONICAL,8.0,5400.0,970862811.2093195,29964.901580534548,ae3ac79db2eca6c20943573b46521a4561a2c55fa79813e24781629bb64c82ef,RSIM canonical-derived monotone FDIR,30.0,0.5693079667579204,2bf50b710c5028c469736791796328ef22636056,0.825692991614338,0.825692991614338,0.9,,4.078800884599332e-05,0.9,43200.0,10800.0,canonical_wrb_wall_clock,0.5690688654793822,CLOSED_LOOP,TSM-01-v0.4.4-canonical-with-RSIM-wrapper-v1,40000.0,341.43342437508113,327.7436563639455,40000.0,f1e4e90f3f517362d1f0d86129448dbb51a9890353ed63ed0111bae36bf018af,run,970862811.2093195,29964.901580534548,815b373ae02d7eb29f8a9c76a5f4d60f837c6d02b64bc2de8515aac148215830,rsim-001-smoke.1,non-authoritative representative architecture challenge; not attack or spacecraft validation,6,43200.0,1439151157.8947375,-1.4727743291587103e-06,0,0.0,0.0,True,phase_shaped_candidate,W5 — phase-shaped adversarial candidate,[],"{""battery_never_creates_energy"":true,""electrical_balance_closes"":true,""executed_le_design"":true,""executed_le_requested"":true,""fdir_never_increases_power"":true,""finite_state"":true,""housekeeping_priority"":true,""initialization_domination_flag"":false,""no_hidden_clipping"":true,""soc_within_bounds"":true}","[""time_s"",""hot_mask"",""rng""]"
A0_CROSS_ENVIRONMENT_NOMINAL_FEASIBLE,,,,RSIM-001-smoke,0.0,0.0,16.749497343914243,1.0,,,,,E1_REPRESENTATIVE_ANALYTIC_LEO,7.527453229594017,5738.992815014798,970862811.2093195,29964.901580534548,ae3ac79db2eca6c20943573b46521a4561a2c55fa79813e24781629bb64c82ef,,,,2bf50b710c5028c469736791796328ef22636056,0.7669695659310334,0.7669695659310334,,,,,43200.0,10800.0,canonical_wrb_wall_clock,,THERMAL_ONLY,TSM-01-v0.4.4-canonical-with-RSIM-wrapper-v1,40000.0,348.34126567576334,334.465003925817,40000.0,b348f00169c885d3849e406bf8ee33c9e3461c493394179d38bcd5672eae6285,run,970862811.2093195,29964.901580534548,815b373ae02d7eb29f8a9c76a5f4d60f837c6d02b64bc2de8515aac148215830,rsim-001-smoke.1,non-authoritative representative architecture challenge; not attack or spacecraft validation,6,43200.0,,1.6126277841976844e-06,0,151.0,0.0,True,phase_shaped_candidate,W5 — phase-shaped adversarial candidate,"[""E1 is a fixed-wall-clock representative environment challenge, not a periodic/steady-state result"",""E1 radiator incidence and Earth-view factors are ASSUMED_EXPLORATORY"",""E1 albedo is a bounded analytic approximation, not a flight environment model""]","{""battery_never_creates_energy"":true,""electrical_balance_closes"":true,""executed_le_design"":true,""executed_le_requested"":true,""fdir_never_increases_power"":true,""finite_state"":true,""housekeeping_priority"":true,""no_hidden_clipping"":true,""soc_within_bounds"":true}","[""time_s"",""hot_mask"",""rng""]"
A0_CROSS_ENVIRONMENT_NOMINAL_FEASIBLE,383446267.9365388,403752764.6279151,787199032.5644541,RSIM-001-smoke,0.0,0.0,16.749497343914243,1.0,-1.7823407688410953e-05,0.001855745810468323,57100191.01372388,716000.0,E1_REPRESENTATIVE_ANALYTIC_LEO,7.527453229594017,5738.992815014798,970862811.2093195,29964.901580534548,025886b36afc2e8b92d81c2fb0d2a844fec7687c068759b786d3d935cfea1e79,,,0.7025008061495287,2bf50b710c5028c469736791796328ef22636056,0.7669695659310334,0.7669695659310334,0.9,SYSTEM_POWER_DEFICIT,1.7993848814512603e-05,0.9,43200.0,10800.0,canonical_wrb_wall_clock,0.2,POWER_CONSTRAINED,TSM-01-v0.4.4-canonical-with-RSIM-wrapper-v1,40000.0,348.34126567576334,334.465003925817,40000.0,b348f00169c885d3849e406bf8ee33c9e3461c493394179d38bcd5672eae6285,run,970862811.2093195,29964.901580534548,815b373ae02d7eb29f8a9c76a5f4d60f837c6d02b64bc2de8515aac148215830,rsim-001-smoke.1,non-authoritative representative architecture challenge; not attack or spacecraft validation,6,43200.0,1451993045.840408,-2.3097359189705458e-06,0,151.0,0.0,False,phase_shaped_candidate,W5 — phase-shaped adversarial candidate,"[""E1 is a fixed-wall-clock representative environment challenge, not a periodic/steady-state result"",""E1 radiator incidence and Earth-view factors are ASSUMED_EXPLORATORY"",""E1 albedo is a bounded analytic approximation, not a flight environment model"",""battery initialization-domination diagnostic flagged""]","{""battery_never_creates_energy"":true,""electrical_balance_closes"":true,""executed_le_design"":true,""executed_le_requested"":true,""fdir_never_increases_power"":true,""finite_state"":true,""housekeeping_priority"":true,""initialization_domination_flag"":true,""no_hidden_clipping"":true,""soc_within_bounds"":true}","[""time_s"",""hot_mask"",""rng""]"
A0_CROSS_ENVIRONMENT_NOMINAL_FEASIBLE,383446267.93653905,403752764.6279151,787199032.5644542,RSIM-001-smoke,2370498.3213818166,0.002441640872441177,16.61279151159397,1.0,-1.7632857634453103e-05,0.001855745810468323,59470689.33510549,716000.0,E1_REPRESENTATIVE_ANALYTIC_LEO,7.527453229594017,5738.992815014798,968492312.8879377,29891.738052096836,ddcbaa31906626e6b0ee1d665443355d4230fedb4af63333f3b008c5d779eae0,RSIM canonical-derived monotone FDIR,30.0,0.7025008061495287,2bf50b710c5028c469736791796328ef22636056,0.7663991966617677,0.7669695659310334,0.9,SYSTEM_POWER_DEFICIT,1.7803298760554753e-05,0.9,43200.0,10800.0,canonical_wrb_wall_clock,0.2,CLOSED_LOOP,TSM-01-v0.4.4-canonical-with-RSIM-wrapper-v1,40000.0,348.20455984344306,334.4260141123332,40000.0,b348f00169c885d3849e406bf8ee33c9e3461c493394179d38bcd5672eae6285,run,970862811.2093195,29964.901580534548,815b373ae02d7eb29f8a9c76a5f4d60f837c6d02b64bc2de8515aac148215830,rsim-001-smoke.1,non-authoritative representative architecture challenge; not attack or spacecraft validation,6,43200.0,1451993045.840408,-2.11648966796929e-06,1,31.0,85.0,False,phase_shaped_candidate,W5 — phase-shaped adversarial candidate,"[""E1 is a fixed-wall-clock representative environment challenge, not a periodic/steady-state result"",""E1 radiator incidence and Earth-view factors are ASSUMED_EXPLORATORY"",""E1 albedo is a bounded analytic approximation, not a flight environment model"",""battery initialization-domination diagnostic flagged""]","{""battery_never_creates_energy"":true,""electrical_balance_closes"":true,""executed_le_design"":true,""executed_le_requested"":true,""fdir_never_increases_power"":true,""finite_state"":true,""housekeeping_priority"":true,""initialization_domination_flag"":true,""no_hidden_clipping"":true,""soc_within_bounds"":true}","[""time_s"",""hot_mask"",""rng""]"
A0_CROSS_ENVIRONMENT_NOMINAL_FEASIBLE,,,,RSIM-001-smoke,0.0,0.0,0.0,1.0,,,,,E0_CANONICAL,8.0,5400.0,970582855.5425459,29956.26097353537,7708f576efd0567ccb2387daf87110b10228daf64c3e141b029ba49939ad4e4b,,,,2bf50b710c5028c469736791796328ef22636056,0.62,0.62,,,,,43200.0,10800.0,canonical_wrb_wall_clock,,THERMAL_ONLY,TSM-01-v0.4.4-canonical-with-RSIM-wrapper-v1,29956.26097353537,324.04675058131704,313.4816551848346,29956.26097353537,f1e4e90f3f517362d1f0d86129448dbb51a9890353ed63ed0111bae36bf018af,run,970582855.5425459,29956.26097353537,f7b51ef000c1a9d832959f471adad6b2fe43817248271a215bf01307d96d6aeb,rsim-001-smoke.1,non-authoritative representative architecture challenge; not attack or spacecraft validation,7,43200.0,,-8.093152246146929e-07,0,0.0,0.0,True,constant_reference,W0 — constant reference,[],"{""battery_never_creates_energy"":true,""electrical_balance_closes"":true,""executed_le_design"":true,""executed_le_requested"":true,""fdir_never_increases_power"":true,""finite_state"":true,""housekeeping_priority"":true,""no_hidden_clipping"":true,""soc_within_bounds"":true}","[""time_s"",""rng""]"
A0_CROSS_ENVIRONMENT_NOMINAL_FEASIBLE,483178665.91983443,552204189.6226914,1035382855.5425258,RSIM-001-smoke,0.0,0.0,0.0,1.0,-3.601051867008209e-05,0.0019913553475174287,74625541.95868716,0.0,E0_CANONICAL,8.0,5400.0,970582855.5425459,29956.26097353537,7708f576efd0567ccb2387daf87110b10228daf64c3e141b029ba49939ad4e4b,,,0.22866385110193188,2bf50b710c5028c469736791796328ef22636056,0.62,0.62,0.9,,3.784694126807153e-05,0.9,43200.0,10800.0,canonical_wrb_wall_clock,0.22866385110193188,POWER_CONSTRAINED,TSM-01-v0.4.4-canonical-with-RSIM-wrapper-v1,29956.26097353537,324.04675058131704,313.4816551848346,29956.26097353537,f1e4e90f3f517362d1f0d86129448dbb51a9890353ed63ed0111bae36bf018af,run,970582855.5425459,29956.26097353537,f7b51ef000c1a9d832959f471adad6b2fe43817248271a215bf01307d96d6aeb,rsim-001-smoke.1,non-authoritative representative architecture challenge; not attack or spacecraft validation,7,43200.0,1439151157.8947375,-8.093152246146929e-07,0,0.0,0.0,True,constant_reference,W0 — constant reference,[],"{""battery_never_creates_energy"":true,""electrical_balance_closes"":true,""executed_le_design"":true,""executed_le_requested"":true,""fdir_never_increases_power"":true,""finite_state"":true,""housekeeping_priority"":true,""initialization_domination_flag"":false,""no_hidden_clipping"":true,""soc_within_bounds"":true}","[""time_s"",""rng""]"
A0_CROSS_ENVIRONMENT_NOMINAL_FEASIBLE,483178665.91983443,552204189.6226914,1035382855.5425258,RSIM-001-smoke,0.0,0.0,0.0,1.0,-3.601051867008209e-05,0.0019913553475174287,74625541.95868716,0.0,E0_CANONICAL,8.0,5400.0,970582855.5425459,29956.26097353537,7708f576efd0567ccb2387daf87110b10228daf64c3e141b029ba49939ad4e4b,RSIM canonical-derived monotone FDIR,30.0,0.22866385110193188,2bf50b710c5028c469736791796328ef22636056,0.62,0.62,0.9,,3.784694126807153e-05,0.9,43200.0,10800.0,canonical_wrb_wall_clock,0.22866385110193188,CLOSED_LOOP,TSM-01-v0.4.4-canonical-with-RSIM-wrapper-v1,29956.26097353537,324.04675058131704,313.4816551848346,29956.26097353537,f1e4e90f3f517362d1f0d86129448dbb51a9890353ed63ed0111bae36bf018af,run,970582855.5425459,29956.26097353537,f7b51ef000c1a9d832959f471adad6b2fe43817248271a215bf01307d96d6aeb,rsim-001-smoke.1,non-authoritative representative architecture challenge; not attack or spacecraft validation,7,43200.0,1439151157.8947375,-8.093152246146929e-07,0,0.0,0.0,True,constant_reference,W0 — constant reference,[],"{""battery_never_creates_energy"":true,""electrical_balance_closes"":true,""executed_le_design"":true,""executed_le_requested"":true,""fdir_never_increases_power"":true,""finite_state"":true,""housekeeping_priority"":true,""initialization_domination_flag"":false,""no_hidden_clipping"":true,""soc_within_bounds"":true}","[""time_s"",""rng""]"
A0_CROSS_ENVIRONMENT_NOMINAL_FEASIBLE,,,,RSIM-001-smoke,0.0,0.0,0.0,1.0,,,,,E1_REPRESENTATIVE_ANALYTIC_LEO,7.527453229594017,5738.992815014798,970582855.5425459,29956.26097353537,7708f576efd0567ccb2387daf87110b10228daf64c3e141b029ba49939ad4e4b,,,,2bf50b710c5028c469736791796328ef22636056,0.6325617283950619,0.6325617283950619,,,,,43200.0,10800.0,canonical_wrb_wall_clock,,THERMAL_ONLY,TSM-01-v0.4.4-canonical-with-RSIM-wrapper-v1,29956.26097353537,331.5749552927548,320.962499889455,29956.26097353537,b348f00169c885d3849e406bf8ee33c9e3461c493394179d38bcd5672eae6285,run,970582855.5425459,29956.26097353537,f7b51ef000c1a9d832959f471adad6b2fe43817248271a215bf01307d96d6aeb,rsim-001-smoke.1,non-authoritative representative architecture challenge; not attack or spacecraft validation,7,43200.0,,-1.4699139683216345e-06,0,0.0,0.0,True,constant_reference,W0 — constant reference,"[""E1 is a fixed-wall-clock representative environment challenge, not a periodic/steady-state result"",""E1 radiator incidence and Earth-view factors are ASSUMED_EXPLORATORY"",""E1 albedo is a bounded analytic approximation, not a flight environment model""]","{""battery_never_creates_energy"":true,""electrical_balance_closes"":true,""executed_le_design"":true,""executed_le_requested"":true,""fdir_never_increases_power"":true,""finite_state"":true,""housekeeping_priority"":true,""no_hidden_clipping"":true,""soc_within_bounds"":true}","[""time_s"",""rng""]"
A0_CROSS_ENVIRONMENT_NOMINAL_FEASIBLE,502957909.5539797,544164667.1251388,1047122576.6791185,RSIM-001-smoke,0.0,0.0,0.0,1.0,-3.5041979572270066e-05,0.001996157712965547,59009627.074687794,0.0,E1_REPRESENTATIVE_ANALYTIC_LEO,7.527453229594017,5738.992815014798,970582855.5425459,29956.26097353537,7708f576efd0567ccb2387daf87110b10228daf64c3e141b029ba49939ad4e4b,,,0.4992267142299545,2bf50b710c5028c469736791796328ef22636056,0.6325617283950619,0.6325617283950619,0.9,,3.613828448578715e-05,0.9,43200.0,10800.0,canonical_wrb_wall_clock,0.20118225436341447,POWER_CONSTRAINED,TSM-01-v0.4.4-canonical-with-RSIM-wrapper-v1,29956.26097353537,331.5749552927548,320.962499889455,29956.26097353537,b348f00169c885d3849e406bf8ee33c9e3461c493394179d38bcd5672eae6285,run,970582855.5425459,29956.26097353537,f7b51ef000c1a9d832959f471adad6b2fe43817248271a215bf01307d96d6aeb,rsim-001-smoke.1,non-authoritative representative architecture challenge; not attack or spacecraft validation,7,43200.0,1451993045.840408,-1.4699139683216345e-06,0,0.0,0.0,True,constant_reference,W0 — constant reference,"[""E1 is a fixed-wall-clock representative environment challenge, not a periodic/steady-state result"",""E1 radiator incidence and Earth-view factors are ASSUMED_EXPLORATORY"",""E1 albedo is a bounded analytic approximation, not a flight environment model""]","{""battery_never_creates_energy"":true,""electrical_balance_closes"":true,""executed_le_design"":true,""executed_le_requested"":true,""fdir_never_increases_power"":true,""finite_state"":true,""housekeeping_priority"":true,""initialization_domination_flag"":false,""no_hidden_clipping"":true,""soc_within_bounds"":true}","[""time_s"",""rng""]"
A0_CROSS_ENVIRONMENT_NOMINAL_FEASIBLE,502957909.5539797,544164667.1251388,1047122576.6791185,RSIM-001-smoke,0.0,0.0,0.0,1.0,-3.5041979572270066e-05,0.001996157712965547,59009627.074687794,0.0,E1_REPRESENTATIVE_ANALYTIC_LEO,7.527453229594017,5738.992815014798,970582855.5425459,29956.26097353537,7708f576efd0567ccb2387daf87110b10228daf64c3e141b029ba49939ad4e4b,RSIM canonical-derived monotone FDIR,30.0,0.4992267142299545,2bf50b710c5028c469736791796328ef22636056,0.6325617283950619,0.6325617283950619,0.9,,3.613828448578715e-05,0.9,43200.0,10800.0,canonical_wrb_wall_clock,0.20118225436341447,CLOSED_LOOP,TSM-01-v0.4.4-canonical-with-RSIM-wrapper-v1,29956.26097353537,331.5749552927548,320.962499889455,29956.26097353537,b348f00169c885d3849e406bf8ee33c9e3461c493394179d38bcd5672eae6285,run,970582855.5425459,29956.26097353537,f7b51ef000c1a9d832959f471adad6b2fe43817248271a215bf01307d96d6aeb,rsim-001-smoke.1,non-authoritative representative architecture challenge; not attack or spacecraft validation,7,43200.0,1451993045.840408,-1.4699139683216345e-06,0,0.0,0.0,True,constant_reference,W0 — constant reference,"[""E1 is a fixed-wall-clock representative environment challenge, not a periodic/steady-state result"",""E1 radiator incidence and Earth-view factors are ASSUMED_EXPLORATORY"",""E1 albedo is a bounded analytic approximation, not a flight environment model""]","{""battery_never_creates_energy"":true,""electrical_balance_closes"":true,""executed_le_design"":true,""executed_le_requested"":true,""fdir_never_increases_power"":true,""finite_state"":true,""housekeeping_priority"":true,""initialization_domination_flag"":false,""no_hidden_clipping"":true,""soc_within_bounds"":true}","[""time_s"",""rng""]"
A0_CROSS_ENVIRONMENT_NOMINAL_FEASIBLE,,,,RSIM-001-smoke,0.0,0.0,1.8825057102490064,1.0,,,,,E0_CANONICAL,8.0,5400.0,970582855.5425459,29956.260973535373,504087959793ccc4a4cc294189abba6038254d5066e69d9e2cb592f7ee0e7687,,,,2bf50b710c5028c469736791796328ef22636056,0.6215924551850378,0.6215924551850378,,,,,43200.0,10800.0,canonical_wrb_wall_clock,,THERMAL_ONLY,TSM-01-v0.4.4-canonical-with-RSIM-wrapper-v1,37186.74723757269,325.92925629156605,314.9879666666567,37186.74723757269,f1e4e90f3f517362d1f0d86129448dbb51a9890353ed63ed0111bae36bf018af,run,970582855.5425459,29956.260973535373,33728d2d5bc6f419272f51c7f46d742bfd799af479ffddb05da92e55260ee91b,rsim-001-smoke.1,non-authoritative representative architecture challenge; not attack or spacecraft validation,7,43200.0,,-1.6613607840554323e-06,0,0.0,0.0,True,diversified_stochastic,W1 — diversified stochastic,[],"{""battery_never_creates_energy"":true,""electrical_balance_closes"":true,""executed_le_design"":true,""executed_le_requested"":true,""fdir_never_increases_power"":true,""finite_state"":true,""housekeeping_priority"":true,""no_hidden_clipping"":true,""soc_within_bounds"":true}","[""time_s"",""rng""]"
A0_CROSS_ENVIRONMENT_NOMINAL_FEASIBLE,483592843.64381605,552806365.534518,1036399209.1783341,RSIM-001-smoke,0.0,0.0,1.8825057102490064,1.0,-1.5552544937236235e-05,0.0019919575234292556,72956926.32933377,0.0,E0_CANONICAL,8.0,5400.0,970582855.5425459,29956.260973535373,504087959793ccc4a4cc294189abba6038254d5066e69d9e2cb592f7ee0e7687,,,0.2268353973261404,2bf50b710c5028c469736791796328ef22636056,0.6215924551850378,0.6215924551850378,0.9,,1.5673820598749444e-05,0.9,43200.0,10800.0,canonical_wrb_wall_clock,0.2070782610271128,POWER_CONSTRAINED,TSM-01-v0.4.4-canonical-with-RSIM-wrapper-v1,37186.74723757269,325.92925629156605,314.9879666666567,37186.74723757269,f1e4e90f3f517362d1f0d86129448dbb51a9890353ed63ed0111bae36bf018af,run,970582855.5425459,29956.260973535373,33728d2d5bc6f419272f51c7f46d742bfd799af479ffddb05da92e55260ee91b,rsim-001-smoke.1,non-authoritative representative architecture challenge; not attack or spacecraft validation,7,43200.0,1439151157.8947375,-1.6613607840554323e-06,0,0.0,0.0,True,diversified_stochastic,W1 — diversified stochastic,[],"{""battery_never_creates_energy"":true,""electrical_balance_closes"":true,""executed_le_design"":true,""executed_le_requested"":true,""fdir_never_increases_power"":true,""finite_state"":true,""housekeeping_priority"":true,""initialization_domination_flag"":false,""no_hidden_clipping"":true,""soc_within_bounds"":true}","[""time_s"",""rng""]"
A0_CROSS_ENVIRONMENT_NOMINAL_FEASIBLE,483592843.64381605,552806365.534518,1036399209.1783341,RSIM-001-smoke,0.0,0.0,1.8825057102490064,1.0,-1.5552544937236235e-05,0.0019919575234292556,72956926.32933377,0.0,E0_CANONICAL,8.0,5400.0,970582855.5425459,29956.260973535373,504087959793ccc4a4cc294189abba6038254d5066e69d9e2cb592f7ee0e7687,RSIM canonical-derived monotone FDIR,30.0,0.2268353973261404,2bf50b710c5028c469736791796328ef22636056,0.6215924551850378,0.6215924551850378,0.9,,1.5673820598749444e-05,0.9,43200.0,10800.0,canonical_wrb_wall_clock,0.2070782610271128,CLOSED_LOOP,TSM-01-v0.4.4-canonical-with-RSIM-wrapper-v1,37186.74723757269,325.92925629156605,314.9879666666567,37186.74723757269,f1e4e90f3f517362d1f0d86129448dbb51a9890353ed63ed0111bae36bf018af,run,970582855.5425459,29956.260973535373,33728d2d5bc6f419272f51c7f46d742bfd799af479ffddb05da92e55260ee91b,rsim-001-smoke.1,non-authoritative representative architecture challenge; not attack or spacecraft validation,7,43200.0,1439151157.8947375,-1.6613607840554323e-06,0,0.0,0.0,True,diversified_stochastic,W1 — diversified stochastic,[],"{""battery_never_creates_energy"":true,""electrical_balance_closes"":true,""executed_le_design"":true,""executed_le_requested"":true,""fdir_never_increases_power"":true,""finite_state"":true,""housekeeping_priority"":true,""initialization_domination_flag"":false,""no_hidden_clipping"":true,""soc_within_bounds"":true}","[""time_s"",""rng""]"
A0_CROSS_ENVIRONMENT_NOMINAL_FEASIBLE,,,,RSIM-001-smoke,0.0,0.0,1.934187724918786,1.0,,,,,E1_REPRESENTATIVE_ANALYTIC_LEO,7.527453229594017,5738.992815014798,970582855.5425459,29956.260973535373,504087959793ccc4a4cc294189abba6038254d5066e69d9e2cb592f7ee0e7687,,,,2bf50b710c5028c469736791796328ef22636056,0.6332424164786813,0.6332424164786813,,,,,43200.0,10800.0,canonical_wrb_wall_clock,,THERMAL_ONLY,TSM-01-v0.4.4-canonical-with-RSIM-wrapper-v1,37186.74723757269,333.5091430176736,322.54541072701295,37186.74723757269,b348f00169c885d3849e406bf8ee33c9e3461c493394179d38bcd5672eae6285,run,970582855.5425459,29956.260973535373,33728d2d5bc6f419272f51c7f46d742bfd799af479ffddb05da92e55260ee91b,rsim-001-smoke.1,non-authoritative representative architecture challenge; not attack or spacecraft validation,7,43200.0,,6.168420441099443e-07,0,0.0,0.0,True,diversified_stochastic,W1 — diversified stochastic,"[""E1 is a fixed-wall-clock representative environment challenge, not a periodic/steady-state result"",""E1 radiator incidence and Earth-view factors are ASSUMED_EXPLORATORY"",""E1 albedo is a bounded analytic approximation, not a flight environment model""]","{""battery_never_creates_energy"":true,""electrical_balance_closes"":true,""executed_le_design"":true,""executed_le_requested"":true,""fdir_never_increases_power"":true,""finite_state"":true,""housekeeping_priority"":true,""no_hidden_clipping"":true,""soc_within_bounds"":true}","[""time_s"",""rng""]"
A0_CROSS_ENVIRONMENT_NOMINAL_FEASIBLE,500699283.8947469,540397033.7334191,1041096317.6281661,RSIM-001-smoke,2267854.925564583,0.002336590753292129,1.934184593007899,1.0,-1.548598811496049e-05,0.0019923900795738273,59685851.00669654,209099.41530455946,E1_REPRESENTATIVE_ANALYTIC_LEO,7.527453229594017,5738.992815014798,968315000.6169814,29886.265451141397,c6cb91f98da3ee34a9fb1909e481a5a7a585684e978ddc9704e22499bf7e529c,,,0.5139031901974999,2bf50b710c5028c469736791796328ef22636056,0.6347255102367791,0.6332424164786813,0.9,SYSTEM_POWER_DEFICIT,1.5544999769190326e-05,0.9,43200.0,10800.0,canonical_wrb_wall_clock,0.2,POWER_CONSTRAINED,TSM-01-v0.4.4-canonical-with-RSIM-wrapper-v1,37186.74723757269,333.5091398857627,322.54540798339207,37186.74723757269,b348f00169c885d3849e406bf8ee33c9e3461c493394179d38bcd5672eae6285,run,970582855.5425459,29956.260973535373,33728d2d5bc6f419272f51c7f46d742bfd799af479ffddb05da92e55260ee91b,rsim-001-smoke.1,non-authoritative representative architecture challenge; not attack or spacecraft validation,7,43200.0,1451993045.840408,-3.0424139367823955e-06,0,0.0,0.0,False,diversified_stochastic,W1 — diversified stochastic,"[""E1 is a fixed-wall-clock representative environment challenge, not a periodic/steady-state result"",""E1 radiator incidence and Earth-view factors are ASSUMED_EXPLORATORY"",""E1 albedo is a bounded analytic approximation, not a flight environment model"",""battery initialization-domination diagnostic flagged""]","{""battery_never_creates_energy"":true,""electrical_balance_closes"":true,""executed_le_design"":true,""executed_le_requested"":true,""fdir_never_increases_power"":true,""finite_state"":true,""housekeeping_priority"":true,""initialization_domination_flag"":true,""no_hidden_clipping"":true,""soc_within_bounds"":true}","[""time_s"",""rng""]"
A0_CROSS_ENVIRONMENT_NOMINAL_FEASIBLE,500699283.8947469,540397033.7334191,1041096317.6281661,RSIM-001-smoke,2267854.925564583,0.002336590753292129,1.934184593007899,1.0,-1.548598811496049e-05,0.0019923900795738273,59685851.00669654,209099.41530455946,E1_REPRESENTATIVE_ANALYTIC_LEO,7.527453229594017,5738.992815014798,968315000.6169814,29886.265451141397,c6cb91f98da3ee34a9fb1909e481a5a7a585684e978ddc9704e22499bf7e529c,RSIM canonical-derived monotone FDIR,30.0,0.5139031901974999,2bf50b710c5028c469736791796328ef22636056,0.6347255102367791,0.6332424164786813,0.9,SYSTEM_POWER_DEFICIT,1.5544999769190326e-05,0.9,43200.0,10800.0,canonical_wrb_wall_clock,0.2,CLOSED_LOOP,TSM-01-v0.4.4-canonical-with-RSIM-wrapper-v1,37186.74723757269,333.5091398857627,322.54540798339207,37186.74723757269,b348f00169c885d3849e406bf8ee33c9e3461c493394179d38bcd5672eae6285,run,970582855.5425459,29956.260973535373,33728d2d5bc6f419272f51c7f46d742bfd799af479ffddb05da92e55260ee91b,rsim-001-smoke.1,non-authoritative representative architecture challenge; not attack or spacecraft validation,7,43200.0,1451993045.840408,-3.0424139367823955e-06,0,0.0,0.0,False,diversified_stochastic,W1 — diversified stochastic,"[""E1 is a fixed-wall-clock representative environment challenge, not a periodic/steady-state result"",""E1 radiator incidence and Earth-view factors are ASSUMED_EXPLORATORY"",""E1 albedo is a bounded analytic approximation, not a flight environment model"",""battery initialization-domination diagnostic flagged""]","{""battery_never_creates_energy"":true,""electrical_balance_closes"":true,""executed_le_design"":true,""executed_le_requested"":true,""fdir_never_increases_power"":true,""finite_state"":true,""housekeeping_priority"":true,""initialization_domination_flag"":true,""no_hidden_clipping"":true,""soc_within_bounds"":true}","[""time_s"",""rng""]"
A0_CROSS_ENVIRONMENT_NOMINAL_FEASIBLE,,,,RSIM-001-smoke,0.0,0.0,6.051095280369623,1.0,,,,,E0_CANONICAL,8.0,5400.0,970582855.5425459,29956.260973535365,0077ec7d99568c825de7259da6ad858246f29e4f6dcc57715a6949a4d780e24f,,,,2bf50b710c5028c469736791796328ef22636056,0.6350438148818379,0.6350438148818379,,,,,43200.0,10800.0,canonical_wrb_wall_clock,,THERMAL_ONLY,TSM-01-v0.4.4-canonical-with-RSIM-wrapper-v1,40000.0,330.09784586168666,318.1944832090161,40000.0,f1e4e90f3f517362d1f0d86129448dbb51a9890353ed63ed0111bae36bf018af,run,970582855.5425459,29956.260973535365,a1c2f57015f92f21b95fdae1cfd345e6a426e4a895ded72d6a14f4a6f5fb22ee,rsim-001-smoke.1,non-authoritative representative architecture challenge; not attack or spacecraft validation,7,43200.0,,3.462669155851472e-07,0,0.0,0.0,True,bursty_benign,W2 — bursty benign,[],"{""battery_never_creates_energy"":true,""electrical_balance_closes"":true,""executed_le_design"":true,""executed_le_requested"":true,""fdir_never_increases_power"":true,""finite_state"":true,""housekeeping_priority"":true,""no_hidden_clipping"":true,""soc_within_bounds"":true}","[""time_s"",""rng""]"
A0_CROSS_ENVIRONMENT_NOMINAL_FEASIBLE,464377867.1177728,533443226.6969171,997821093.8146899,RSIM-001-smoke,5909461.802955935,0.006088570150615947,5.715634861566343,1.0,-9.726232747198083e-06,0.0019725943845916544,77466132.99512483,832000.0,E0_CANONICAL,8.0,5400.0,964673393.73959,29773.870177147837,8aee919ba786f49c181c0b33dec273c00af8bd0bf5c6087939a6ca48296597ed,,,0.2282764108862501,2bf50b710c5028c469736791796328ef22636056,0.6389340094198047,0.6350438148818379,0.9,SYSTEM_POWER_DEFICIT,1.4323624782264233e-05,0.9,43200.0,10800.0,canonical_wrb_wall_clock,0.2,POWER_CONSTRAINED,TSM-01-v0.4.4-canonical-with-RSIM-wrapper-v1,40000.0,329.7623854428834,317.90385111276385,40000.0,f1e4e90f3f517362d1f0d86129448dbb51a9890353ed63ed0111bae36bf018af,run,970582855.5425459,29956.260973535365,a1c2f57015f92f21b95fdae1cfd345e6a426e4a895ded72d6a14f4a6f5fb22ee,rsim-001-smoke.1,non-authoritative representative architecture challenge; not attack or spacecraft validation,7,43200.0,1439151157.8947375,-2.2225049178814515e-06,0,0.0,0.0,False,bursty_benign,W2 — bursty benign,"[""battery initialization-domination diagnostic flagged""]","{""battery_never_creates_energy"":true,""electrical_balance_closes"":true,""executed_le_design"":true,""executed_le_requested"":true,""fdir_never_increases_power"":true,""finite_state"":true,""housekeeping_priority"":true,""initialization_domination_flag"":true,""no_hidden_clipping"":true,""soc_within_bounds"":true}","[""time_s"",""rng""]"
A0_CROSS_ENVIRONMENT_NOMINAL_FEASIBLE,464377867.1177728,533443226.6969171,997821093.8146899,RSIM-001-smoke,5909461.802955935,0.006088570150615947,5.715634861566343,1.0,-9.726232747198083e-06,0.0019725943845916544,77466132.99512483,832000.0,E0_CANONICAL,8.0,5400.0,964673393.73959,29773.870177147837,8aee919ba786f49c181c0b33dec273c00af8bd0bf5c6087939a6ca48296597ed,RSIM canonical-derived monotone FDIR,30.0,0.2282764108862501,2bf50b710c5028c469736791796328ef22636056,0.6389340094198047,0.6350438148818379,0.9,SYSTEM_POWER_DEFICIT,1.4323624782264233e-05,0.9,43200.0,10800.0,canonical_wrb_wall_clock,0.2,CLOSED_LOOP,TSM-01-v0.4.4-canonical-with-RSIM-wrapper-v1,40000.0,329.7623854428834,317.90385111276385,40000.0,f1e4e90f3f517362d1f0d86129448dbb51a9890353ed63ed0111bae36bf018af,run,970582855.5425459,29956.260973535365,a1c2f57015f92f21b95fdae1cfd345e6a426e4a895ded72d6a14f4a6f5fb22ee,rsim-001-smoke.1,non-authoritative representative architecture challenge; not attack or spacecraft validation,7,43200.0,1439151157.8947375,-2.2225049178814515e-06,0,0.0,0.0,False,bursty_benign,W2 — bursty benign,"[""battery initialization-domination diagnostic flagged""]","{""battery_never_creates_energy"":true,""electrical_balance_closes"":true,""executed_le_design"":true,""executed_le_requested"":true,""fdir_never_increases_power"":true,""finite_state"":true,""housekeeping_priority"":true,""initialization_domination_flag"":true,""no_hidden_clipping"":true,""soc_within_bounds"":true}","[""time_s"",""rng""]"
A0_CROSS_ENVIRONMENT_NOMINAL_FEASIBLE,,,,RSIM-001-smoke,0.0,0.0,8.474007176524651,1.0,,,,,E1_REPRESENTATIVE_ANALYTIC_LEO,7.527453229594017,5738.992815014798,970582855.5425459,29956.260973535365,0077ec7d99568c825de7259da6ad858246f29e4f6dcc57715a6949a4d780e24f,,,,2bf50b710c5028c469736791796328ef22636056,0.6671507525915876,0.6671507525915876,,,,,43200.0,10800.0,canonical_wrb_wall_clock,,THERMAL_ONLY,TSM-01-v0.4.4-canonical-with-RSIM-wrapper-v1,40000.0,340.04896246927945,327.78200959639514,40000.0,b348f00169c885d3849e406bf8ee33c9e3461c493394179d38bcd5672eae6285,run,970582855.5425459,29956.260973535365,a1c2f57015f92f21b95fdae1cfd345e6a426e4a895ded72d6a14f4a6f5fb22ee,rsim-001-smoke.1,non-authoritative representative architecture challenge; not attack or spacecraft validation,7,43200.0,,4.6326731535373256e-06,0,0.0,0.0,True,bursty_benign,W2 — bursty benign,"[""E1 is a fixed-wall-clock representative environment challenge, not a periodic/steady-state result"",""E1 radiator incidence and Earth-view factors are ASSUMED_EXPLORATORY"",""E1 albedo is a bounded analytic approximation, not a flight environment model""]","{""battery_never_creates_energy"":true,""electrical_balance_closes"":true,""executed_le_design"":true,""executed_le_requested"":true,""fdir_never_increases_power"":true,""finite_state"":true,""housekeeping_priority"":true,""no_hidden_clipping"":true,""soc_within_bounds"":true}","[""time_s"",""rng""]"
A0_CROSS_ENVIRONMENT_NOMINAL_FEASIBLE,472331526.35582185,507895906.1074356,980227432.4632576,RSIM-001-smoke,1062767.7266328393,0.0010949788784789145,8.467616025152154,1.0,-1.1027934306184761e-05,0.0019598889519478434,53765995.15767099,540000.0,E1_REPRESENTATIVE_ANALYTIC_LEO,7.527453229594017,5738.992815014798,969520087.8159131,29923.459500491143,5a80c1e972d0a333d4288bfe6985a55a78a125dcc32bb8cc39124da2ca417052,,,0.5541039827067006,2bf50b710c5028c469736791796328ef22636056,0.6678820693508416,0.6671507525915876,0.9,SYSTEM_POWER_DEFICIT,1.1280368198640645e-05,0.9,43200.0,10800.0,canonical_wrb_wall_clock,0.2,POWER_CONSTRAINED,TSM-01-v0.4.4-canonical-with-RSIM-wrapper-v1,40000.0,340.04257131790695,327.7765725651487,40000.0,b348f00169c885d3849e406bf8ee33c9e3461c493394179d38bcd5672eae6285,run,970582855.5425459,29956.260973535365,a1c2f57015f92f21b95fdae1cfd345e6a426e4a895ded72d6a14f4a6f5fb22ee,rsim-001-smoke.1,non-authoritative representative architecture challenge; not attack or spacecraft validation,7,43200.0,1451993045.840408,4.087600245838985e-06,0,0.0,0.0,False,bursty_benign,W2 — bursty benign,"[""E1 is a fixed-wall-clock representative environment challenge, not a periodic/steady-state result"",""E1 radiator incidence and Earth-view factors are ASSUMED_EXPLORATORY"",""E1 albedo is a bounded analytic approximation, not a flight environment model"",""battery initialization-domination diagnostic flagged""]","{""battery_never_creates_energy"":true,""electrical_balance_closes"":true,""executed_le_design"":true,""executed_le_requested"":true,""fdir_never_increases_power"":true,""finite_state"":true,""housekeeping_priority"":true,""initialization_domination_flag"":true,""no_hidden_clipping"":true,""soc_within_bounds"":true}","[""time_s"",""rng""]"
A0_CROSS_ENVIRONMENT_NOMINAL_FEASIBLE,472331526.35582185,507895906.1074356,980227432.4632576,RSIM-001-smoke,1062767.7266328393,0.0010949788784789145,8.467616025152154,1.0,-1.1027934306184761e-05,0.0019598889519478434,53765995.15767099,540000.0,E1_REPRESENTATIVE_ANALYTIC_LEO,7.527453229594017,5738.992815014798,969520087.8159131,29923.459500491143,5a80c1e972d0a333d4288bfe6985a55a78a125dcc32bb8cc39124da2ca417052,RSIM canonical-derived monotone FDIR,30.0,0.5541039827067006,2bf50b710c5028c469736791796328ef22636056,0.6678820693508416,0.6671507525915876,0.9,SYSTEM_POWER_DEFICIT,1.1280368198640645e-05,0.9,43200.0,10800.0,canonical_wrb_wall_clock,0.2,CLOSED_LOOP,TSM-01-v0.4.4-canonical-with-RSIM-wrapper-v1,40000.0,340.04257131790695,327.7765725651487,40000.0,b348f00169c885d3849e406bf8ee33c9e3461c493394179d38bcd5672eae6285,run,970582855.5425459,29956.260973535365,a1c2f57015f92f21b95fdae1cfd345e6a426e4a895ded72d6a14f4a6f5fb22ee,rsim-001-smoke.1,non-authoritative representative architecture challenge; not attack or spacecraft validation,7,43200.0,1451993045.840408,4.087600245838985e-06,0,0.0,0.0,False,bursty_benign,W2 — bursty benign,"[""E1 is a fixed-wall-clock representative environment challenge, not a periodic/steady-state result"",""E1 radiator incidence and Earth-view factors are ASSUMED_EXPLORATORY"",""E1 albedo is a bounded analytic approximation, not a flight environment model"",""battery initialization-domination diagnostic flagged""]","{""battery_never_creates_energy"":true,""electrical_balance_closes"":true,""executed_le_design"":true,""executed_le_requested"":true,""fdir_never_increases_power"":true,""finite_state"":true,""housekeeping_priority"":true,""initialization_domination_flag"":true,""no_hidden_clipping"":true,""soc_within_bounds"":true}","[""time_s"",""rng""]"
A0_CROSS_ENVIRONMENT_NOMINAL_FEASIBLE,,,,RSIM-001-smoke,0.0,0.0,6.9889855833230285,1.0,,,,,E0_CANONICAL,8.0,5400.0,970582855.5425459,29956.26097353536,c04fe97d622465b91389947da0864c5c4374cb652c3a39d8dc86c8fe90984db8,,,,2bf50b710c5028c469736791796328ef22636056,0.6201767313282327,0.6201767313282327,,,,,43200.0,10800.0,canonical_wrb_wall_clock,,THERMAL_ONLY,TSM-01-v0.4.4-canonical-with-RSIM-wrapper-v1,39082.291674404885,331.03573616464007,318.8350908776867,39082.291674404885,f1e4e90f3f517362d1f0d86129448dbb51a9890353ed63ed0111bae36bf018af,run,970582855.5425459,29956.26097353536,9a06f7c645cea9bb67a4d1ebb736fc7e77789a5cca5319493c217c1b17223daf,rsim-001-smoke.1,non-authoritative representative architecture challenge; not attack or spacecraft validation,7,43200.0,,3.7336271816457156e-06,0,0.0,0.0,True,queue_driven_benign,W3 — queue-driven benign,[],"{""battery_never_creates_energy"":true,""electrical_balance_closes"":true,""executed_le_design"":true,""executed_le_requested"":true,""fdir_never_increases_power"":true,""finite_state"":true,""housekeeping_priority"":true,""no_hidden_clipping"":true,""soc_within_bounds"":true}","[""time_s"",""rng""]"
A0_CROSS_ENVIRONMENT_NOMINAL_FEASIBLE,476345361.67215264,544269622.413216,1020614984.0853686,RSIM-001-smoke,6216968.9631144125,0.00640539746566942,6.988985582687917,1.0,-4.6147134071361506e-05,0.0019834207803079533,81466149.93812503,434000.0,E0_CANONICAL,8.0,5400.0,964365886.5794314,29764.379215414545,784a8754fa6628f7183b3598d6cb4bd9205fa60632e2f98312d74d850029f581,,,0.2393746374320012,2bf50b710c5028c469736791796328ef22636056,0.6241748191328409,0.6201767313282327,0.9,SYSTEM_POWER_DEFICIT,4.645049148166436e-05,0.9,43200.0,10800.0,canonical_wrb_wall_clock,0.2,POWER_CONSTRAINED,TSM-01-v0.4.4-canonical-with-RSIM-wrapper-v1,39082.291674404885,331.03573616400496,318.8350908771365,39082.291674404885,f1e4e90f3f517362d1f0d86129448dbb51a9890353ed63ed0111bae36bf018af,run,970582855.5425459,29956.26097353536,9a06f7c645cea9bb67a4d1ebb736fc7e77789a5cca5319493c217c1b17223daf,rsim-001-smoke.1,non-authoritative representative architecture challenge; not attack or spacecraft validation,7,43200.0,1439151157.8947375,4.482925305637764e-06,0,0.0,0.0,False,queue_driven_benign,W3 — queue-driven benign,"[""battery initialization-domination diagnostic flagged""]","{""battery_never_creates_energy"":true,""electrical_balance_closes"":true,""executed_le_design"":true,""executed_le_requested"":true,""fdir_never_increases_power"":true,""finite_state"":true,""housekeeping_priority"":true,""initialization_domination_flag"":true,""no_hidden_clipping"":true,""soc_within_bounds"":true}","[""time_s"",""rng""]"
A0_CROSS_ENVIRONMENT_NOMINAL_FEASIBLE,476345361.67215264,544269622.413216,1020614984.0853686,RSIM-001-smoke,6216968.9631144125,0.00640539746566942,6.988985582687917,1.0,-4.6147134071361506e-05,0.0019834207803079533,81466149.93812503,434000.0,E0_CANONICAL,8.0,5400.0,964365886.5794314,29764.379215414545,784a8754fa6628f7183b3598d6cb4bd9205fa60632e2f98312d74d850029f581,RSIM canonical-derived monotone FDIR,30.0,0.2393746374320012,2bf50b710c5028c469736791796328ef22636056,0.6241748191328409,0.6201767313282327,0.9,SYSTEM_POWER_DEFICIT,4.645049148166436e-05,0.9,43200.0,10800.0,canonical_wrb_wall_clock,0.2,CLOSED_LOOP,TSM-01-v0.4.4-canonical-with-RSIM-wrapper-v1,39082.291674404885,331.03573616400496,318.8350908771365,39082.291674404885,f1e4e90f3f517362d1f0d86129448dbb51a9890353ed63ed0111bae36bf018af,run,970582855.5425459,29956.26097353536,9a06f7c645cea9bb67a4d1ebb736fc7e77789a5cca5319493c217c1b17223daf,rsim-001-smoke.1,non-authoritative representative architecture challenge; not attack or spacecraft validation,7,43200.0,1439151157.8947375,4.482925305637764e-06,0,0.0,0.0,False,queue_driven_benign,W3 — queue-driven benign,"[""battery initialization-domination diagnostic flagged""]","{""battery_never_creates_energy"":true,""electrical_balance_closes"":true,""executed_le_design"":true,""executed_le_requested"":true,""fdir_never_increases_power"":true,""finite_state"":true,""housekeeping_priority"":true,""initialization_domination_flag"":true,""no_hidden_clipping"":true,""soc_within_bounds"":true}","[""time_s"",""rng""]"
A0_CROSS_ENVIRONMENT_NOMINAL_FEASIBLE,,,,RSIM-001-smoke,0.0,0.0,8.527548847570017,1.0,,,,,E1_REPRESENTATIVE_ANALYTIC_LEO,7.527453229594017,5738.992815014798,970582855.5425459,29956.26097353536,c04fe97d622465b91389947da0864c5c4374cb652c3a39d8dc86c8fe90984db8,,,,2bf50b710c5028c469736791796328ef22636056,0.6369788992836921,0.6369788992836921,,,,,43200.0,10800.0,canonical_wrb_wall_clock,,THERMAL_ONLY,TSM-01-v0.4.4-canonical-with-RSIM-wrapper-v1,39082.291674404885,340.1025041403248,327.64345256999565,39082.291674404885,b348f00169c885d3849e406bf8ee33c9e3461c493394179d38bcd5672eae6285,run,970582855.5425459,29956.26097353536,9a06f7c645cea9bb67a4d1ebb736fc7e77789a5cca5319493c217c1b17223daf,rsim-001-smoke.1,non-authoritative representative architecture challenge; not attack or spacecraft validation,7,43200.0,,4.776160949404584e-06,0,0.0,0.0,True,queue_driven_benign,W3 — queue-driven benign,"[""E1 is a fixed-wall-clock representative environment challenge, not a periodic/steady-state result"",""E1 radiator incidence and Earth-view factors are ASSUMED_EXPLORATORY"",""E1 albedo is a bounded analytic approximation, not a flight environment model""]","{""battery_never_creates_energy"":true,""electrical_balance_closes"":true,""executed_le_design"":true,""executed_le_requested"":true,""fdir_never_increases_power"":true,""finite_state"":true,""housekeeping_priority"":true,""no_hidden_clipping"":true,""soc_within_bounds"":true}","[""time_s"",""rng""]"
A0_CROSS_ENVIRONMENT_NOMINAL_FEASIBLE,491299769.95019436,530633563.92850953,1021933333.8787038,RSIM-001-smoke,8262276.337201119,0.008512695531369747,8.298351299133515,1.0,-4.877940773440059e-05,0.0019826266097689176,69345492.14032897,724301.4319944351,E1_REPRESENTATIVE_ANALYTIC_LEO,7.527453229594017,5738.992815014798,962320579.2053447,29701.2524446094,2278f254f99d6b58987b4331743c6807d310cca84d2ffb9535c9a6cc5a93f6c0,,,0.5174429927600078,2bf50b710c5028c469736791796328ef22636056,0.642447862330491,0.6369788992836921,0.9,SYSTEM_POWER_DEFICIT,4.878397203356144e-05,0.9,43200.0,10800.0,canonical_wrb_wall_clock,0.2,POWER_CONSTRAINED,TSM-01-v0.4.4-canonical-with-RSIM-wrapper-v1,39082.291674404885,339.8733065918883,327.4463476772338,39082.291674404885,b348f00169c885d3849e406bf8ee33c9e3461c493394179d38bcd5672eae6285,run,970582855.5425459,29956.26097353536,9a06f7c645cea9bb67a4d1ebb736fc7e77789a5cca5319493c217c1b17223daf,rsim-001-smoke.1,non-authoritative representative architecture challenge; not attack or spacecraft validation,7,43200.0,1451993045.840408,3.025917521881638e-06,0,0.0,0.0,False,queue_driven_benign,W3 — queue-driven benign,"[""E1 is a fixed-wall-clock representative environment challenge, not a periodic/steady-state result"",""E1 radiator incidence and Earth-view factors are ASSUMED_EXPLORATORY"",""E1 albedo is a bounded analytic approximation, not a flight environment model"",""battery initialization-domination diagnostic flagged""]","{""battery_never_creates_energy"":true,""electrical_balance_closes"":true,""executed_le_design"":true,""executed_le_requested"":true,""fdir_never_increases_power"":true,""finite_state"":true,""housekeeping_priority"":true,""initialization_domination_flag"":true,""no_hidden_clipping"":true,""soc_within_bounds"":true}","[""time_s"",""rng""]"
A0_CROSS_ENVIRONMENT_NOMINAL_FEASIBLE,491299769.95019436,530633563.92850953,1021933333.8787038,RSIM-001-smoke,8262276.337201119,0.008512695531369747,8.298351299133515,1.0,-4.877940773440059e-05,0.0019826266097689176,69345492.14032897,724301.4319944351,E1_REPRESENTATIVE_ANALYTIC_LEO,7.527453229594017,5738.992815014798,962320579.2053447,29701.2524446094,2278f254f99d6b58987b4331743c6807d310cca84d2ffb9535c9a6cc5a93f6c0,RSIM canonical-derived monotone FDIR,30.0,0.5174429927600078,2bf50b710c5028c469736791796328ef22636056,0.642447862330491,0.6369788992836921,0.9,SYSTEM_POWER_DEFICIT,4.878397203356144e-05,0.9,43200.0,10800.0,canonical_wrb_wall_clock,0.2,CLOSED_LOOP,TSM-01-v0.4.4-canonical-with-RSIM-wrapper-v1,39082.291674404885,339.8733065918883,327.4463476772338,39082.291674404885,b348f00169c885d3849e406bf8ee33c9e3461c493394179d38bcd5672eae6285,run,970582855.5425459,29956.26097353536,9a06f7c645cea9bb67a4d1ebb736fc7e77789a5cca5319493c217c1b17223daf,rsim-001-smoke.1,non-authoritative representative architecture challenge; not attack or spacecraft validation,7,43200.0,1451993045.840408,3.025917521881638e-06,0,0.0,0.0,False,queue_driven_benign,W3 — queue-driven benign,"[""E1 is a fixed-wall-clock representative environment challenge, not a periodic/steady-state result"",""E1 radiator incidence and Earth-view factors are ASSUMED_EXPLORATORY"",""E1 albedo is a bounded analytic approximation, not a flight environment model"",""battery initialization-domination diagnostic flagged""]","{""battery_never_creates_energy"":true,""electrical_balance_closes"":true,""executed_le_design"":true,""executed_le_requested"":true,""fdir_never_increases_power"":true,""finite_state"":true,""housekeeping_priority"":true,""initialization_domination_flag"":true,""no_hidden_clipping"":true,""soc_within_bounds"":true}","[""time_s"",""rng""]"
A0_CROSS_ENVIRONMENT_NOMINAL_FEASIBLE,,,,RSIM-001-smoke,0.0,0.0,10.442321861172616,1.0,,,,,E0_CANONICAL,8.0,5400.0,970582855.5425459,29956.260973535365,125a79eaba778c524ee733b1392c12d93eb36437aa4836fee9056511b128c13f,,,,2bf50b710c5028c469736791796328ef22636056,0.6863697654621141,0.6863697654621141,,,,,43200.0,10800.0,canonical_wrb_wall_clock,,THERMAL_ONLY,TSM-01-v0.4.4-canonical-with-RSIM-wrapper-v1,39153.45590219075,334.48907244248966,322.1125003383941,39153.45590219075,f1e4e90f3f517362d1f0d86129448dbb51a9890353ed63ed0111bae36bf018af,run,970582855.5425459,29956.260973535365,73ee9a2cfdb01d9e78e28a5fb6f20f34511d22cb98fc4cdb12cb2c2ef2f0517d,rsim-001-smoke.1,non-authoritative representative architecture challenge; not attack or spacecraft validation,7,43200.0,,1.2831310414185282e-06,0,0.0,0.0,True,power_aware_benign,W4 — power-aware benign,[],"{""battery_never_creates_energy"":true,""electrical_balance_closes"":true,""executed_le_design"":true,""executed_le_requested"":true,""fdir_never_increases_power"":true,""finite_state"":true,""housekeeping_priority"":true,""no_hidden_clipping"":true,""soc_within_bounds"":true}","[""time_s"",""power_availability"",""rng""]"
A0_CROSS_ENVIRONMENT_NOMINAL_FEASIBLE,389396442.5490593,447124634.3309463,836521076.8800056,RSIM-001-smoke,0.0,0.0,10.442321861172616,1.0,-4.1349696402903646e-05,0.0018862757922256837,110143468.70796418,0.0,E0_CANONICAL,8.0,5400.0,970582855.5425459,29956.260973535365,125a79eaba778c524ee733b1392c12d93eb36437aa4836fee9056511b128c13f,,,0.33854070386274365,2bf50b710c5028c469736791796328ef22636056,0.6863697654621141,0.6863697654621141,0.9,,4.145152342971414e-05,0.9,43200.0,10800.0,canonical_wrb_wall_clock,0.3383401458119552,POWER_CONSTRAINED,TSM-01-v0.4.4-canonical-with-RSIM-wrapper-v1,39153.45590219075,334.48907244248966,322.1125003383941,39153.45590219075,f1e4e90f3f517362d1f0d86129448dbb51a9890353ed63ed0111bae36bf018af,run,970582855.5425459,29956.260973535365,73ee9a2cfdb01d9e78e28a5fb6f20f34511d22cb98fc4cdb12cb2c2ef2f0517d,rsim-001-smoke.1,non-authoritative representative architecture challenge; not attack or spacecraft validation,7,43200.0,1439151157.8947375,1.2831310414185282e-06,0,0.0,0.0,True,power_aware_benign,W4 — power-aware benign,[],"{""battery_never_creates_energy"":true,""electrical_balance_closes"":true,""executed_le_design"":true,""executed_le_requested"":true,""fdir_never_increases_power"":true,""finite_state"":true,""housekeeping_priority"":true,""initialization_domination_flag"":false,""no_hidden_clipping"":true,""soc_within_bounds"":true}","[""time_s"",""power_availability"",""rng""]"
A0_CROSS_ENVIRONMENT_NOMINAL_FEASIBLE,389396442.5490593,447124634.3309463,836521076.8800056,RSIM-001-smoke,0.0,0.0,10.442321861172616,1.0,-4.1349696402903646e-05,0.0018862757922256837,110143468.70796418,0.0,E0_CANONICAL,8.0,5400.0,970582855.5425459,29956.260973535365,125a79eaba778c524ee733b1392c12d93eb36437aa4836fee9056511b128c13f,RSIM canonical-derived monotone FDIR,30.0,0.33854070386274365,2bf50b710c5028c469736791796328ef22636056,0.6863697654621141,0.6863697654621141,0.9,,4.145152342971414e-05,0.9,43200.0,10800.0,canonical_wrb_wall_clock,0.3383401458119552,CLOSED_LOOP,TSM-01-v0.4.4-canonical-with-RSIM-wrapper-v1,39153.45590219075,334.48907244248966,322.1125003383941,39153.45590219075,f1e4e90f3f517362d1f0d86129448dbb51a9890353ed63ed0111bae36bf018af,run,970582855.5425459,29956.260973535365,73ee9a2cfdb01d9e78e28a5fb6f20f34511d22cb98fc4cdb12cb2c2ef2f0517d,rsim-001-smoke.1,non-authoritative representative architecture challenge; not attack or spacecraft validation,7,43200.0,1439151157.8947375,1.2831310414185282e-06,0,0.0,0.0,True,power_aware_benign,W4 — power-aware benign,[],"{""battery_never_creates_energy"":true,""electrical_balance_closes"":true,""executed_le_design"":true,""executed_le_requested"":true,""fdir_never_increases_power"":true,""finite_state"":true,""housekeeping_priority"":true,""initialization_domination_flag"":false,""no_hidden_clipping"":true,""soc_within_bounds"":true}","[""time_s"",""power_availability"",""rng""]"
A0_CROSS_ENVIRONMENT_NOMINAL_FEASIBLE,,,,RSIM-001-smoke,0.0,0.0,10.181831457642033,1.0,,,,,E1_REPRESENTATIVE_ANALYTIC_LEO,7.527453229594017,5738.992815014798,970582855.5425459,29956.260973535365,125a79eaba778c524ee733b1392c12d93eb36437aa4836fee9056511b128c13f,,,,2bf50b710c5028c469736791796328ef22636056,0.6804472235484955,0.6804472235484955,,,,,43200.0,10800.0,canonical_wrb_wall_clock,,THERMAL_ONLY,TSM-01-v0.4.4-canonical-with-RSIM-wrapper-v1,39153.45590219075,341.7567867503968,329.1849578565772,39153.45590219075,b348f00169c885d3849e406bf8ee33c9e3461c493394179d38bcd5672eae6285,run,970582855.5425459,29956.260973535365,73ee9a2cfdb01d9e78e28a5fb6f20f34511d22cb98fc4cdb12cb2c2ef2f0517d,rsim-001-smoke.1,non-authoritative representative architecture challenge; not attack or spacecraft validation,7,43200.0,,-1.00598390417872e-06,0,0.0,0.0,True,power_aware_benign,W4 — power-aware benign,"[""E1 is a fixed-wall-clock representative environment challenge, not a periodic/steady-state result"",""E1 radiator incidence and Earth-view factors are ASSUMED_EXPLORATORY"",""E1 albedo is a bounded analytic approximation, not a flight environment model""]","{""battery_never_creates_energy"":true,""electrical_balance_closes"":true,""executed_le_design"":true,""executed_le_requested"":true,""fdir_never_increases_power"":true,""finite_state"":true,""housekeeping_priority"":true,""no_hidden_clipping"":true,""soc_within_bounds"":true}","[""time_s"",""power_availability"",""rng""]"
A0_CROSS_ENVIRONMENT_NOMINAL_FEASIBLE,462824155.2344775,493087685.83255994,955911841.0670376,RSIM-001-smoke,2075250.237768394,0.0021381484598842933,10.18183145755222,1.0,-3.303105040686205e-05,0.001945080731672968,95382962.87514362,486000.0,E1_REPRESENTATIVE_ANALYTIC_LEO,7.527453229594017,5738.992815014798,968507605.3047775,29892.21004027091,5b6c26c1978e8ec7195d6f0a54335da7b4685fe399f5477b07e941d67c4675a7,,,0.6056595735333841,2bf50b710c5028c469736791796328ef22636056,0.6819052381833042,0.6804472235484955,0.9,SYSTEM_POWER_DEFICIT,3.3052834623958915e-05,0.9,43200.0,10800.0,canonical_wrb_wall_clock,0.2,POWER_CONSTRAINED,TSM-01-v0.4.4-canonical-with-RSIM-wrapper-v1,39153.45590219075,341.756786750307,329.1849578564986,39153.45590219075,b348f00169c885d3849e406bf8ee33c9e3461c493394179d38bcd5672eae6285,run,970582855.5425459,29956.260973535365,73ee9a2cfdb01d9e78e28a5fb6f20f34511d22cb98fc4cdb12cb2c2ef2f0517d,rsim-001-smoke.1,non-authoritative representative architecture challenge; not attack or spacecraft validation,7,43200.0,1451993045.840408,1.3756034604739398e-06,0,0.0,0.0,False,power_aware_benign,W4 — power-aware benign,"[""E1 is a fixed-wall-clock representative environment challenge, not a periodic/steady-state result"",""E1 radiator incidence and Earth-view factors are ASSUMED_EXPLORATORY"",""E1 albedo is a bounded analytic approximation, not a flight environment model"",""battery initialization-domination diagnostic flagged""]","{""battery_never_creates_energy"":true,""electrical_balance_closes"":true,""executed_le_design"":true,""executed_le_requested"":true,""fdir_never_increases_power"":true,""finite_state"":true,""housekeeping_priority"":true,""initialization_domination_flag"":true,""no_hidden_clipping"":true,""soc_within_bounds"":true}","[""time_s"",""power_availability"",""rng""]"
A0_CROSS_ENVIRONMENT_NOMINAL_FEASIBLE,462824155.2344775,493087685.83255994,955911841.0670376,RSIM-001-smoke,2075250.237768394,0.0021381484598842933,10.18183145755222,1.0,-3.303105040686205e-05,0.001945080731672968,95382962.87514362,486000.0,E1_REPRESENTATIVE_ANALYTIC_LEO,7.527453229594017,5738.992815014798,968507605.3047775,29892.21004027091,5b6c26c1978e8ec7195d6f0a54335da7b4685fe399f5477b07e941d67c4675a7,RSIM canonical-derived monotone FDIR,30.0,0.6056595735333841,2bf50b710c5028c469736791796328ef22636056,0.6819052381833042,0.6804472235484955,0.9,SYSTEM_POWER_DEFICIT,3.3052834623958915e-05,0.9,43200.0,10800.0,canonical_wrb_wall_clock,0.2,CLOSED_LOOP,TSM-01-v0.4.4-canonical-with-RSIM-wrapper-v1,39153.45590219075,341.756786750307,329.1849578564986,39153.45590219075,b348f00169c885d3849e406bf8ee33c9e3461c493394179d38bcd5672eae6285,run,970582855.5425459,29956.260973535365,73ee9a2cfdb01d9e78e28a5fb6f20f34511d22cb98fc4cdb12cb2c2ef2f0517d,rsim-001-smoke.1,non-authoritative representative architecture challenge; not attack or spacecraft validation,7,43200.0,1451993045.840408,1.3756034604739398e-06,0,0.0,0.0,False,power_aware_benign,W4 — power-aware benign,"[""E1 is a fixed-wall-clock representative environment challenge, not a periodic/steady-state result"",""E1 radiator incidence and Earth-view factors are ASSUMED_EXPLORATORY"",""E1 albedo is a bounded analytic approximation, not a flight environment model"",""battery initialization-domination diagnostic flagged""]","{""battery_never_creates_energy"":true,""electrical_balance_closes"":true,""executed_le_design"":true,""executed_le_requested"":true,""fdir_never_increases_power"":true,""finite_state"":true,""housekeeping_priority"":true,""initialization_domination_flag"":true,""no_hidden_clipping"":true,""soc_within_bounds"":true}","[""time_s"",""power_availability"",""rng""]"
A0_CROSS_ENVIRONMENT_NOMINAL_FEASIBLE,,,,RSIM-001-smoke,0.0,0.0,17.373506375394754,1.0,,,,,E0_CANONICAL,8.0,5400.0,970582855.5425459,29956.26097353537,e83a3fa1c482f2052032bdc8f4a99f1075125f9f0db25f907311655a4687da65,,,,2bf50b710c5028c469736791796328ef22636056,0.8258017411499389,0.8258017411499389,,,,,43200.0,10800.0,canonical_wrb_wall_clock,,THERMAL_ONLY,TSM-01-v0.4.4-canonical-with-RSIM-wrapper-v1,40000.0,341.4202569567118,327.7310470894705,40000.0,f1e4e90f3f517362d1f0d86129448dbb51a9890353ed63ed0111bae36bf018af,run,970582855.5425459,29956.26097353537,0d4c817838c7a9a05a5fd7d0d3b7fcdb8381ee89f679f3de7b54ea49ab69452a,rsim-001-smoke.1,non-authoritative representative architecture challenge; not attack or spacecraft validation,7,43200.0,,1.4132501746644266e-06,0,0.0,0.0,True,phase_shaped_candidate,W5 — phase-shaped adversarial candidate,[],"{""battery_never_creates_energy"":true,""electrical_balance_closes"":true,""executed_le_design"":true,""executed_le_requested"":true,""fdir_never_increases_power"":true,""finite_state"":true,""housekeeping_priority"":true,""no_hidden_clipping"":true,""soc_within_bounds"":true}","[""time_s"",""hot_mask"",""rng""]"
A0_CROSS_ENVIRONMENT_NOMINAL_FEASIBLE,237637222.20174372,271623101.2804923,509260323.482236,RSIM-001-smoke,0.0,0.0,17.373506375394754,1.0,-4.1941151721403e-05,0.0017107742591752296,66886409.37683423,0.0,E0_CANONICAL,8.0,5400.0,970582855.5425459,29956.26097353537,e83a3fa1c482f2052032bdc8f4a99f1075125f9f0db25f907311655a4687da65,,,0.5694563408763154,2bf50b710c5028c469736791796328ef22636056,0.8258017411499389,0.8258017411499389,0.9,,4.222963434585836e-05,0.9,43200.0,10800.0,canonical_wrb_wall_clock,0.5693121654471438,POWER_CONSTRAINED,TSM-01-v0.4.4-canonical-with-RSIM-wrapper-v1,40000.0,341.4202569567118,327.7310470894705,40000.0,f1e4e90f3f517362d1f0d86129448dbb51a9890353ed63ed0111bae36bf018af,run,970582855.5425459,29956.26097353537,0d4c817838c7a9a05a5fd7d0d3b7fcdb8381ee89f679f3de7b54ea49ab69452a,rsim-001-smoke.1,non-authoritative representative architecture challenge; not attack or spacecraft validation,7,43200.0,1439151157.8947375,1.4132501746644266e-06,0,0.0,0.0,True,phase_shaped_candidate,W5 — phase-shaped adversarial candidate,[],"{""battery_never_creates_energy"":true,""electrical_balance_closes"":true,""executed_le_design"":true,""executed_le_requested"":true,""fdir_never_increases_power"":true,""finite_state"":true,""housekeeping_priority"":true,""initialization_domination_flag"":false,""no_hidden_clipping"":true,""soc_within_bounds"":true}","[""time_s"",""hot_mask"",""rng""]"
A0_CROSS_ENVIRONMENT_NOMINAL_FEASIBLE,237637222.20174372,271623101.2804923,509260323.482236,RSIM-001-smoke,0.0,0.0,17.373506375394754,1.0,-4.1941151721403e-05,0.0017107742591752296,66886409.37683423,0.0,E0_CANONICAL,8.0,5400.0,970582855.5425459,29956.26097353537,e83a3fa1c482f2052032bdc8f4a99f1075125f9f0db25f907311655a4687da65,RSIM canonical-derived monotone FDIR,30.0,0.5694563408763154,2bf50b710c5028c469736791796328ef22636056,0.8258017411499389,0.8258017411499389,0.9,,4.222963434585836e-05,0.9,43200.0,10800.0,canonical_wrb_wall_clock,0.5693121654471438,CLOSED_LOOP,TSM-01-v0.4.4-canonical-with-RSIM-wrapper-v1,40000.0,341.4202569567118,327.7310470894705,40000.0,f1e4e90f3f517362d1f0d86129448dbb51a9890353ed63ed0111bae36bf018af,run,970582855.5425459,29956.26097353537,0d4c817838c7a9a05a5fd7d0d3b7fcdb8381ee89f679f3de7b54ea49ab69452a,rsim-001-smoke.1,non-authoritative representative architecture challenge; not attack or spacecraft validation,7,43200.0,1439151157.8947375,1.4132501746644266e-06,0,0.0,0.0,True,phase_shaped_candidate,W5 — phase-shaped adversarial candidate,[],"{""battery_never_creates_energy"":true,""electrical_balance_closes"":true,""executed_le_design"":true,""executed_le_requested"":true,""fdir_never_increases_power"":true,""finite_state"":true,""housekeeping_priority"":true,""initialization_domination_flag"":false,""no_hidden_clipping"":true,""soc_within_bounds"":true}","[""time_s"",""hot_mask"",""rng""]"
A0_CROSS_ENVIRONMENT_NOMINAL_FEASIBLE,,,,RSIM-001-smoke,0.0,0.0,16.758724233558382,1.0,,,,,E1_REPRESENTATIVE_ANALYTIC_LEO,7.527453229594017,5738.992815014798,970582855.5425459,29956.26097353537,e83a3fa1c482f2052032bdc8f4a99f1075125f9f0db25f907311655a4687da65,,,,2bf50b710c5028c469736791796328ef22636056,0.7670968122394849,0.7670968122394849,,,,,43200.0,10800.0,canonical_wrb_wall_clock,,THERMAL_ONLY,TSM-01-v0.4.4-canonical-with-RSIM-wrapper-v1,40000.0,348.3336795263132,334.4570897824307,40000.0,b348f00169c885d3849e406bf8ee33c9e3461c493394179d38bcd5672eae6285,run,970582855.5425459,29956.26097353537,0d4c817838c7a9a05a5fd7d0d3b7fcdb8381ee89f679f3de7b54ea49ab69452a,rsim-001-smoke.1,non-authoritative representative architecture challenge; not attack or spacecraft validation,7,43200.0,,2.4021305762289558e-06,0,145.0,0.0,True,phase_shaped_candidate,W5 — phase-shaped adversarial candidate,"[""E1 is a fixed-wall-clock representative environment challenge, not a periodic/steady-state result"",""E1 radiator incidence and Earth-view factors are ASSUMED_EXPLORATORY"",""E1 albedo is a bounded analytic approximation, not a flight environment model""]","{""battery_never_creates_energy"":true,""electrical_balance_closes"":true,""executed_le_design"":true,""executed_le_requested"":true,""fdir_never_increases_power"":true,""finite_state"":true,""housekeeping_priority"":true,""no_hidden_clipping"":true,""soc_within_bounds"":true}","[""time_s"",""hot_mask"",""rng""]"
A0_CROSS_ENVIRONMENT_NOMINAL_FEASIBLE,383254264.29484975,403535345.0035188,786789609.2983687,RSIM-001-smoke,0.0,0.0,16.758724233558382,1.0,-1.8737568098003976e-05,0.0018555283908439268,57387981.98477663,716000.0,E1_REPRESENTATIVE_ANALYTIC_LEO,7.527453229594017,5738.992815014798,970582855.5425459,29956.26097353537,b558f4b719248795e5e0a891e652af8af82d38935cddc2ecd8af0af0e3d4a781,,,0.7027479997532324,2bf50b710c5028c469736791796328ef22636056,0.7670968122394849,0.7670968122394849,0.9,SYSTEM_POWER_DEFICIT,1.876988790172618e-05,0.9,43200.0,10800.0,canonical_wrb_wall_clock,0.2,POWER_CONSTRAINED,TSM-01-v0.4.4-canonical-with-RSIM-wrapper-v1,40000.0,348.3336795263132,334.4570897824307,40000.0,b348f00169c885d3849e406bf8ee33c9e3461c493394179d38bcd5672eae6285,run,970582855.5425459,29956.26097353537,0d4c817838c7a9a05a5fd7d0d3b7fcdb8381ee89f679f3de7b54ea49ab69452a,rsim-001-smoke.1,non-authoritative representative architecture challenge; not attack or spacecraft validation,7,43200.0,1451993045.840408,3.095194642810384e-06,0,145.0,0.0,False,phase_shaped_candidate,W5 — phase-shaped adversarial candidate,"[""E1 is a fixed-wall-clock representative environment challenge, not a periodic/steady-state result"",""E1 radiator incidence and Earth-view factors are ASSUMED_EXPLORATORY"",""E1 albedo is a bounded analytic approximation, not a flight environment model"",""battery initialization-domination diagnostic flagged""]","{""battery_never_creates_energy"":true,""electrical_balance_closes"":true,""executed_le_design"":true,""executed_le_requested"":true,""fdir_never_increases_power"":true,""finite_state"":true,""housekeeping_priority"":true,""initialization_domination_flag"":true,""no_hidden_clipping"":true,""soc_within_bounds"":true}","[""time_s"",""hot_mask"",""rng""]"
A0_CROSS_ENVIRONMENT_NOMINAL_FEASIBLE,383254264.29485,403535345.0035188,786789609.2983688,RSIM-001-smoke,2372421.9968462926,0.002444327120861962,16.626319355516557,1.0,-1.8525513951317407e-05,0.0018555283908439268,59760403.981622696,716000.0,E1_REPRESENTATIVE_ANALYTIC_LEO,7.527453229594017,5738.992815014798,968210433.5456996,29883.038072398136,dd293a0a4b594e5a8b11c24d37756d5a4601de9973d2e5cec74f2768c3c14317,RSIM canonical-derived monotone FDIR,30.0,0.7027479997532324,2bf50b710c5028c469736791796328ef22636056,0.7665261257165612,0.7670968122394849,0.9,SYSTEM_POWER_DEFICIT,1.855783375503961e-05,0.9,43200.0,10800.0,canonical_wrb_wall_clock,0.2,CLOSED_LOOP,TSM-01-v0.4.4-canonical-with-RSIM-wrapper-v1,40000.0,348.20127464827135,334.4192022496227,40000.0,b348f00169c885d3849e406bf8ee33c9e3461c493394179d38bcd5672eae6285,run,970582855.5425459,29956.26097353537,0d4c817838c7a9a05a5fd7d0d3b7fcdb8381ee89f679f3de7b54ea49ab69452a,rsim-001-smoke.1,non-authoritative representative architecture challenge; not attack or spacecraft validation,7,43200.0,1451993045.840408,3.091825419687666e-06,1,31.0,85.0,False,phase_shaped_candidate,W5 — phase-shaped adversarial candidate,"[""E1 is a fixed-wall-clock representative environment challenge, not a periodic/steady-state result"",""E1 radiator incidence and Earth-view factors are ASSUMED_EXPLORATORY"",""E1 albedo is a bounded analytic approximation, not a flight environment model"",""battery initialization-domination diagnostic flagged""]","{""battery_never_creates_energy"":true,""electrical_balance_closes"":true,""executed_le_design"":true,""executed_le_requested"":true,""fdir_never_increases_power"":true,""finite_state"":true,""housekeeping_priority"":true,""initialization_domination_flag"":true,""no_hidden_clipping"":true,""soc_within_bounds"":true}","[""time_s"",""hot_mask"",""rng""]"
A0_CROSS_ENVIRONMENT_NOMINAL_FEASIBLE,,,,RSIM-001-smoke,0.0,0.0,0.0,1.0,,,,,E0_CANONICAL,8.0,5400.0,970466173.2405306,29952.6596679176,50cba6d3f31726d86e2023a7723172a7eed45a5fb84941922617c53f53c09a66,,,,2bf50b710c5028c469736791796328ef22636056,0.62,0.62,,,,,43200.0,10800.0,canonical_wrb_wall_clock,,THERMAL_ONLY,TSM-01-v0.4.4-canonical-with-RSIM-wrapper-v1,29952.65966791761,324.0393599348871,313.4754788504062,29952.65966791761,f1e4e90f3f517362d1f0d86129448dbb51a9890353ed63ed0111bae36bf018af,run,970466173.2405306,29952.6596679176,f13862700d61d9ecf95b13f67aa4424fa8e64415f9efaf8c12c76d8dea91a277,rsim-001-smoke.1,non-authoritative representative architecture challenge; not attack or spacecraft validation,8,43200.0,,1.3811086319037713e-06,0,0.0,0.0,True,constant_reference,W0 — constant reference,[],"{""battery_never_creates_energy"":true,""electrical_balance_closes"":true,""executed_le_design"":true,""executed_le_requested"":true,""fdir_never_increases_power"":true,""finite_state"":true,""housekeeping_priority"":true,""no_hidden_clipping"":true,""soc_within_bounds"":true}","[""time_s"",""rng""]"
A0_CROSS_ENVIRONMENT_NOMINAL_FEASIBLE,483124214.17897093,552141959.0616164,1035266173.2405871,RSIM-001-smoke,0.0,0.0,0.0,1.0,4.378997255116701e-05,0.0019912931169563538,74779316.95031494,0.0,E0_CANONICAL,8.0,5400.0,970466173.2405306,29952.6596679176,50cba6d3f31726d86e2023a7723172a7eed45a5fb84941922617c53f53c09a66,,,0.2287395072196965,2bf50b710c5028c469736791796328ef22636056,0.62,0.62,0.9,,4.405103391036391e-05,0.9,43200.0,10800.0,canonical_wrb_wall_clock,0.2287395072196965,POWER_CONSTRAINED,TSM-01-v0.4.4-canonical-with-RSIM-wrapper-v1,29952.65966791761,324.0393599348871,313.4754788504062,29952.65966791761,f1e4e90f3f517362d1f0d86129448dbb51a9890353ed63ed0111bae36bf018af,run,970466173.2405306,29952.6596679176,f13862700d61d9ecf95b13f67aa4424fa8e64415f9efaf8c12c76d8dea91a277,rsim-001-smoke.1,non-authoritative representative architecture challenge; not attack or spacecraft validation,8,43200.0,1439151157.8947375,1.3811086319037713e-06,0,0.0,0.0,True,constant_reference,W0 — constant reference,[],"{""battery_never_creates_energy"":true,""electrical_balance_closes"":true,""executed_le_design"":true,""executed_le_requested"":true,""fdir_never_increases_power"":true,""finite_state"":true,""housekeeping_priority"":true,""initialization_domination_flag"":false,""no_hidden_clipping"":true,""soc_within_bounds"":true}","[""time_s"",""rng""]"
A0_CROSS_ENVIRONMENT_NOMINAL_FEASIBLE,483124214.17897093,552141959.0616164,1035266173.2405871,RSIM-001-smoke,0.0,0.0,0.0,1.0,4.378997255116701e-05,0.0019912931169563538,74779316.95031494,0.0,E0_CANONICAL,8.0,5400.0,970466173.2405306,29952.6596679176,50cba6d3f31726d86e2023a7723172a7eed45a5fb84941922617c53f53c09a66,RSIM canonical-derived monotone FDIR,30.0,0.2287395072196965,2bf50b710c5028c469736791796328ef22636056,0.62,0.62,0.9,,4.405103391036391e-05,0.9,43200.0,10800.0,canonical_wrb_wall_clock,0.2287395072196965,CLOSED_LOOP,TSM-01-v0.4.4-canonical-with-RSIM-wrapper-v1,29952.65966791761,324.0393599348871,313.4754788504062,29952.65966791761,f1e4e90f3f517362d1f0d86129448dbb51a9890353ed63ed0111bae36bf018af,run,970466173.2405306,29952.6596679176,f13862700d61d9ecf95b13f67aa4424fa8e64415f9efaf8c12c76d8dea91a277,rsim-001-smoke.1,non-authoritative representative architecture challenge; not attack or spacecraft validation,8,43200.0,1439151157.8947375,1.3811086319037713e-06,0,0.0,0.0,True,constant_reference,W0 — constant reference,[],"{""battery_never_creates_energy"":true,""electrical_balance_closes"":true,""executed_le_design"":true,""executed_le_requested"":true,""fdir_never_increases_power"":true,""finite_state"":true,""housekeeping_priority"":true,""initialization_domination_flag"":false,""no_hidden_clipping"":true,""soc_within_bounds"":true}","[""time_s"",""rng""]"
A0_CROSS_ENVIRONMENT_NOMINAL_FEASIBLE,,,,RSIM-001-smoke,0.0,0.0,0.0,1.0,,,,,E1_REPRESENTATIVE_ANALYTIC_LEO,7.527453229594017,5738.992815014798,970466173.2405306,29952.6596679176,50cba6d3f31726d86e2023a7723172a7eed45a5fb84941922617c53f53c09a66,,,,2bf50b710c5028c469736791796328ef22636056,0.6325617283950618,0.6325617283950618,,,,,43200.0,10800.0,canonical_wrb_wall_clock,,THERMAL_ONLY,TSM-01-v0.4.4-canonical-with-RSIM-wrapper-v1,29952.65966791761,331.5679472408632,320.9566934012536,29952.65966791761,b348f00169c885d3849e406bf8ee33c9e3461c493394179d38bcd5672eae6285,run,970466173.2405306,29952.6596679176,f13862700d61d9ecf95b13f67aa4424fa8e64415f9efaf8c12c76d8dea91a277,rsim-001-smoke.1,non-authoritative representative architecture challenge; not attack or spacecraft validation,8,43200.0,,4.855743554799119e-06,0,0.0,0.0,True,constant_reference,W0 — constant reference,"[""E1 is a fixed-wall-clock representative environment challenge, not a periodic/steady-state result"",""E1 radiator incidence and Earth-view factors are ASSUMED_EXPLORATORY"",""E1 albedo is a bounded analytic approximation, not a flight environment model""]","{""battery_never_creates_energy"":true,""electrical_balance_closes"":true,""executed_le_design"":true,""executed_le_requested"":true,""fdir_never_increases_power"":true,""finite_state"":true,""housekeeping_priority"":true,""no_hidden_clipping"":true,""soc_within_bounds"":true}","[""time_s"",""rng""]"
A0_CROSS_ENVIRONMENT_NOMINAL_FEASIBLE,502901228.79447985,544103342.5767403,1047004571.3712201,RSIM-001-smoke,0.0,0.0,0.0,1.0,4.293318488635123e-05,0.0019960963884171484,59166609.11376486,0.0,E1_REPRESENTATIVE_ANALYTIC_LEO,7.527453229594017,5738.992815014798,970466173.2405306,29952.6596679176,50cba6d3f31726d86e2023a7723172a7eed45a5fb84941922617c53f53c09a66,,,0.49927187930999756,2bf50b710c5028c469736791796328ef22636056,0.6325617283950618,0.6325617283950618,0.9,,4.293318488635123e-05,0.9,43200.0,10800.0,canonical_wrb_wall_clock,0.20126100751524223,POWER_CONSTRAINED,TSM-01-v0.4.4-canonical-with-RSIM-wrapper-v1,29952.65966791761,331.5679472408632,320.9566934012536,29952.65966791761,b348f00169c885d3849e406bf8ee33c9e3461c493394179d38bcd5672eae6285,run,970466173.2405306,29952.6596679176,f13862700d61d9ecf95b13f67aa4424fa8e64415f9efaf8c12c76d8dea91a277,rsim-001-smoke.1,non-authoritative representative architecture challenge; not attack or spacecraft validation,8,43200.0,1451993045.840408,4.855743554799119e-06,0,0.0,0.0,True,constant_reference,W0 — constant reference,"[""E1 is a fixed-wall-clock representative environment challenge, not a periodic/steady-state result"",""E1 radiator incidence and Earth-view factors are ASSUMED_EXPLORATORY"",""E1 albedo is a bounded analytic approximation, not a flight environment model""]","{""battery_never_creates_energy"":true,""electrical_balance_closes"":true,""executed_le_design"":true,""executed_le_requested"":true,""fdir_never_increases_power"":true,""finite_state"":true,""housekeeping_priority"":true,""initialization_domination_flag"":false,""no_hidden_clipping"":true,""soc_within_bounds"":true}","[""time_s"",""rng""]"
A0_CROSS_ENVIRONMENT_NOMINAL_FEASIBLE,502901228.79447985,544103342.5767403,1047004571.3712201,RSIM-001-smoke,0.0,0.0,0.0,1.0,4.293318488635123e-05,0.0019960963884171484,59166609.11376486,0.0,E1_REPRESENTATIVE_ANALYTIC_LEO,7.527453229594017,5738.992815014798,970466173.2405306,29952.6596679176,50cba6d3f31726d86e2023a7723172a7eed45a5fb84941922617c53f53c09a66,RSIM canonical-derived monotone FDIR,30.0,0.49927187930999756,2bf50b710c5028c469736791796328ef22636056,0.6325617283950618,0.6325617283950618,0.9,,4.293318488635123e-05,0.9,43200.0,10800.0,canonical_wrb_wall_clock,0.20126100751524223,CLOSED_LOOP,TSM-01-v0.4.4-canonical-with-RSIM-wrapper-v1,29952.65966791761,331.5679472408632,320.9566934012536,29952.65966791761,b348f00169c885d3849e406bf8ee33c9e3461c493394179d38bcd5672eae6285,run,970466173.2405306,29952.6596679176,f13862700d61d9ecf95b13f67aa4424fa8e64415f9efaf8c12c76d8dea91a277,rsim-001-smoke.1,non-authoritative representative architecture challenge; not attack or spacecraft validation,8,43200.0,1451993045.840408,4.855743554799119e-06,0,0.0,0.0,True,constant_reference,W0 — constant reference,"[""E1 is a fixed-wall-clock representative environment challenge, not a periodic/steady-state result"",""E1 radiator incidence and Earth-view factors are ASSUMED_EXPLORATORY"",""E1 albedo is a bounded analytic approximation, not a flight environment model""]","{""battery_never_creates_energy"":true,""electrical_balance_closes"":true,""executed_le_design"":true,""executed_le_requested"":true,""fdir_never_increases_power"":true,""finite_state"":true,""housekeeping_priority"":true,""initialization_domination_flag"":false,""no_hidden_clipping"":true,""soc_within_bounds"":true}","[""time_s"",""rng""]"
A0_CROSS_ENVIRONMENT_NOMINAL_FEASIBLE,,,,RSIM-001-smoke,0.0,0.0,1.8675938499299605,1.0,,,,,E0_CANONICAL,8.0,5400.0,970466173.2405306,29952.65966791761,b1557509c125d0eb4a1b082a1d552ae93607f7ad404dd118860b51025c00081a,,,,2bf50b710c5028c469736791796328ef22636056,0.6214942686048643,0.6214942686048643,,,,,43200.0,10800.0,canonical_wrb_wall_clock,,THERMAL_ONLY,TSM-01-v0.4.4-canonical-with-RSIM-wrapper-v1,37159.32490663101,325.90695378481706,315.0051030137396,37159.32490663101,f1e4e90f3f517362d1f0d86129448dbb51a9890353ed63ed0111bae36bf018af,run,970466173.2405306,29952.65966791761,37306e4c9e69ca42e2df2172e6fcd9e984f7d1205d927fafc8e9154d5c2f7deb,rsim-001-smoke.1,non-authoritative representative architecture challenge; not attack or spacecraft validation,8,43200.0,,-1.0104990906256717e-06,0,0.0,0.0,True,diversified_stochastic,W1 — diversified stochastic,[],"{""battery_never_creates_energy"":true,""electrical_balance_closes"":true,""executed_le_design"":true,""executed_le_requested"":true,""fdir_never_increases_power"":true,""finite_state"":true,""housekeeping_priority"":true,""no_hidden_clipping"":true,""soc_within_bounds"":true}","[""time_s"",""rng""]"
A0_CROSS_ENVIRONMENT_NOMINAL_FEASIBLE,483746929.88396925,552809609.427391,1036556539.3113602,RSIM-001-smoke,0.0,0.0,1.8675938499299605,1.0,-1.6491798305651173e-05,0.0019919607673221287,73025449.52596617,0.0,E0_CANONICAL,8.0,5400.0,970466173.2405306,29952.65966791761,b1557509c125d0eb4a1b082a1d552ae93607f7ad404dd118860b51025c00081a,,,0.2283024766771116,2bf50b710c5028c469736791796328ef22636056,0.6214942686048643,0.6214942686048643,0.9,,1.6602029063506052e-05,0.9,43200.0,10800.0,canonical_wrb_wall_clock,0.20741254985907773,POWER_CONSTRAINED,TSM-01-v0.4.4-canonical-with-RSIM-wrapper-v1,37159.32490663101,325.90695378481706,315.0051030137396,37159.32490663101,f1e4e90f3f517362d1f0d86129448dbb51a9890353ed63ed0111bae36bf018af,run,970466173.2405306,29952.65966791761,37306e4c9e69ca42e2df2172e6fcd9e984f7d1205d927fafc8e9154d5c2f7deb,rsim-001-smoke.1,non-authoritative representative architecture challenge; not attack or spacecraft validation,8,43200.0,1439151157.8947375,-1.0104990906256717e-06,0,0.0,0.0,True,diversified_stochastic,W1 — diversified stochastic,[],"{""battery_never_creates_energy"":true,""electrical_balance_closes"":true,""executed_le_design"":true,""executed_le_requested"":true,""fdir_never_increases_power"":true,""finite_state"":true,""housekeeping_priority"":true,""initialization_domination_flag"":false,""no_hidden_clipping"":true,""soc_within_bounds"":true}","[""time_s"",""rng""]"
A0_CROSS_ENVIRONMENT_NOMINAL_FEASIBLE,483746929.88396925,552809609.427391,1036556539.3113602,RSIM-001-smoke,0.0,0.0,1.8675938499299605,1.0,-1.6491798305651173e-05,0.0019919607673221287,73025449.52596617,0.0,E0_CANONICAL,8.0,5400.0,970466173.2405306,29952.65966791761,b1557509c125d0eb4a1b082a1d552ae93607f7ad404dd118860b51025c00081a,RSIM canonical-derived monotone FDIR,30.0,0.2283024766771116,2bf50b710c5028c469736791796328ef22636056,0.6214942686048643,0.6214942686048643,0.9,,1.6602029063506052e-05,0.9,43200.0,10800.0,canonical_wrb_wall_clock,0.20741254985907773,CLOSED_LOOP,TSM-01-v0.4.4-canonical-with-RSIM-wrapper-v1,37159.32490663101,325.90695378481706,315.0051030137396,37159.32490663101,f1e4e90f3f517362d1f0d86129448dbb51a9890353ed63ed0111bae36bf018af,run,970466173.2405306,29952.65966791761,37306e4c9e69ca42e2df2172e6fcd9e984f7d1205d927fafc8e9154d5c2f7deb,rsim-001-smoke.1,non-authoritative representative architecture challenge; not attack or spacecraft validation,8,43200.0,1439151157.8947375,-1.0104990906256717e-06,0,0.0,0.0,True,diversified_stochastic,W1 — diversified stochastic,[],"{""battery_never_creates_energy"":true,""electrical_balance_closes"":true,""executed_le_design"":true,""executed_le_requested"":true,""fdir_never_increases_power"":true,""finite_state"":true,""housekeeping_priority"":true,""initialization_domination_flag"":false,""no_hidden_clipping"":true,""soc_within_bounds"":true}","[""time_s"",""rng""]"
A0_CROSS_ENVIRONMENT_NOMINAL_FEASIBLE,,,,RSIM-001-smoke,0.0,0.0,1.9105510385600155,1.0,,,,,E1_REPRESENTATIVE_ANALYTIC_LEO,7.527453229594017,5738.992815014798,970466173.2405306,29952.65966791761,b1557509c125d0eb4a1b082a1d552ae93607f7ad404dd118860b51025c00081a,,,,2bf50b710c5028c469736791796328ef22636056,0.6332886976690164,0.6332886976690164,,,,,43200.0,10800.0,canonical_wrb_wall_clock,,THERMAL_ONLY,TSM-01-v0.4.4-canonical-with-RSIM-wrapper-v1,37159.32490663101,333.4784982794232,322.51341016113116,37159.32490663101,b348f00169c885d3849e406bf8ee33c9e3461c493394179d38bcd5672eae6285,run,970466173.2405306,29952.65966791761,37306e4c9e69ca42e2df2172e6fcd9e984f7d1205d927fafc8e9154d5c2f7deb,rsim-001-smoke.1,non-authoritative representative architecture challenge; not attack or spacecraft validation,8,43200.0,,5.885840437258594e-08,0,0.0,0.0,True,diversified_stochastic,W1 — diversified stochastic,"[""E1 is a fixed-wall-clock representative environment challenge, not a periodic/steady-state result"",""E1 radiator incidence and Earth-view factors are ASSUMED_EXPLORATORY"",""E1 albedo is a bounded analytic approximation, not a flight environment model""]","{""battery_never_creates_energy"":true,""electrical_balance_closes"":true,""executed_le_design"":true,""executed_le_requested"":true,""fdir_never_increases_power"":true,""finite_state"":true,""housekeeping_priority"":true,""no_hidden_clipping"":true,""soc_within_bounds"":true}","[""time_s"",""rng""]"
A0_CROSS_ENVIRONMENT_NOMINAL_FEASIBLE,500813119.00619674,540366161.3441346,1041179280.3503313,RSIM-001-smoke,2287761.0467614774,0.002357383605780203,1.9105478191315797,1.0,-1.5333262126659974e-05,0.0019923592071845425,59701281.551633075,202000.0,E1_REPRESENTATIVE_ANALYTIC_LEO,7.527453229594017,5738.992815014798,968178412.1937691,29882.04975906695,f125fcb1b566b5b6bc256948b4bf665190ee92f3b01f1b20df8b42cc571b7ad0,,,0.5153106025726353,2bf50b710c5028c469736791796328ef22636056,0.6347851297270279,0.6332886976690164,0.9,SYSTEM_POWER_DEFICIT,1.5350360627053306e-05,0.9,43200.0,10800.0,canonical_wrb_wall_clock,0.2,POWER_CONSTRAINED,TSM-01-v0.4.4-canonical-with-RSIM-wrapper-v1,37159.32490663101,333.47849505999477,322.51340740596186,37159.32490663101,b348f00169c885d3849e406bf8ee33c9e3461c493394179d38bcd5672eae6285,run,970466173.2405306,29952.65966791761,37306e4c9e69ca42e2df2172e6fcd9e984f7d1205d927fafc8e9154d5c2f7deb,rsim-001-smoke.1,non-authoritative representative architecture challenge; not attack or spacecraft validation,8,43200.0,1451993045.840408,-8.562183211324736e-07,0,0.0,0.0,False,diversified_stochastic,W1 — diversified stochastic,"[""E1 is a fixed-wall-clock representative environment challenge, not a periodic/steady-state result"",""E1 radiator incidence and Earth-view factors are ASSUMED_EXPLORATORY"",""E1 albedo is a bounded analytic approximation, not a flight environment model"",""battery initialization-domination diagnostic flagged""]","{""battery_never_creates_energy"":true,""electrical_balance_closes"":true,""executed_le_design"":true,""executed_le_requested"":true,""fdir_never_increases_power"":true,""finite_state"":true,""housekeeping_priority"":true,""initialization_domination_flag"":true,""no_hidden_clipping"":true,""soc_within_bounds"":true}","[""time_s"",""rng""]"
A0_CROSS_ENVIRONMENT_NOMINAL_FEASIBLE,500813119.00619674,540366161.3441346,1041179280.3503313,RSIM-001-smoke,2287761.0467614774,0.002357383605780203,1.9105478191315797,1.0,-1.5333262126659974e-05,0.0019923592071845425,59701281.551633075,202000.0,E1_REPRESENTATIVE_ANALYTIC_LEO,7.527453229594017,5738.992815014798,968178412.1937691,29882.04975906695,f125fcb1b566b5b6bc256948b4bf665190ee92f3b01f1b20df8b42cc571b7ad0,RSIM canonical-derived monotone FDIR,30.0,0.5153106025726353,2bf50b710c5028c469736791796328ef22636056,0.6347851297270279,0.6332886976690164,0.9,SYSTEM_POWER_DEFICIT,1.5350360627053306e-05,0.9,43200.0,10800.0,canonical_wrb_wall_clock,0.2,CLOSED_LOOP,TSM-01-v0.4.4-canonical-with-RSIM-wrapper-v1,37159.32490663101,333.47849505999477,322.51340740596186,37159.32490663101,b348f00169c885d3849e406bf8ee33c9e3461c493394179d38bcd5672eae6285,run,970466173.2405306,29952.65966791761,37306e4c9e69ca42e2df2172e6fcd9e984f7d1205d927fafc8e9154d5c2f7deb,rsim-001-smoke.1,non-authoritative representative architecture challenge; not attack or spacecraft validation,8,43200.0,1451993045.840408,-8.562183211324736e-07,0,0.0,0.0,False,diversified_stochastic,W1 — diversified stochastic,"[""E1 is a fixed-wall-clock representative environment challenge, not a periodic/steady-state result"",""E1 radiator incidence and Earth-view factors are ASSUMED_EXPLORATORY"",""E1 albedo is a bounded analytic approximation, not a flight environment model"",""battery initialization-domination diagnostic flagged""]","{""battery_never_creates_energy"":true,""electrical_balance_closes"":true,""executed_le_design"":true,""executed_le_requested"":true,""fdir_never_increases_power"":true,""finite_state"":true,""housekeeping_priority"":true,""initialization_domination_flag"":true,""no_hidden_clipping"":true,""soc_within_bounds"":true}","[""time_s"",""rng""]"
A0_CROSS_ENVIRONMENT_NOMINAL_FEASIBLE,,,,RSIM-001-smoke,0.0,0.0,8.102248035543198,1.0,,,,,E0_CANONICAL,8.0,5400.0,970466173.2405306,29952.659667917615,f1b9cf2f1f1ffe2025e678bd53602b81f6696f988f38753a1d100be4df67196a,,,,2bf50b710c5028c469736791796328ef22636056,0.6332018096461041,0.6332018096461041,,,,,43200.0,10800.0,canonical_wrb_wall_clock,,THERMAL_ONLY,TSM-01-v0.4.4-canonical-with-RSIM-wrapper-v1,40000.0,332.1416079704303,319.6237377550037,40000.0,f1e4e90f3f517362d1f0d86129448dbb51a9890353ed63ed0111bae36bf018af,run,970466173.2405306,29952.659667917615,d25c338bb34e51db323952745b770ee70d1e921d7b441a136124505790b148b0,rsim-001-smoke.1,non-authoritative representative architecture challenge; not attack or spacecraft validation,8,43200.0,,-1.5957220966811292e-07,0,0.0,0.0,True,bursty_benign,W2 — bursty benign,[],"{""battery_never_creates_energy"":true,""electrical_balance_closes"":true,""executed_le_design"":true,""executed_le_requested"":true,""fdir_never_increases_power"":true,""finite_state"":true,""housekeeping_priority"":true,""no_hidden_clipping"":true,""soc_within_bounds"":true}","[""time_s"",""rng""]"
A0_CROSS_ENVIRONMENT_NOMINAL_FEASIBLE,459606189.4896318,531578876.60218704,991185066.0918188,RSIM-001-smoke,6189828.851080952,0.006378201550716801,8.101756621965478,1.0,-1.739386425470002e-05,0.0019707300344969244,90585011.80371241,710000.0,E0_CANONICAL,8.0,5400.0,964276344.3894497,29761.61556757561,292bbb8a754b53ff8edabc294556e2384adfd3a0e6a71915c7024fe4fbab3b58,,,0.2,2bf50b710c5028c469736791796328ef22636056,0.6372664233356431,0.6332018096461041,0.9,SYSTEM_POWER_DEFICIT,1.7459082300774753e-05,0.9,43200.0,10800.0,canonical_wrb_wall_clock,0.2,POWER_CONSTRAINED,TSM-01-v0.4.4-canonical-with-RSIM-wrapper-v1,40000.0,332.1411165568526,319.62327963089757,40000.0,f1e4e90f3f517362d1f0d86129448dbb51a9890353ed63ed0111bae36bf018af,run,970466173.2405306,29952.659667917615,d25c338bb34e51db323952745b770ee70d1e921d7b441a136124505790b148b0,rsim-001-smoke.1,non-authoritative representative architecture challenge; not attack or spacecraft validation,8,43200.0,1439151157.8947375,5.267725100566167e-07,0,0.0,0.0,False,bursty_benign,W2 — bursty benign,"[""battery initialization-domination diagnostic flagged""]","{""battery_never_creates_energy"":true,""electrical_balance_closes"":true,""executed_le_design"":true,""executed_le_requested"":true,""fdir_never_increases_power"":true,""finite_state"":true,""housekeeping_priority"":true,""initialization_domination_flag"":true,""no_hidden_clipping"":true,""soc_within_bounds"":true}","[""time_s"",""rng""]"
A0_CROSS_ENVIRONMENT_NOMINAL_FEASIBLE,459606189.4896318,531578876.60218704,991185066.0918188,RSIM-001-smoke,6189828.851080952,0.006378201550716801,8.101756621965478,1.0,-1.739386425470002e-05,0.0019707300344969244,90585011.80371241,710000.0,E0_CANONICAL,8.0,5400.0,964276344.3894497,29761.61556757561,292bbb8a754b53ff8edabc294556e2384adfd3a0e6a71915c7024fe4fbab3b58,RSIM canonical-derived monotone FDIR,30.0,0.2,2bf50b710c5028c469736791796328ef22636056,0.6372664233356431,0.6332018096461041,0.9,SYSTEM_POWER_DEFICIT,1.7459082300774753e-05,0.9,43200.0,10800.0,canonical_wrb_wall_clock,0.2,CLOSED_LOOP,TSM-01-v0.4.4-canonical-with-RSIM-wrapper-v1,40000.0,332.1411165568526,319.62327963089757,40000.0,f1e4e90f3f517362d1f0d86129448dbb51a9890353ed63ed0111bae36bf018af,run,970466173.2405306,29952.659667917615,d25c338bb34e51db323952745b770ee70d1e921d7b441a136124505790b148b0,rsim-001-smoke.1,non-authoritative representative architecture challenge; not attack or spacecraft validation,8,43200.0,1439151157.8947375,5.267725100566167e-07,0,0.0,0.0,False,bursty_benign,W2 — bursty benign,"[""battery initialization-domination diagnostic flagged""]","{""battery_never_creates_energy"":true,""electrical_balance_closes"":true,""executed_le_design"":true,""executed_le_requested"":true,""fdir_never_increases_power"":true,""finite_state"":true,""housekeeping_priority"":true,""initialization_domination_flag"":true,""no_hidden_clipping"":true,""soc_within_bounds"":true}","[""time_s"",""rng""]"
A0_CROSS_ENVIRONMENT_NOMINAL_FEASIBLE,,,,RSIM-001-smoke,0.0,0.0,7.724714893533758,1.0,,,,,E1_REPRESENTATIVE_ANALYTIC_LEO,7.527453229594017,5738.992815014798,970466173.2405306,29952.659667917615,f1b9cf2f1f1ffe2025e678bd53602b81f6696f988f38753a1d100be4df67196a,,,,2bf50b710c5028c469736791796328ef22636056,0.6415317659368084,0.6415317659368084,,,,,43200.0,10800.0,canonical_wrb_wall_clock,,THERMAL_ONLY,TSM-01-v0.4.4-canonical-with-RSIM-wrapper-v1,40000.0,339.29266213439695,326.64452820946093,40000.0,b348f00169c885d3849e406bf8ee33c9e3461c493394179d38bcd5672eae6285,run,970466173.2405306,29952.659667917615,d25c338bb34e51db323952745b770ee70d1e921d7b441a136124505790b148b0,rsim-001-smoke.1,non-authoritative representative architecture challenge; not attack or spacecraft validation,8,43200.0,,-2.480353032296989e-06,0,0.0,0.0,True,bursty_benign,W2 — bursty benign,"[""E1 is a fixed-wall-clock representative environment challenge, not a periodic/steady-state result"",""E1 radiator incidence and Earth-view factors are ASSUMED_EXPLORATORY"",""E1 albedo is a bounded analytic approximation, not a flight environment model""]","{""battery_never_creates_energy"":true,""electrical_balance_closes"":true,""executed_le_design"":true,""executed_le_requested"":true,""fdir_never_increases_power"":true,""finite_state"":true,""housekeeping_priority"":true,""no_hidden_clipping"":true,""soc_within_bounds"":true}","[""time_s"",""rng""]"
A0_CROSS_ENVIRONMENT_NOMINAL_FEASIBLE,485231469.50273895,528107668.6984407,1013339138.2011795,RSIM-001-smoke,4021639.729879221,0.004144028757283078,6.9448716061008895,1.0,-1.6001720723579638e-05,0.001980100714538849,72838103.58925834,710000.0,E1_REPRESENTATIVE_ANALYTIC_LEO,7.527453229594017,5738.992815014798,966444533.5106515,29828.534984896647,fc09f30afada6948c41d5e8ac619f10c62bc70ada3965d28d90928d5ad1f6d1b,,,0.4829898723934743,2bf50b710c5028c469736791796328ef22636056,0.6442013548768989,0.6415317659368084,0.9,SYSTEM_POWER_DEFICIT,1.6001720723579638e-05,0.9,43200.0,10800.0,canonical_wrb_wall_clock,0.2,POWER_CONSTRAINED,TSM-01-v0.4.4-canonical-with-RSIM-wrapper-v1,40000.0,338.5128188469641,325.9835237288861,40000.0,b348f00169c885d3849e406bf8ee33c9e3461c493394179d38bcd5672eae6285,run,970466173.2405306,29952.659667917615,d25c338bb34e51db323952745b770ee70d1e921d7b441a136124505790b148b0,rsim-001-smoke.1,non-authoritative representative architecture challenge; not attack or spacecraft validation,8,43200.0,1451993045.840408,-1.4661645764135756e-06,0,0.0,0.0,False,bursty_benign,W2 — bursty benign,"[""E1 is a fixed-wall-clock representative environment challenge, not a periodic/steady-state result"",""E1 radiator incidence and Earth-view factors are ASSUMED_EXPLORATORY"",""E1 albedo is a bounded analytic approximation, not a flight environment model"",""battery initialization-domination diagnostic flagged""]","{""battery_never_creates_energy"":true,""electrical_balance_closes"":true,""executed_le_design"":true,""executed_le_requested"":true,""fdir_never_increases_power"":true,""finite_state"":true,""housekeeping_priority"":true,""initialization_domination_flag"":true,""no_hidden_clipping"":true,""soc_within_bounds"":true}","[""time_s"",""rng""]"
A0_CROSS_ENVIRONMENT_NOMINAL_FEASIBLE,485231469.50273895,528107668.6984407,1013339138.2011795,RSIM-001-smoke,4021639.729879221,0.004144028757283078,6.9448716061008895,1.0,-1.6001720723579638e-05,0.001980100714538849,72838103.58925834,710000.0,E1_REPRESENTATIVE_ANALYTIC_LEO,7.527453229594017,5738.992815014798,966444533.5106515,29828.534984896647,fc09f30afada6948c41d5e8ac619f10c62bc70ada3965d28d90928d5ad1f6d1b,RSIM canonical-derived monotone FDIR,30.0,0.4829898723934743,2bf50b710c5028c469736791796328ef22636056,0.6442013548768989,0.6415317659368084,0.9,SYSTEM_POWER_DEFICIT,1.6001720723579638e-05,0.9,43200.0,10800.0,canonical_wrb_wall_clock,0.2,CLOSED_LOOP,TSM-01-v0.4.4-canonical-with-RSIM-wrapper-v1,40000.0,338.5128188469641,325.9835237288861,40000.0,b348f00169c885d3849e406bf8ee33c9e3461c493394179d38bcd5672eae6285,run,970466173.2405306,29952.659667917615,d25c338bb34e51db323952745b770ee70d1e921d7b441a136124505790b148b0,rsim-001-smoke.1,non-authoritative representative architecture challenge; not attack or spacecraft validation,8,43200.0,1451993045.840408,-1.4661645764135756e-06,0,0.0,0.0,False,bursty_benign,W2 — bursty benign,"[""E1 is a fixed-wall-clock representative environment challenge, not a periodic/steady-state result"",""E1 radiator incidence and Earth-view factors are ASSUMED_EXPLORATORY"",""E1 albedo is a bounded analytic approximation, not a flight environment model"",""battery initialization-domination diagnostic flagged""]","{""battery_never_creates_energy"":true,""electrical_balance_closes"":true,""executed_le_design"":true,""executed_le_requested"":true,""fdir_never_increases_power"":true,""finite_state"":true,""housekeeping_priority"":true,""initialization_domination_flag"":true,""no_hidden_clipping"":true,""soc_within_bounds"":true}","[""time_s"",""rng""]"
A0_CROSS_ENVIRONMENT_NOMINAL_FEASIBLE,,,,RSIM-001-smoke,0.0,0.0,9.793150281678436,1.0,,,,,E0_CANONICAL,8.0,5400.0,970466173.2405306,29952.659667917607,6eadc6dd0f02678cbf50d3c025eba7a135b207a7ba30fbf8bfa0a716c7e1ea43,,,,2bf50b710c5028c469736791796328ef22636056,0.6345881287134493,0.6345881287134493,,,,,43200.0,10800.0,canonical_wrb_wall_clock,,THERMAL_ONLY,TSM-01-v0.4.4-canonical-with-RSIM-wrapper-v1,39874.46400832341,333.83251021656554,321.2100424714458,39874.46400832341,f1e4e90f3f517362d1f0d86129448dbb51a9890353ed63ed0111bae36bf018af,run,970466173.2405306,29952.659667917607,534ccdbab43a4f97a8b6278f9772477494672ba65afb8202960b2df912d335c5,rsim-001-smoke.1,non-authoritative representative architecture challenge; not attack or spacecraft validation,8,43200.0,,3.896525413438212e-07,0,0.0,0.0,True,queue_driven_benign,W3 — queue-driven benign,[],"{""battery_never_creates_energy"":true,""electrical_balance_closes"":true,""executed_le_design"":true,""executed_le_requested"":true,""fdir_never_increases_power"":true,""finite_state"":true,""housekeeping_priority"":true,""no_hidden_clipping"":true,""soc_within_bounds"":true}","[""time_s"",""rng""]"
A0_CROSS_ENVIRONMENT_NOMINAL_FEASIBLE,465105017.5928954,532934488.0756632,998039505.6685586,RSIM-001-smoke,2269758.061078062,0.0023388327421026978,9.793150281662236,1.0,2.462462407493149e-05,0.0019720856459704006,78189231.7566515,252000.0,E0_CANONICAL,8.0,5400.0,968196415.1794525,29882.605406773222,8fefee0f579502a500d6f0f8712c68e47f1ca4fe1684c94cd0a5d966248c49a1,,,0.24029655911395942,2bf50b710c5028c469736791796328ef22636056,0.636075803629437,0.6345881287134493,0.9,SYSTEM_POWER_DEFICIT,2.5804289180086926e-05,0.9,43200.0,10800.0,canonical_wrb_wall_clock,0.2,POWER_CONSTRAINED,TSM-01-v0.4.4-canonical-with-RSIM-wrapper-v1,39874.46400832341,333.83251021654934,321.2100424714319,39874.46400832341,f1e4e90f3f517362d1f0d86129448dbb51a9890353ed63ed0111bae36bf018af,run,970466173.2405306,29952.659667917607,534ccdbab43a4f97a8b6278f9772477494672ba65afb8202960b2df912d335c5,rsim-001-smoke.1,non-authoritative representative architecture challenge; not attack or spacecraft validation,8,43200.0,1439151157.8947375,-6.014820428390522e-07,0,0.0,0.0,False,queue_driven_benign,W3 — queue-driven benign,"[""battery initialization-domination diagnostic flagged""]","{""battery_never_creates_energy"":true,""electrical_balance_closes"":true,""executed_le_design"":true,""executed_le_requested"":true,""fdir_never_increases_power"":true,""finite_state"":true,""housekeeping_priority"":true,""initialization_domination_flag"":true,""no_hidden_clipping"":true,""soc_within_bounds"":true}","[""time_s"",""rng""]"
A0_CROSS_ENVIRONMENT_NOMINAL_FEASIBLE,465105017.5928954,532934488.0756632,998039505.6685586,RSIM-001-smoke,2269758.061078062,0.0023388327421026978,9.793150281662236,1.0,2.462462407493149e-05,0.0019720856459704006,78189231.7566515,252000.0,E0_CANONICAL,8.0,5400.0,968196415.1794525,29882.605406773222,8fefee0f579502a500d6f0f8712c68e47f1ca4fe1684c94cd0a5d966248c49a1,RSIM canonical-derived monotone FDIR,30.0,0.24029655911395942,2bf50b710c5028c469736791796328ef22636056,0.636075803629437,0.6345881287134493,0.9,SYSTEM_POWER_DEFICIT,2.5804289180086926e-05,0.9,43200.0,10800.0,canonical_wrb_wall_clock,0.2,CLOSED_LOOP,TSM-01-v0.4.4-canonical-with-RSIM-wrapper-v1,39874.46400832341,333.83251021654934,321.2100424714319,39874.46400832341,f1e4e90f3f517362d1f0d86129448dbb51a9890353ed63ed0111bae36bf018af,run,970466173.2405306,29952.659667917607,534ccdbab43a4f97a8b6278f9772477494672ba65afb8202960b2df912d335c5,rsim-001-smoke.1,non-authoritative representative architecture challenge; not attack or spacecraft validation,8,43200.0,1439151157.8947375,-6.014820428390522e-07,0,0.0,0.0,False,queue_driven_benign,W3 — queue-driven benign,"[""battery initialization-domination diagnostic flagged""]","{""battery_never_creates_energy"":true,""electrical_balance_closes"":true,""executed_le_design"":true,""executed_le_requested"":true,""fdir_never_increases_power"":true,""finite_state"":true,""housekeeping_priority"":true,""initialization_domination_flag"":true,""no_hidden_clipping"":true,""soc_within_bounds"":true}","[""time_s"",""rng""]"
A0_CROSS_ENVIRONMENT_NOMINAL_FEASIBLE,,,,RSIM-001-smoke,0.0,0.0,9.860906508347398,1.0,,,,,E1_REPRESENTATIVE_ANALYTIC_LEO,7.527453229594017,5738.992815014798,970466173.2405306,29952.659667917607,6eadc6dd0f02678cbf50d3c025eba7a135b207a7ba30fbf8bfa0a716c7e1ea43,,,,2bf50b710c5028c469736791796328ef22636056,0.6577838440629588,0.6577838440629588,,,,,43200.0,10800.0,canonical_wrb_wall_clock,,THERMAL_ONLY,TSM-01-v0.4.4-canonical-with-RSIM-wrapper-v1,39874.46400832341,341.4288537492106,328.8823954826744,39874.46400832341,b348f00169c885d3849e406bf8ee33c9e3461c493394179d38bcd5672eae6285,run,970466173.2405306,29952.659667917607,534ccdbab43a4f97a8b6278f9772477494672ba65afb8202960b2df912d335c5,rsim-001-smoke.1,non-authoritative representative architecture challenge; not attack or spacecraft validation,8,43200.0,,-9.811196832743008e-07,0,0.0,0.0,True,queue_driven_benign,W3 — queue-driven benign,"[""E1 is a fixed-wall-clock representative environment challenge, not a periodic/steady-state result"",""E1 radiator incidence and Earth-view factors are ASSUMED_EXPLORATORY"",""E1 albedo is a bounded analytic approximation, not a flight environment model""]","{""battery_never_creates_energy"":true,""electrical_balance_closes"":true,""executed_le_design"":true,""executed_le_requested"":true,""fdir_never_increases_power"":true,""finite_state"":true,""housekeeping_priority"":true,""no_hidden_clipping"":true,""soc_within_bounds"":true}","[""time_s"",""rng""]"
A0_CROSS_ENVIRONMENT_NOMINAL_FEASIBLE,483477926.1708749,516712560.1436764,1000190486.3145514,RSIM-001-smoke,0.0,0.0,9.86090650827174,1.0,2.187423797295196e-05,0.0019687056059840844,53890892.58963117,164000.0,E1_REPRESENTATIVE_ANALYTIC_LEO,7.527453229594017,5738.992815014798,970466173.2405306,29952.659667917607,f1eb7a344cd8aac7f99e51eca20ac5cc365e764a8ca697dc1e0b9bd37c0b4f7d,,,0.5767628844452426,2bf50b710c5028c469736791796328ef22636056,0.6577838440629588,0.6577838440629588,0.9,SYSTEM_POWER_DEFICIT,2.5476043447270058e-05,0.9,43200.0,10800.0,canonical_wrb_wall_clock,0.2,POWER_CONSTRAINED,TSM-01-v0.4.4-canonical-with-RSIM-wrapper-v1,39874.46400832341,341.42885374913493,328.8823954825598,39874.46400832341,b348f00169c885d3849e406bf8ee33c9e3461c493394179d38bcd5672eae6285,run,970466173.2405306,29952.659667917607,534ccdbab43a4f97a8b6278f9772477494672ba65afb8202960b2df912d335c5,rsim-001-smoke.1,non-authoritative representative architecture challenge; not attack or spacecraft validation,8,43200.0,1451993045.840408,1.0173971531912684e-06,0,0.0,0.0,False,queue_driven_benign,W3 — queue-driven benign,"[""E1 is a fixed-wall-clock representative environment challenge, not a periodic/steady-state result"",""E1 radiator incidence and Earth-view factors are ASSUMED_EXPLORATORY"",""E1 albedo is a bounded analytic approximation, not a flight environment model"",""battery initialization-domination diagnostic flagged""]","{""battery_never_creates_energy"":true,""electrical_balance_closes"":true,""executed_le_design"":true,""executed_le_requested"":true,""fdir_never_increases_power"":true,""finite_state"":true,""housekeeping_priority"":true,""initialization_domination_flag"":true,""no_hidden_clipping"":true,""soc_within_bounds"":true}","[""time_s"",""rng""]"
A0_CROSS_ENVIRONMENT_NOMINAL_FEASIBLE,483477926.1708749,516712560.1436764,1000190486.3145514,RSIM-001-smoke,0.0,0.0,9.86090650827174,1.0,2.187423797295196e-05,0.0019687056059840844,53890892.58963117,164000.0,E1_REPRESENTATIVE_ANALYTIC_LEO,7.527453229594017,5738.992815014798,970466173.2405306,29952.659667917607,f1eb7a344cd8aac7f99e51eca20ac5cc365e764a8ca697dc1e0b9bd37c0b4f7d,RSIM canonical-derived monotone FDIR,30.0,0.5767628844452426,2bf50b710c5028c469736791796328ef22636056,0.6577838440629588,0.6577838440629588,0.9,SYSTEM_POWER_DEFICIT,2.5476043447270058e-05,0.9,43200.0,10800.0,canonical_wrb_wall_clock,0.2,CLOSED_LOOP,TSM-01-v0.4.4-canonical-with-RSIM-wrapper-v1,39874.46400832341,341.42885374913493,328.8823954825598,39874.46400832341,b348f00169c885d3849e406bf8ee33c9e3461c493394179d38bcd5672eae6285,run,970466173.2405306,29952.659667917607,534ccdbab43a4f97a8b6278f9772477494672ba65afb8202960b2df912d335c5,rsim-001-smoke.1,non-authoritative representative architecture challenge; not attack or spacecraft validation,8,43200.0,1451993045.840408,1.0173971531912684e-06,0,0.0,0.0,False,queue_driven_benign,W3 — queue-driven benign,"[""E1 is a fixed-wall-clock representative environment challenge, not a periodic/steady-state result"",""E1 radiator incidence and Earth-view factors are ASSUMED_EXPLORATORY"",""E1 albedo is a bounded analytic approximation, not a flight environment model"",""battery initialization-domination diagnostic flagged""]","{""battery_never_creates_energy"":true,""electrical_balance_closes"":true,""executed_le_design"":true,""executed_le_requested"":true,""fdir_never_increases_power"":true,""finite_state"":true,""housekeeping_priority"":true,""initialization_domination_flag"":true,""no_hidden_clipping"":true,""soc_within_bounds"":true}","[""time_s"",""rng""]"
A0_CROSS_ENVIRONMENT_NOMINAL_FEASIBLE,,,,RSIM-001-smoke,0.0,0.0,10.440838150680293,1.0,,,,,E0_CANONICAL,8.0,5400.0,970466173.2405306,29952.65966791761,b8a39f457474e9c02ea0b8d388cd9327b448b019e517d12ff1d9e8471061654d,,,,2bf50b710c5028c469736791796328ef22636056,0.6863300457597609,0.6863300457597609,,,,,43200.0,10800.0,canonical_wrb_wall_clock,,THERMAL_ONLY,TSM-01-v0.4.4-canonical-with-RSIM-wrapper-v1,39046.618531082044,334.4801980855674,322.1035826187242,39046.618531082044,f1e4e90f3f517362d1f0d86129448dbb51a9890353ed63ed0111bae36bf018af,run,970466173.2405306,29952.65966791761,060013d5060ec9e1dfb95047b206dc3da56f53d7db36c4d234d20b87189dcbc7,rsim-001-smoke.1,non-authoritative representative architecture challenge; not attack or spacecraft validation,8,43200.0,,-6.595969352929387e-07,0,0.0,0.0,True,power_aware_benign,W4 — power-aware benign,[],"{""battery_never_creates_energy"":true,""electrical_balance_closes"":true,""executed_le_design"":true,""executed_le_requested"":true,""fdir_never_increases_power"":true,""finite_state"":true,""housekeeping_priority"":true,""no_hidden_clipping"":true,""soc_within_bounds"":true}","[""time_s"",""power_availability"",""rng""]"
A0_CROSS_ENVIRONMENT_NOMINAL_FEASIBLE,389373759.53186506,447123616.9009353,836497376.4328003,RSIM-001-smoke,0.0,0.0,10.440838150680293,1.0,-4.230844206176698e-05,0.0018862747747956728,110297282.64018233,0.0,E0_CANONICAL,8.0,5400.0,970466173.2405306,29952.65966791761,b8a39f457474e9c02ea0b8d388cd9327b448b019e517d12ff1d9e8471061654d,,,0.3383299862747805,2bf50b710c5028c469736791796328ef22636056,0.6863300457597609,0.6863300457597609,0.9,,4.233972140355036e-05,0.9,43200.0,10800.0,canonical_wrb_wall_clock,0.3383299862747805,POWER_CONSTRAINED,TSM-01-v0.4.4-canonical-with-RSIM-wrapper-v1,39046.618531082044,334.4801980855674,322.1035826187242,39046.618531082044,f1e4e90f3f517362d1f0d86129448dbb51a9890353ed63ed0111bae36bf018af,run,970466173.2405306,29952.65966791761,060013d5060ec9e1dfb95047b206dc3da56f53d7db36c4d234d20b87189dcbc7,rsim-001-smoke.1,non-authoritative representative architecture challenge; not attack or spacecraft validation,8,43200.0,1439151157.8947375,-6.595969352929387e-07,0,0.0,0.0,True,power_aware_benign,W4 — power-aware benign,[],"{""battery_never_creates_energy"":true,""electrical_balance_closes"":true,""executed_le_design"":true,""executed_le_requested"":true,""fdir_never_increases_power"":true,""finite_state"":true,""housekeeping_priority"":true,""initialization_domination_flag"":false,""no_hidden_clipping"":true,""soc_within_bounds"":true}","[""time_s"",""power_availability"",""rng""]"
A0_CROSS_ENVIRONMENT_NOMINAL_FEASIBLE,389373759.53186506,447123616.9009353,836497376.4328003,RSIM-001-smoke,0.0,0.0,10.440838150680293,1.0,-4.230844206176698e-05,0.0018862747747956728,110297282.64018233,0.0,E0_CANONICAL,8.0,5400.0,970466173.2405306,29952.65966791761,b8a39f457474e9c02ea0b8d388cd9327b448b019e517d12ff1d9e8471061654d,RSIM canonical-derived monotone FDIR,30.0,0.3383299862747805,2bf50b710c5028c469736791796328ef22636056,0.6863300457597609,0.6863300457597609,0.9,,4.233972140355036e-05,0.9,43200.0,10800.0,canonical_wrb_wall_clock,0.3383299862747805,CLOSED_LOOP,TSM-01-v0.4.4-canonical-with-RSIM-wrapper-v1,39046.618531082044,334.4801980855674,322.1035826187242,39046.618531082044,f1e4e90f3f517362d1f0d86129448dbb51a9890353ed63ed0111bae36bf018af,run,970466173.2405306,29952.65966791761,060013d5060ec9e1dfb95047b206dc3da56f53d7db36c4d234d20b87189dcbc7,rsim-001-smoke.1,non-authoritative representative architecture challenge; not attack or spacecraft validation,8,43200.0,1439151157.8947375,-6.595969352929387e-07,0,0.0,0.0,True,power_aware_benign,W4 — power-aware benign,[],"{""battery_never_creates_energy"":true,""electrical_balance_closes"":true,""executed_le_design"":true,""executed_le_requested"":true,""fdir_never_increases_power"":true,""finite_state"":true,""housekeeping_priority"":true,""initialization_domination_flag"":false,""no_hidden_clipping"":true,""soc_within_bounds"":true}","[""time_s"",""power_availability"",""rng""]"
A0_CROSS_ENVIRONMENT_NOMINAL_FEASIBLE,,,,RSIM-001-smoke,0.0,0.0,10.14499227441911,1.0,,,,,E1_REPRESENTATIVE_ANALYTIC_LEO,7.527453229594017,5738.992815014798,970466173.2405306,29952.65966791761,b8a39f457474e9c02ea0b8d388cd9327b448b019e517d12ff1d9e8471061654d,,,,2bf50b710c5028c469736791796328ef22636056,0.6804236159113738,0.6804236159113738,,,,,43200.0,10800.0,canonical_wrb_wall_clock,,THERMAL_ONLY,TSM-01-v0.4.4-canonical-with-RSIM-wrapper-v1,39046.618531082044,341.7129395152823,329.15105527120704,39046.618531082044,b348f00169c885d3849e406bf8ee33c9e3461c493394179d38bcd5672eae6285,run,970466173.2405306,29952.65966791761,060013d5060ec9e1dfb95047b206dc3da56f53d7db36c4d234d20b87189dcbc7,rsim-001-smoke.1,non-authoritative representative architecture challenge; not attack or spacecraft validation,8,43200.0,,5.287029125611298e-08,0,0.0,0.0,True,power_aware_benign,W4 — power-aware benign,"[""E1 is a fixed-wall-clock representative environment challenge, not a periodic/steady-state result"",""E1 radiator incidence and Earth-view factors are ASSUMED_EXPLORATORY"",""E1 albedo is a bounded analytic approximation, not a flight environment model""]","{""battery_never_creates_energy"":true,""electrical_balance_closes"":true,""executed_le_design"":true,""executed_le_requested"":true,""fdir_never_increases_power"":true,""finite_state"":true,""housekeeping_priority"":true,""no_hidden_clipping"":true,""soc_within_bounds"":true}","[""time_s"",""power_availability"",""rng""]"
A0_CROSS_ENVIRONMENT_NOMINAL_FEASIBLE,462809490.9493295,493081190.79856324,955890681.7478927,RSIM-001-smoke,2069044.779750176,0.002132011230068255,10.144992274326682,1.0,-3.199746061000042e-05,0.0019450742366389712,95564582.87948966,488000.0,E1_REPRESENTATIVE_ANALYTIC_LEO,7.527453229594017,5738.992815014798,968397128.4607804,29888.8002611352,27cf94e35f14f27d6c27fa5fe7f62d4beb60aa7ad095ae1858044e4b9819ecb2,,,0.605580120117982,2bf50b710c5028c469736791796328ef22636056,0.6818773861561884,0.6804236159113738,0.9,SYSTEM_POWER_DEFICIT,3.203903906978667e-05,0.9,43200.0,10800.0,canonical_wrb_wall_clock,0.2,POWER_CONSTRAINED,TSM-01-v0.4.4-canonical-with-RSIM-wrapper-v1,39046.618531082044,341.7129395151899,329.1510552711278,39046.618531082044,b348f00169c885d3849e406bf8ee33c9e3461c493394179d38bcd5672eae6285,run,970466173.2405306,29952.65966791761,060013d5060ec9e1dfb95047b206dc3da56f53d7db36c4d234d20b87189dcbc7,rsim-001-smoke.1,non-authoritative representative architecture challenge; not attack or spacecraft validation,8,43200.0,1451993045.840408,1.6706735550542362e-06,0,0.0,0.0,False,power_aware_benign,W4 — power-aware benign,"[""E1 is a fixed-wall-clock representative environment challenge, not a periodic/steady-state result"",""E1 radiator incidence and Earth-view factors are ASSUMED_EXPLORATORY"",""E1 albedo is a bounded analytic approximation, not a flight environment model"",""battery initialization-domination diagnostic flagged""]","{""battery_never_creates_energy"":true,""electrical_balance_closes"":true,""executed_le_design"":true,""executed_le_requested"":true,""fdir_never_increases_power"":true,""finite_state"":true,""housekeeping_priority"":true,""initialization_domination_flag"":true,""no_hidden_clipping"":true,""soc_within_bounds"":true}","[""time_s"",""power_availability"",""rng""]"
A0_CROSS_ENVIRONMENT_NOMINAL_FEASIBLE,462809490.9493295,493081190.79856324,955890681.7478927,RSIM-001-smoke,2069044.779750176,0.002132011230068255,10.144992274326682,1.0,-3.199746061000042e-05,0.0019450742366389712,95564582.87948966,488000.0,E1_REPRESENTATIVE_ANALYTIC_LEO,7.527453229594017,5738.992815014798,968397128.4607804,29888.8002611352,27cf94e35f14f27d6c27fa5fe7f62d4beb60aa7ad095ae1858044e4b9819ecb2,RSIM canonical-derived monotone FDIR,30.0,0.605580120117982,2bf50b710c5028c469736791796328ef22636056,0.6818773861561884,0.6804236159113738,0.9,SYSTEM_POWER_DEFICIT,3.203903906978667e-05,0.9,43200.0,10800.0,canonical_wrb_wall_clock,0.2,CLOSED_LOOP,TSM-01-v0.4.4-canonical-with-RSIM-wrapper-v1,39046.618531082044,341.7129395151899,329.1510552711278,39046.618531082044,b348f00169c885d3849e406bf8ee33c9e3461c493394179d38bcd5672eae6285,run,970466173.2405306,29952.65966791761,060013d5060ec9e1dfb95047b206dc3da56f53d7db36c4d234d20b87189dcbc7,rsim-001-smoke.1,non-authoritative representative architecture challenge; not attack or spacecraft validation,8,43200.0,1451993045.840408,1.6706735550542362e-06,0,0.0,0.0,False,power_aware_benign,W4 — power-aware benign,"[""E1 is a fixed-wall-clock representative environment challenge, not a periodic/steady-state result"",""E1 radiator incidence and Earth-view factors are ASSUMED_EXPLORATORY"",""E1 albedo is a bounded analytic approximation, not a flight environment model"",""battery initialization-domination diagnostic flagged""]","{""battery_never_creates_energy"":true,""electrical_balance_closes"":true,""executed_le_design"":true,""executed_le_requested"":true,""fdir_never_increases_power"":true,""finite_state"":true,""housekeeping_priority"":true,""initialization_domination_flag"":true,""no_hidden_clipping"":true,""soc_within_bounds"":true}","[""time_s"",""power_availability"",""rng""]"
A0_CROSS_ENVIRONMENT_NOMINAL_FEASIBLE,,,,RSIM-001-smoke,0.0,0.0,17.38264674507917,1.0,,,,,E0_CANONICAL,8.0,5400.0,970466173.2405306,29952.65966791761,906e3d09c53d30e5b306d75a9920258d78ef3898ee921b0af32a58a8b997c155,,,,2bf50b710c5028c469736791796328ef22636056,0.8258984971750587,0.8258984971750587,,,,,43200.0,10800.0,canonical_wrb_wall_clock,,THERMAL_ONLY,TSM-01-v0.4.4-canonical-with-RSIM-wrapper-v1,40000.0,341.4220066799663,327.73406715909573,40000.0,f1e4e90f3f517362d1f0d86129448dbb51a9890353ed63ed0111bae36bf018af,run,970466173.2405306,29952.65966791761,b2e91cdfd9d8395c2ce753d013733c265fd74e8f89b630eb66f892851ef4621e,rsim-001-smoke.1,non-authoritative representative architecture challenge; not attack or spacecraft validation,8,43200.0,,2.645011591084767e-06,0,0.0,0.0,True,phase_shaped_candidate,W5 — phase-shaped adversarial candidate,[],"{""battery_never_creates_energy"":true,""electrical_balance_closes"":true,""executed_le_design"":true,""executed_le_requested"":true,""fdir_never_increases_power"":true,""finite_state"":true,""housekeeping_priority"":true,""no_hidden_clipping"":true,""soc_within_bounds"":true}","[""time_s"",""hot_mask"",""rng""]"
A0_CROSS_ENVIRONMENT_NOMINAL_FEASIBLE,237552346.78696394,271524274.5989395,509076621.38590336,RSIM-001-smoke,0.0,0.0,17.38264674507917,1.0,-4.1266443076892756e-05,0.0017106754324936768,66987494.021830216,0.0,E0_CANONICAL,8.0,5400.0,970466173.2405306,29952.65966791761,906e3d09c53d30e5b306d75a9920258d78ef3898ee921b0af32a58a8b997c155,,,0.5695920296651108,2bf50b710c5028c469736791796328ef22636056,0.8258984971750587,0.8258984971750587,0.9,,4.1588538806536235e-05,0.9,43200.0,10800.0,canonical_wrb_wall_clock,0.5695401687513252,POWER_CONSTRAINED,TSM-01-v0.4.4-canonical-with-RSIM-wrapper-v1,40000.0,341.4220066799663,327.73406715909573,40000.0,f1e4e90f3f517362d1f0d86129448dbb51a9890353ed63ed0111bae36bf018af,run,970466173.2405306,29952.65966791761,b2e91cdfd9d8395c2ce753d013733c265fd74e8f89b630eb66f892851ef4621e,rsim-001-smoke.1,non-authoritative representative architecture challenge; not attack or spacecraft validation,8,43200.0,1439151157.8947375,2.645011591084767e-06,0,0.0,0.0,True,phase_shaped_candidate,W5 — phase-shaped adversarial candidate,[],"{""battery_never_creates_energy"":true,""electrical_balance_closes"":true,""executed_le_design"":true,""executed_le_requested"":true,""fdir_never_increases_power"":true,""finite_state"":true,""housekeeping_priority"":true,""initialization_domination_flag"":false,""no_hidden_clipping"":true,""soc_within_bounds"":true}","[""time_s"",""hot_mask"",""rng""]"
A0_CROSS_ENVIRONMENT_NOMINAL_FEASIBLE,237552346.78696394,271524274.5989395,509076621.38590336,RSIM-001-smoke,0.0,0.0,17.38264674507917,1.0,-4.1266443076892756e-05,0.0017106754324936768,66987494.021830216,0.0,E0_CANONICAL,8.0,5400.0,970466173.2405306,29952.65966791761,906e3d09c53d30e5b306d75a9920258d78ef3898ee921b0af32a58a8b997c155,RSIM canonical-derived monotone FDIR,30.0,0.5695920296651108,2bf50b710c5028c469736791796328ef22636056,0.8258984971750587,0.8258984971750587,0.9,,4.1588538806536235e-05,0.9,43200.0,10800.0,canonical_wrb_wall_clock,0.5695401687513252,CLOSED_LOOP,TSM-01-v0.4.4-canonical-with-RSIM-wrapper-v1,40000.0,341.4220066799663,327.73406715909573,40000.0,f1e4e90f3f517362d1f0d86129448dbb51a9890353ed63ed0111bae36bf018af,run,970466173.2405306,29952.65966791761,b2e91cdfd9d8395c2ce753d013733c265fd74e8f89b630eb66f892851ef4621e,rsim-001-smoke.1,non-authoritative representative architecture challenge; not attack or spacecraft validation,8,43200.0,1439151157.8947375,2.645011591084767e-06,0,0.0,0.0,True,phase_shaped_candidate,W5 — phase-shaped adversarial candidate,[],"{""battery_never_creates_energy"":true,""electrical_balance_closes"":true,""executed_le_design"":true,""executed_le_requested"":true,""fdir_never_increases_power"":true,""finite_state"":true,""housekeeping_priority"":true,""initialization_domination_flag"":false,""no_hidden_clipping"":true,""soc_within_bounds"":true}","[""time_s"",""hot_mask"",""rng""]"
A0_CROSS_ENVIRONMENT_NOMINAL_FEASIBLE,,,,RSIM-001-smoke,0.0,0.0,16.76703997877206,1.0,,,,,E1_REPRESENTATIVE_ANALYTIC_LEO,7.527453229594017,5738.992815014798,970466173.2405306,29952.65966791761,906e3d09c53d30e5b306d75a9920258d78ef3898ee921b0af32a58a8b997c155,,,,2bf50b710c5028c469736791796328ef22636056,0.7671511073199543,0.7671511073199543,,,,,43200.0,10800.0,canonical_wrb_wall_clock,,THERMAL_ONLY,TSM-01-v0.4.4-canonical-with-RSIM-wrapper-v1,40000.0,348.33498721963525,334.4597587403552,40000.0,b348f00169c885d3849e406bf8ee33c9e3461c493394179d38bcd5672eae6285,run,970466173.2405306,29952.65966791761,b2e91cdfd9d8395c2ce753d013733c265fd74e8f89b630eb66f892851ef4621e,rsim-001-smoke.1,non-authoritative representative architecture challenge; not attack or spacecraft validation,8,43200.0,,-2.193581167375669e-06,0,148.0,0.0,True,phase_shaped_candidate,W5 — phase-shaped adversarial candidate,"[""E1 is a fixed-wall-clock representative environment challenge, not a periodic/steady-state result"",""E1 radiator incidence and Earth-view factors are ASSUMED_EXPLORATORY"",""E1 albedo is a bounded analytic approximation, not a flight environment model""]","{""battery_never_creates_energy"":true,""electrical_balance_closes"":true,""executed_le_design"":true,""executed_le_requested"":true,""fdir_never_increases_power"":true,""finite_state"":true,""housekeeping_priority"":true,""no_hidden_clipping"":true,""soc_within_bounds"":true}","[""time_s"",""hot_mask"",""rng""]"
A0_CROSS_ENVIRONMENT_NOMINAL_FEASIBLE,383162988.4149702,403440600.022962,786603588.4379323,RSIM-001-smoke,0.0,0.0,16.76703997877206,1.0,-1.8584963981993496e-05,0.0018554336458633698,57491803.59881553,716000.0,E1_REPRESENTATIVE_ANALYTIC_LEO,7.527453229594017,5738.992815014798,970466173.2405306,29952.65966791761,9e8b0121b4c25a970b14f57195a1a043cd22154f2f59f38fc0541bf786f42f21,,,0.7027817399201118,2bf50b710c5028c469736791796328ef22636056,0.7671511073199543,0.7671511073199543,0.9,SYSTEM_POWER_DEFICIT,1.8590493709780276e-05,0.9,43200.0,10800.0,canonical_wrb_wall_clock,0.2,POWER_CONSTRAINED,TSM-01-v0.4.4-canonical-with-RSIM-wrapper-v1,40000.0,348.33498721963525,334.4597587403552,40000.0,b348f00169c885d3849e406bf8ee33c9e3461c493394179d38bcd5672eae6285,run,970466173.2405306,29952.65966791761,b2e91cdfd9d8395c2ce753d013733c265fd74e8f89b630eb66f892851ef4621e,rsim-001-smoke.1,non-authoritative representative architecture challenge; not attack or spacecraft validation,8,43200.0,1451993045.840408,-1.6223116290348116e-06,0,148.0,0.0,False,phase_shaped_candidate,W5 — phase-shaped adversarial candidate,"[""E1 is a fixed-wall-clock representative environment challenge, not a periodic/steady-state result"",""E1 radiator incidence and Earth-view factors are ASSUMED_EXPLORATORY"",""E1 albedo is a bounded analytic approximation, not a flight environment model"",""battery initialization-domination diagnostic flagged""]","{""battery_never_creates_energy"":true,""electrical_balance_closes"":true,""executed_le_design"":true,""executed_le_requested"":true,""fdir_never_increases_power"":true,""finite_state"":true,""housekeeping_priority"":true,""initialization_domination_flag"":true,""no_hidden_clipping"":true,""soc_within_bounds"":true}","[""time_s"",""hot_mask"",""rng""]"
A0_CROSS_ENVIRONMENT_NOMINAL_FEASIBLE,383162988.4149703,403440600.022962,786603588.4379323,RSIM-001-smoke,2371484.311235657,0.002443654788416704,16.630435107319784,1.0,-1.853368303272873e-05,0.0018554336458633698,59863287.91005114,716000.0,E1_REPRESENTATIVE_ANALYTIC_LEO,7.527453229594017,5738.992815014798,968094688.929295,29879.46570769429,b4259535052d01bcf53a5c85285ce36822571e723ac2e9d196a00633b5a9d8e9,RSIM canonical-derived monotone FDIR,30.0,0.7027817399201118,2bf50b710c5028c469736791796328ef22636056,0.7665807111570645,0.7671511073199543,0.9,SYSTEM_POWER_DEFICIT,1.853921276051551e-05,0.9,43200.0,10800.0,canonical_wrb_wall_clock,0.2,CLOSED_LOOP,TSM-01-v0.4.4-canonical-with-RSIM-wrapper-v1,40000.0,348.198382348183,334.42218554697786,40000.0,b348f00169c885d3849e406bf8ee33c9e3461c493394179d38bcd5672eae6285,run,970466173.2405306,29952.65966791761,b2e91cdfd9d8395c2ce753d013733c265fd74e8f89b630eb66f892851ef4621e,rsim-001-smoke.1,non-authoritative representative architecture challenge; not attack or spacecraft validation,8,43200.0,1451993045.840408,-8.045699360081926e-07,1,31.0,85.0,False,phase_shaped_candidate,W5 — phase-shaped adversarial candidate,"[""E1 is a fixed-wall-clock representative environment challenge, not a periodic/steady-state result"",""E1 radiator incidence and Earth-view factors are ASSUMED_EXPLORATORY"",""E1 albedo is a bounded analytic approximation, not a flight environment model"",""battery initialization-domination diagnostic flagged""]","{""battery_never_creates_energy"":true,""electrical_balance_closes"":true,""executed_le_design"":true,""executed_le_requested"":true,""fdir_never_increases_power"":true,""finite_state"":true,""housekeeping_priority"":true,""initialization_domination_flag"":true,""no_hidden_clipping"":true,""soc_within_bounds"":true}","[""time_s"",""hot_mask"",""rng""]"
A0_CROSS_ENVIRONMENT_NOMINAL_FEASIBLE,,,,RSIM-001-smoke,0.0,0.0,0.0,1.0,,,,,E0_CANONICAL,8.0,5400.0,970534997.0831524,29954.78386059112,e0af01974fa5c0fa2f3f17182eeae47befd90a0d748118accc55eaf8d740236f,,,,2bf50b710c5028c469736791796328ef22636056,0.6200000000000001,0.6200000000000001,,,,,43200.0,10800.0,canonical_wrb_wall_clock,,THERMAL_ONLY,TSM-01-v0.4.4-canonical-with-RSIM-wrapper-v1,29954.783860591124,324.0437192777726,313.4791219436831,29954.783860591124,f1e4e90f3f517362d1f0d86129448dbb51a9890353ed63ed0111bae36bf018af,run,970534997.0831524,29954.78386059112,28974feaa710c0bc8820d21f3f8f863bffa6665af9f833efef35c670161cf50c,rsim-001-smoke.1,non-authoritative representative architecture challenge; not attack or spacecraft validation,9,43200.0,,-3.972440026700497e-06,0,0.0,0.0,True,constant_reference,W0 — constant reference,[],"{""battery_never_creates_energy"":true,""electrical_balance_closes"":true,""executed_le_design"":true,""executed_le_requested"":true,""fdir_never_increases_power"":true,""finite_state"":true,""housekeeping_priority"":true,""no_hidden_clipping"":true,""soc_within_bounds"":true}","[""time_s"",""rng""]"
A0_CROSS_ENVIRONMENT_NOMINAL_FEASIBLE,483156331.9721135,552178665.1110148,1035334997.0831282,RSIM-001-smoke,0.0,0.0,0.0,1.0,-4.5494234655052423e-05,0.001991329823005752,74688614.37043947,0.0,E0_CANONICAL,8.0,5400.0,970534997.0831524,29954.78386059112,e0af01974fa5c0fa2f3f17182eeae47befd90a0d748118accc55eaf8d740236f,,,0.2286948822453461,2bf50b710c5028c469736791796328ef22636056,0.6200000000000001,0.6200000000000001,0.9,,4.5881475671194494e-05,0.9,43200.0,10800.0,canonical_wrb_wall_clock,0.2286948822453461,POWER_CONSTRAINED,TSM-01-v0.4.4-canonical-with-RSIM-wrapper-v1,29954.783860591124,324.0437192777726,313.4791219436831,29954.783860591124,f1e4e90f3f517362d1f0d86129448dbb51a9890353ed63ed0111bae36bf018af,run,970534997.0831524,29954.78386059112,28974feaa710c0bc8820d21f3f8f863bffa6665af9f833efef35c670161cf50c,rsim-001-smoke.1,non-authoritative representative architecture challenge; not attack or spacecraft validation,9,43200.0,1439151157.8947375,-3.972440026700497e-06,0,0.0,0.0,True,constant_reference,W0 — constant reference,[],"{""battery_never_creates_energy"":true,""electrical_balance_closes"":true,""executed_le_design"":true,""executed_le_requested"":true,""fdir_never_increases_power"":true,""finite_state"":true,""housekeeping_priority"":true,""initialization_domination_flag"":false,""no_hidden_clipping"":true,""soc_within_bounds"":true}","[""time_s"",""rng""]"
A0_CROSS_ENVIRONMENT_NOMINAL_FEASIBLE,483156331.9721135,552178665.1110148,1035334997.0831282,RSIM-001-smoke,0.0,0.0,0.0,1.0,-4.5494234655052423e-05,0.001991329823005752,74688614.37043947,0.0,E0_CANONICAL,8.0,5400.0,970534997.0831524,29954.78386059112,e0af01974fa5c0fa2f3f17182eeae47befd90a0d748118accc55eaf8d740236f,RSIM canonical-derived monotone FDIR,30.0,0.2286948822453461,2bf50b710c5028c469736791796328ef22636056,0.6200000000000001,0.6200000000000001,0.9,,4.5881475671194494e-05,0.9,43200.0,10800.0,canonical_wrb_wall_clock,0.2286948822453461,CLOSED_LOOP,TSM-01-v0.4.4-canonical-with-RSIM-wrapper-v1,29954.783860591124,324.0437192777726,313.4791219436831,29954.783860591124,f1e4e90f3f517362d1f0d86129448dbb51a9890353ed63ed0111bae36bf018af,run,970534997.0831524,29954.78386059112,28974feaa710c0bc8820d21f3f8f863bffa6665af9f833efef35c670161cf50c,rsim-001-smoke.1,non-authoritative representative architecture challenge; not attack or spacecraft validation,9,43200.0,1439151157.8947375,-3.972440026700497e-06,0,0.0,0.0,True,constant_reference,W0 — constant reference,[],"{""battery_never_creates_energy"":true,""electrical_balance_closes"":true,""executed_le_design"":true,""executed_le_requested"":true,""fdir_never_increases_power"":true,""finite_state"":true,""housekeeping_priority"":true,""initialization_domination_flag"":false,""no_hidden_clipping"":true,""soc_within_bounds"":true}","[""time_s"",""rng""]"
A0_CROSS_ENVIRONMENT_NOMINAL_FEASIBLE,,,,RSIM-001-smoke,0.0,0.0,0.0,1.0,,,,,E1_REPRESENTATIVE_ANALYTIC_LEO,7.527453229594017,5738.992815014798,970534997.0831524,29954.78386059112,e0af01974fa5c0fa2f3f17182eeae47befd90a0d748118accc55eaf8d740236f,,,,2bf50b710c5028c469736791796328ef22636056,0.6325617283950616,0.6325617283950616,,,,,43200.0,10800.0,canonical_wrb_wall_clock,,THERMAL_ONLY,TSM-01-v0.4.4-canonical-with-RSIM-wrapper-v1,29954.783860591124,331.5720809080167,320.9601183140022,29954.783860591124,b348f00169c885d3849e406bf8ee33c9e3461c493394179d38bcd5672eae6285,run,970534997.0831524,29954.78386059112,28974feaa710c0bc8820d21f3f8f863bffa6665af9f833efef35c670161cf50c,rsim-001-smoke.1,non-authoritative representative architecture challenge; not attack or spacecraft validation,9,43200.0,,-6.032409601175459e-06,0,0.0,0.0,True,constant_reference,W0 — constant reference,"[""E1 is a fixed-wall-clock representative environment challenge, not a periodic/steady-state result"",""E1 radiator incidence and Earth-view factors are ASSUMED_EXPLORATORY"",""E1 albedo is a bounded analytic approximation, not a flight environment model""]","{""battery_never_creates_energy"":true,""electrical_balance_closes"":true,""executed_le_design"":true,""executed_le_requested"":true,""fdir_never_increases_power"":true,""finite_state"":true,""housekeeping_priority"":true,""no_hidden_clipping"":true,""soc_within_bounds"":true}","[""time_s"",""rng""]"
A0_CROSS_ENVIRONMENT_NOMINAL_FEASIBLE,502934661.3510907,544139514.2239819,1047074175.5750726,RSIM-001-smoke,0.0,0.0,0.0,1.0,-4.119508957955986e-05,0.00199613256006439,59074014.890294835,0.0,E1_REPRESENTATIVE_ANALYTIC_LEO,7.527453229594017,5738.992815014798,970534997.0831524,29954.78386059112,e0af01974fa5c0fa2f3f17182eeae47befd90a0d748118accc55eaf8d740236f,,,0.4992452391571941,2bf50b710c5028c469736791796328ef22636056,0.6325617283950616,0.6325617283950616,0.9,,4.119508957955986e-05,0.9,43200.0,10800.0,canonical_wrb_wall_clock,0.20121455578755065,POWER_CONSTRAINED,TSM-01-v0.4.4-canonical-with-RSIM-wrapper-v1,29954.783860591124,331.5720809080167,320.9601183140022,29954.783860591124,b348f00169c885d3849e406bf8ee33c9e3461c493394179d38bcd5672eae6285,run,970534997.0831524,29954.78386059112,28974feaa710c0bc8820d21f3f8f863bffa6665af9f833efef35c670161cf50c,rsim-001-smoke.1,non-authoritative representative architecture challenge; not attack or spacecraft validation,9,43200.0,1451993045.840408,-6.032409601175459e-06,0,0.0,0.0,True,constant_reference,W0 — constant reference,"[""E1 is a fixed-wall-clock representative environment challenge, not a periodic/steady-state result"",""E1 radiator incidence and Earth-view factors are ASSUMED_EXPLORATORY"",""E1 albedo is a bounded analytic approximation, not a flight environment model""]","{""battery_never_creates_energy"":true,""electrical_balance_closes"":true,""executed_le_design"":true,""executed_le_requested"":true,""fdir_never_increases_power"":true,""finite_state"":true,""housekeeping_priority"":true,""initialization_domination_flag"":false,""no_hidden_clipping"":true,""soc_within_bounds"":true}","[""time_s"",""rng""]"
A0_CROSS_ENVIRONMENT_NOMINAL_FEASIBLE,502934661.3510907,544139514.2239819,1047074175.5750726,RSIM-001-smoke,0.0,0.0,0.0,1.0,-4.119508957955986e-05,0.00199613256006439,59074014.890294835,0.0,E1_REPRESENTATIVE_ANALYTIC_LEO,7.527453229594017,5738.992815014798,970534997.0831524,29954.78386059112,e0af01974fa5c0fa2f3f17182eeae47befd90a0d748118accc55eaf8d740236f,RSIM canonical-derived monotone FDIR,30.0,0.4992452391571941,2bf50b710c5028c469736791796328ef22636056,0.6325617283950616,0.6325617283950616,0.9,,4.119508957955986e-05,0.9,43200.0,10800.0,canonical_wrb_wall_clock,0.20121455578755065,CLOSED_LOOP,TSM-01-v0.4.4-canonical-with-RSIM-wrapper-v1,29954.783860591124,331.5720809080167,320.9601183140022,29954.783860591124,b348f00169c885d3849e406bf8ee33c9e3461c493394179d38bcd5672eae6285,run,970534997.0831524,29954.78386059112,28974feaa710c0bc8820d21f3f8f863bffa6665af9f833efef35c670161cf50c,rsim-001-smoke.1,non-authoritative representative architecture challenge; not attack or spacecraft validation,9,43200.0,1451993045.840408,-6.032409601175459e-06,0,0.0,0.0,True,constant_reference,W0 — constant reference,"[""E1 is a fixed-wall-clock representative environment challenge, not a periodic/steady-state result"",""E1 radiator incidence and Earth-view factors are ASSUMED_EXPLORATORY"",""E1 albedo is a bounded analytic approximation, not a flight environment model""]","{""battery_never_creates_energy"":true,""electrical_balance_closes"":true,""executed_le_design"":true,""executed_le_requested"":true,""fdir_never_increases_power"":true,""finite_state"":true,""housekeeping_priority"":true,""initialization_domination_flag"":false,""no_hidden_clipping"":true,""soc_within_bounds"":true}","[""time_s"",""rng""]"
A0_CROSS_ENVIRONMENT_NOMINAL_FEASIBLE,,,,RSIM-001-smoke,0.0,0.0,1.9103794589726135,1.0,,,,,E0_CANONICAL,8.0,5400.0,970534997.0831524,29954.783860591127,9dd1cd8c9939579a3667a6755f980c1c38614695dfbde5b30781250b3685ba55,,,,2bf50b710c5028c469736791796328ef22636056,0.6214894937457248,0.6214894937457248,,,,,43200.0,10800.0,canonical_wrb_wall_clock,,THERMAL_ONLY,TSM-01-v0.4.4-canonical-with-RSIM-wrapper-v1,37365.33192488319,325.9540987367452,315.0201182801539,37365.33192488319,f1e4e90f3f517362d1f0d86129448dbb51a9890353ed63ed0111bae36bf018af,run,970534997.0831524,29954.783860591127,980bcdaa9478408af5e9a45871fe39bf1608281c75924ad4dc22b3ac109f5544,rsim-001-smoke.1,non-authoritative representative architecture challenge; not attack or spacecraft validation,9,43200.0,,9.577656783221755e-07,0,0.0,0.0,True,diversified_stochastic,W1 — diversified stochastic,[],"{""battery_never_creates_energy"":true,""electrical_balance_closes"":true,""executed_le_design"":true,""executed_le_requested"":true,""fdir_never_increases_power"":true,""finite_state"":true,""housekeeping_priority"":true,""no_hidden_clipping"":true,""soc_within_bounds"":true}","[""time_s"",""rng""]"
A0_CROSS_ENVIRONMENT_NOMINAL_FEASIBLE,483667784.14455193,552929908.6477826,1036597692.7923346,RSIM-001-smoke,0.0,0.0,1.9103794589726135,1.0,-1.6411649994552135e-05,0.00199208106654252,72910308.57729198,0.0,E0_CANONICAL,8.0,5400.0,970534997.0831524,29954.783860591127,9dd1cd8c9939579a3667a6755f980c1c38614695dfbde5b30781250b3685ba55,,,0.22636269260808245,2bf50b710c5028c469736791796328ef22636056,0.6214894937457248,0.6214894937457248,0.9,,1.6422261978732422e-05,0.9,43200.0,10800.0,canonical_wrb_wall_clock,0.20700696264697124,POWER_CONSTRAINED,TSM-01-v0.4.4-canonical-with-RSIM-wrapper-v1,37365.33192488319,325.9540987367452,315.0201182801539,37365.33192488319,f1e4e90f3f517362d1f0d86129448dbb51a9890353ed63ed0111bae36bf018af,run,970534997.0831524,29954.783860591127,980bcdaa9478408af5e9a45871fe39bf1608281c75924ad4dc22b3ac109f5544,rsim-001-smoke.1,non-authoritative representative architecture challenge; not attack or spacecraft validation,9,43200.0,1439151157.8947375,9.577656783221755e-07,0,0.0,0.0,True,diversified_stochastic,W1 — diversified stochastic,[],"{""battery_never_creates_energy"":true,""electrical_balance_closes"":true,""executed_le_design"":true,""executed_le_requested"":true,""fdir_never_increases_power"":true,""finite_state"":true,""housekeeping_priority"":true,""initialization_domination_flag"":false,""no_hidden_clipping"":true,""soc_within_bounds"":true}","[""time_s"",""rng""]"
A0_CROSS_ENVIRONMENT_NOMINAL_FEASIBLE,483667784.14455193,552929908.6477826,1036597692.7923346,RSIM-001-smoke,0.0,0.0,1.9103794589726135,1.0,-1.6411649994552135e-05,0.00199208106654252,72910308.57729198,0.0,E0_CANONICAL,8.0,5400.0,970534997.0831524,29954.783860591127,9dd1cd8c9939579a3667a6755f980c1c38614695dfbde5b30781250b3685ba55,RSIM canonical-derived monotone FDIR,30.0,0.22636269260808245,2bf50b710c5028c469736791796328ef22636056,0.6214894937457248,0.6214894937457248,0.9,,1.6422261978732422e-05,0.9,43200.0,10800.0,canonical_wrb_wall_clock,0.20700696264697124,CLOSED_LOOP,TSM-01-v0.4.4-canonical-with-RSIM-wrapper-v1,37365.33192488319,325.9540987367452,315.0201182801539,37365.33192488319,f1e4e90f3f517362d1f0d86129448dbb51a9890353ed63ed0111bae36bf018af,run,970534997.0831524,29954.783860591127,980bcdaa9478408af5e9a45871fe39bf1608281c75924ad4dc22b3ac109f5544,rsim-001-smoke.1,non-authoritative representative architecture challenge; not attack or spacecraft validation,9,43200.0,1439151157.8947375,9.577656783221755e-07,0,0.0,0.0,True,diversified_stochastic,W1 — diversified stochastic,[],"{""battery_never_creates_energy"":true,""electrical_balance_closes"":true,""executed_le_design"":true,""executed_le_requested"":true,""fdir_never_increases_power"":true,""finite_state"":true,""housekeeping_priority"":true,""initialization_domination_flag"":false,""no_hidden_clipping"":true,""soc_within_bounds"":true}","[""time_s"",""rng""]"
A0_CROSS_ENVIRONMENT_NOMINAL_FEASIBLE,,,,RSIM-001-smoke,0.0,0.0,1.8997589976086715,1.0,,,,,E1_REPRESENTATIVE_ANALYTIC_LEO,7.527453229594017,5738.992815014798,970534997.0831524,29954.783860591127,9dd1cd8c9939579a3667a6755f980c1c38614695dfbde5b30781250b3685ba55,,,,2bf50b710c5028c469736791796328ef22636056,0.6330979144554206,0.6330979144554206,,,,,43200.0,10800.0,canonical_wrb_wall_clock,,THERMAL_ONLY,TSM-01-v0.4.4-canonical-with-RSIM-wrapper-v1,37365.33192488319,333.47183990562536,322.50690691720655,37365.33192488319,b348f00169c885d3849e406bf8ee33c9e3461c493394179d38bcd5672eae6285,run,970534997.0831524,29954.783860591127,980bcdaa9478408af5e9a45871fe39bf1608281c75924ad4dc22b3ac109f5544,rsim-001-smoke.1,non-authoritative representative architecture challenge; not attack or spacecraft validation,9,43200.0,,-8.918250387068838e-07,0,0.0,0.0,True,diversified_stochastic,W1 — diversified stochastic,"[""E1 is a fixed-wall-clock representative environment challenge, not a periodic/steady-state result"",""E1 radiator incidence and Earth-view factors are ASSUMED_EXPLORATORY"",""E1 albedo is a bounded analytic approximation, not a flight environment model""]","{""battery_never_creates_energy"":true,""electrical_balance_closes"":true,""executed_le_design"":true,""executed_le_requested"":true,""fdir_never_increases_power"":true,""finite_state"":true,""housekeeping_priority"":true,""no_hidden_clipping"":true,""soc_within_bounds"":true}","[""time_s"",""rng""]"
A0_CROSS_ENVIRONMENT_NOMINAL_FEASIBLE,500836893.1082239,540483333.1860301,1041320226.2942541,RSIM-001-smoke,2342053.19985262,0.002413156874189422,1.8997557145257247,1.0,-1.5374218492070213e-05,0.0019924763790264382,59654086.50359633,214000.0,E1_REPRESENTATIVE_ANALYTIC_LEO,7.527453229594017,5738.992815014798,968192943.8832998,29882.49826800308,bc8f47288eb2344b53bc2993cc5fd14fe94168dab0e513229b24603ff78a9fd7,,,0.5144022244012657,2bf50b710c5028c469736791796328ef22636056,0.6346293746935249,0.6330979144554206,0.9,SYSTEM_POWER_DEFICIT,1.5583103959215805e-05,0.9,43200.0,10800.0,canonical_wrb_wall_clock,0.2,POWER_CONSTRAINED,TSM-01-v0.4.4-canonical-with-RSIM-wrapper-v1,37365.33192488319,333.4718366225424,322.50690411039034,37365.33192488319,b348f00169c885d3849e406bf8ee33c9e3461c493394179d38bcd5672eae6285,run,970534997.0831524,29954.783860591127,980bcdaa9478408af5e9a45871fe39bf1608281c75924ad4dc22b3ac109f5544,rsim-001-smoke.1,non-authoritative representative architecture challenge; not attack or spacecraft validation,9,43200.0,1451993045.840408,-5.260790203465149e-08,0,0.0,0.0,False,diversified_stochastic,W1 — diversified stochastic,"[""E1 is a fixed-wall-clock representative environment challenge, not a periodic/steady-state result"",""E1 radiator incidence and Earth-view factors are ASSUMED_EXPLORATORY"",""E1 albedo is a bounded analytic approximation, not a flight environment model"",""battery initialization-domination diagnostic flagged""]","{""battery_never_creates_energy"":true,""electrical_balance_closes"":true,""executed_le_design"":true,""executed_le_requested"":true,""fdir_never_increases_power"":true,""finite_state"":true,""housekeeping_priority"":true,""initialization_domination_flag"":true,""no_hidden_clipping"":true,""soc_within_bounds"":true}","[""time_s"",""rng""]"
A0_CROSS_ENVIRONMENT_NOMINAL_FEASIBLE,500836893.1082239,540483333.1860301,1041320226.2942541,RSIM-001-smoke,2342053.19985262,0.002413156874189422,1.8997557145257247,1.0,-1.5374218492070213e-05,0.0019924763790264382,59654086.50359633,214000.0,E1_REPRESENTATIVE_ANALYTIC_LEO,7.527453229594017,5738.992815014798,968192943.8832998,29882.49826800308,bc8f47288eb2344b53bc2993cc5fd14fe94168dab0e513229b24603ff78a9fd7,RSIM canonical-derived monotone FDIR,30.0,0.5144022244012657,2bf50b710c5028c469736791796328ef22636056,0.6346293746935249,0.6330979144554206,0.9,SYSTEM_POWER_DEFICIT,1.5583103959215805e-05,0.9,43200.0,10800.0,canonical_wrb_wall_clock,0.2,CLOSED_LOOP,TSM-01-v0.4.4-canonical-with-RSIM-wrapper-v1,37365.33192488319,333.4718366225424,322.50690411039034,37365.33192488319,b348f00169c885d3849e406bf8ee33c9e3461c493394179d38bcd5672eae6285,run,970534997.0831524,29954.783860591127,980bcdaa9478408af5e9a45871fe39bf1608281c75924ad4dc22b3ac109f5544,rsim-001-smoke.1,non-authoritative representative architecture challenge; not attack or spacecraft validation,9,43200.0,1451993045.840408,-5.260790203465149e-08,0,0.0,0.0,False,diversified_stochastic,W1 — diversified stochastic,"[""E1 is a fixed-wall-clock representative environment challenge, not a periodic/steady-state result"",""E1 radiator incidence and Earth-view factors are ASSUMED_EXPLORATORY"",""E1 albedo is a bounded analytic approximation, not a flight environment model"",""battery initialization-domination diagnostic flagged""]","{""battery_never_creates_energy"":true,""electrical_balance_closes"":true,""executed_le_design"":true,""executed_le_requested"":true,""fdir_never_increases_power"":true,""finite_state"":true,""housekeeping_priority"":true,""initialization_domination_flag"":true,""no_hidden_clipping"":true,""soc_within_bounds"":true}","[""time_s"",""rng""]"
A0_CROSS_ENVIRONMENT_NOMINAL_FEASIBLE,,,,RSIM-001-smoke,0.0,0.0,7.728590320456817,1.0,,,,,E0_CANONICAL,8.0,5400.0,970534997.0831524,29954.783860591127,c65ada1551033390ffadafdd45ff66b129f39a25f52fc3febe4f8cd9fb80bda1,,,,2bf50b710c5028c469736791796328ef22636056,0.6085401954122918,0.6085401954122918,,,,,43200.0,10800.0,canonical_wrb_wall_clock,,THERMAL_ONLY,TSM-01-v0.4.4-canonical-with-RSIM-wrapper-v1,40000.0,331.7723095982294,319.5201986668463,40000.0,f1e4e90f3f517362d1f0d86129448dbb51a9890353ed63ed0111bae36bf018af,run,970534997.0831524,29954.783860591127,02ac08f1bf449185d2f9aebc3450197d2d3311cf9dfdd4233d8c2354d6f4589c,rsim-001-smoke.1,non-authoritative representative architecture challenge; not attack or spacecraft validation,9,43200.0,,-4.726671249954961e-07,0,0.0,0.0,True,bursty_benign,W2 — bursty benign,[],"{""battery_never_creates_energy"":true,""electrical_balance_closes"":true,""executed_le_design"":true,""executed_le_requested"":true,""fdir_never_increases_power"":true,""finite_state"":true,""housekeeping_priority"":true,""no_hidden_clipping"":true,""soc_within_bounds"":true}","[""time_s"",""rng""]"
A0_CROSS_ENVIRONMENT_NOMINAL_FEASIBLE,466331331.3175923,538304018.4301383,1004635349.7477307,RSIM-001-smoke,19536331.090492506,0.020129445253604484,7.728590320456817,1.0,-1.4416402336792089e-05,0.0019774551763248756,96795849.3204823,1080000.0,E0_CANONICAL,8.0,5400.0,950998665.9926599,29351.810678785805,46d73716b4947a85fd89ca440f0897928ffcebbe71e4b2884f5d4ae928a5ee29,,,0.2,2bf50b710c5028c469736791796328ef22636056,0.6210414145670401,0.6085401954122918,0.9,SYSTEM_POWER_DEFICIT,1.808678098313976e-05,0.9,43200.0,10800.0,canonical_wrb_wall_clock,0.2,POWER_CONSTRAINED,TSM-01-v0.4.4-canonical-with-RSIM-wrapper-v1,40000.0,331.7723095982294,319.5201986668463,40000.0,f1e4e90f3f517362d1f0d86129448dbb51a9890353ed63ed0111bae36bf018af,run,970534997.0831524,29954.783860591127,02ac08f1bf449185d2f9aebc3450197d2d3311cf9dfdd4233d8c2354d6f4589c,rsim-001-smoke.1,non-authoritative representative architecture challenge; not attack or spacecraft validation,9,43200.0,1439151157.8947375,-7.921403266664129e-07,0,0.0,0.0,False,bursty_benign,W2 — bursty benign,[],"{""battery_never_creates_energy"":true,""electrical_balance_closes"":true,""executed_le_design"":true,""executed_le_requested"":true,""fdir_never_increases_power"":true,""finite_state"":true,""housekeeping_priority"":true,""initialization_domination_flag"":false,""no_hidden_clipping"":true,""soc_within_bounds"":true}","[""time_s"",""rng""]"
A0_CROSS_ENVIRONMENT_NOMINAL_FEASIBLE,466331331.3175923,538304018.4301383,1004635349.7477307,RSIM-001-smoke,19536331.090492506,0.020129445253604484,7.728590320456817,1.0,-1.4416402336792089e-05,0.0019774551763248756,96795849.3204823,1080000.0,E0_CANONICAL,8.0,5400.0,950998665.9926599,29351.810678785805,46d73716b4947a85fd89ca440f0897928ffcebbe71e4b2884f5d4ae928a5ee29,RSIM canonical-derived monotone FDIR,30.0,0.2,2bf50b710c5028c469736791796328ef22636056,0.6210414145670401,0.6085401954122918,0.9,SYSTEM_POWER_DEFICIT,1.808678098313976e-05,0.9,43200.0,10800.0,canonical_wrb_wall_clock,0.2,CLOSED_LOOP,TSM-01-v0.4.4-canonical-with-RSIM-wrapper-v1,40000.0,331.7723095982294,319.5201986668463,40000.0,f1e4e90f3f517362d1f0d86129448dbb51a9890353ed63ed0111bae36bf018af,run,970534997.0831524,29954.783860591127,02ac08f1bf449185d2f9aebc3450197d2d3311cf9dfdd4233d8c2354d6f4589c,rsim-001-smoke.1,non-authoritative representative architecture challenge; not attack or spacecraft validation,9,43200.0,1439151157.8947375,-7.921403266664129e-07,0,0.0,0.0,False,bursty_benign,W2 — bursty benign,[],"{""battery_never_creates_energy"":true,""electrical_balance_closes"":true,""executed_le_design"":true,""executed_le_requested"":true,""fdir_never_increases_power"":true,""finite_state"":true,""housekeeping_priority"":true,""initialization_domination_flag"":false,""no_hidden_clipping"":true,""soc_within_bounds"":true}","[""time_s"",""rng""]"
A0_CROSS_ENVIRONMENT_NOMINAL_FEASIBLE,,,,RSIM-001-smoke,0.0,0.0,8.516691304723622,1.0,,,,,E1_REPRESENTATIVE_ANALYTIC_LEO,7.527453229594017,5738.992815014798,970534997.0831524,29954.783860591127,c65ada1551033390ffadafdd45ff66b129f39a25f52fc3febe4f8cd9fb80bda1,,,,2bf50b710c5028c469736791796328ef22636056,0.6240563750769786,0.6240563750769786,,,,,43200.0,10800.0,canonical_wrb_wall_clock,,THERMAL_ONLY,TSM-01-v0.4.4-canonical-with-RSIM-wrapper-v1,40000.0,340.0887722127403,327.79673267635684,40000.0,b348f00169c885d3849e406bf8ee33c9e3461c493394179d38bcd5672eae6285,run,970534997.0831524,29954.783860591127,02ac08f1bf449185d2f9aebc3450197d2d3311cf9dfdd4233d8c2354d6f4589c,rsim-001-smoke.1,non-authoritative representative architecture challenge; not attack or spacecraft validation,9,43200.0,,-2.4225982997450046e-07,0,0.0,0.0,True,bursty_benign,W2 — bursty benign,"[""E1 is a fixed-wall-clock representative environment challenge, not a periodic/steady-state result"",""E1 radiator incidence and Earth-view factors are ASSUMED_EXPLORATORY"",""E1 albedo is a bounded analytic approximation, not a flight environment model""]","{""battery_never_creates_energy"":true,""electrical_balance_closes"":true,""executed_le_design"":true,""executed_le_requested"":true,""fdir_never_increases_power"":true,""finite_state"":true,""housekeeping_priority"":true,""no_hidden_clipping"":true,""soc_within_bounds"":true}","[""time_s"",""rng""]"
A0_CROSS_ENVIRONMENT_NOMINAL_FEASIBLE,489101839.6692053,533414854.2011484,1022516693.8703537,RSIM-001-smoke,17364945.451949455,0.017892137330583743,8.516691304580036,1.0,-1.3660586773767136e-05,0.0019854079000415563,80748407.11281826,1250000.0,E1_REPRESENTATIVE_ANALYTIC_LEO,7.527453229594017,5738.992815014798,953170051.6312029,29418.828754049475,1a5cefe4d15191ec73c39cd895fe0d0bf4d4da11526f06fcd095a22330ce3401,,,0.4690155332972902,2bf50b710c5028c469736791796328ef22636056,0.6354254953022813,0.6240563750769786,0.9,SYSTEM_POWER_DEFICIT,1.478333433624357e-05,0.9,43200.0,10800.0,canonical_wrb_wall_clock,0.2,POWER_CONSTRAINED,TSM-01-v0.4.4-canonical-with-RSIM-wrapper-v1,40000.0,340.0887722125967,327.7967326762365,40000.0,b348f00169c885d3849e406bf8ee33c9e3461c493394179d38bcd5672eae6285,run,970534997.0831524,29954.783860591127,02ac08f1bf449185d2f9aebc3450197d2d3311cf9dfdd4233d8c2354d6f4589c,rsim-001-smoke.1,non-authoritative representative architecture challenge; not attack or spacecraft validation,9,43200.0,1451993045.840408,4.3647969505400397e-07,0,0.0,0.0,False,bursty_benign,W2 — bursty benign,"[""E1 is a fixed-wall-clock representative environment challenge, not a periodic/steady-state result"",""E1 radiator incidence and Earth-view factors are ASSUMED_EXPLORATORY"",""E1 albedo is a bounded analytic approximation, not a flight environment model"",""battery initialization-domination diagnostic flagged""]","{""battery_never_creates_energy"":true,""electrical_balance_closes"":true,""executed_le_design"":true,""executed_le_requested"":true,""fdir_never_increases_power"":true,""finite_state"":true,""housekeeping_priority"":true,""initialization_domination_flag"":true,""no_hidden_clipping"":true,""soc_within_bounds"":true}","[""time_s"",""rng""]"
A0_CROSS_ENVIRONMENT_NOMINAL_FEASIBLE,489101839.6692053,533414854.2011484,1022516693.8703537,RSIM-001-smoke,17364945.451949455,0.017892137330583743,8.516691304580036,1.0,-1.3660586773767136e-05,0.0019854079000415563,80748407.11281826,1250000.0,E1_REPRESENTATIVE_ANALYTIC_LEO,7.527453229594017,5738.992815014798,953170051.6312029,29418.828754049475,1a5cefe4d15191ec73c39cd895fe0d0bf4d4da11526f06fcd095a22330ce3401,RSIM canonical-derived monotone FDIR,30.0,0.4690155332972902,2bf50b710c5028c469736791796328ef22636056,0.6354254953022813,0.6240563750769786,0.9,SYSTEM_POWER_DEFICIT,1.478333433624357e-05,0.9,43200.0,10800.0,canonical_wrb_wall_clock,0.2,CLOSED_LOOP,TSM-01-v0.4.4-canonical-with-RSIM-wrapper-v1,40000.0,340.0887722125967,327.7967326762365,40000.0,b348f00169c885d3849e406bf8ee33c9e3461c493394179d38bcd5672eae6285,run,970534997.0831524,29954.783860591127,02ac08f1bf449185d2f9aebc3450197d2d3311cf9dfdd4233d8c2354d6f4589c,rsim-001-smoke.1,non-authoritative representative architecture challenge; not attack or spacecraft validation,9,43200.0,1451993045.840408,4.3647969505400397e-07,0,0.0,0.0,False,bursty_benign,W2 — bursty benign,"[""E1 is a fixed-wall-clock representative environment challenge, not a periodic/steady-state result"",""E1 radiator incidence and Earth-view factors are ASSUMED_EXPLORATORY"",""E1 albedo is a bounded analytic approximation, not a flight environment model"",""battery initialization-domination diagnostic flagged""]","{""battery_never_creates_energy"":true,""electrical_balance_closes"":true,""executed_le_design"":true,""executed_le_requested"":true,""fdir_never_increases_power"":true,""finite_state"":true,""housekeeping_priority"":true,""initialization_domination_flag"":true,""no_hidden_clipping"":true,""soc_within_bounds"":true}","[""time_s"",""rng""]"
A0_CROSS_ENVIRONMENT_NOMINAL_FEASIBLE,,,,RSIM-001-smoke,0.0,0.0,6.054546315294715,1.0,,,,,E0_CANONICAL,8.0,5400.0,970534997.0831524,29954.78386059112,f963c9481204fc87231e748c429a8152ae9677d7051737ece8aa18e768fd9c04,,,,2bf50b710c5028c469736791796328ef22636056,0.6225729692163136,0.6225729692163136,,,,,43200.0,10800.0,canonical_wrb_wall_clock,,THERMAL_ONLY,TSM-01-v0.4.4-canonical-with-RSIM-wrapper-v1,40000.0,330.0982655930673,317.9331024284221,40000.0,f1e4e90f3f517362d1f0d86129448dbb51a9890353ed63ed0111bae36bf018af,run,970534997.0831524,29954.78386059112,cee28610eaa0a2b4c9297854ad2461b2f0ba22e40d0f434caa05ea60b8d17d22,rsim-001-smoke.1,non-authoritative representative architecture challenge; not attack or spacecraft validation,9,43200.0,,8.27831172500737e-07,0,0.0,0.0,True,queue_driven_benign,W3 — queue-driven benign,[],"{""battery_never_creates_energy"":true,""electrical_balance_closes"":true,""executed_le_design"":true,""executed_le_requested"":true,""fdir_never_increases_power"":true,""finite_state"":true,""housekeeping_priority"":true,""no_hidden_clipping"":true,""soc_within_bounds"":true}","[""time_s"",""rng""]"
A0_CROSS_ENVIRONMENT_NOMINAL_FEASIBLE,466855998.3841492,538828685.496691,1005684683.8808401,RSIM-001-smoke,5666903.188979003,0.005838947803026499,6.054546315294715,1.0,-7.655705303477589e-06,0.0019779798433914282,82833573.8766895,368000.0,E0_CANONICAL,8.0,5400.0,964868093.8941734,29779.87944117819,8efb0b89d9d60e6410d6f1d1145458b002618e07b816301091cbe9d08cd0f8c3,,,0.2,2bf50b710c5028c469736791796328ef22636056,0.6262294905242003,0.6225729692163136,0.9,SYSTEM_POWER_DEFICIT,1.6041254639276303e-05,0.9,43200.0,10800.0,canonical_wrb_wall_clock,0.2,POWER_CONSTRAINED,TSM-01-v0.4.4-canonical-with-RSIM-wrapper-v1,40000.0,330.0982655930673,317.9331024284221,40000.0,f1e4e90f3f517362d1f0d86129448dbb51a9890353ed63ed0111bae36bf018af,run,970534997.0831524,29954.78386059112,cee28610eaa0a2b4c9297854ad2461b2f0ba22e40d0f434caa05ea60b8d17d22,rsim-001-smoke.1,non-authoritative representative architecture challenge; not attack or spacecraft validation,9,43200.0,1439151157.8947375,1.5841337699384894e-06,0,0.0,0.0,False,queue_driven_benign,W3 — queue-driven benign,[],"{""battery_never_creates_energy"":true,""electrical_balance_closes"":true,""executed_le_design"":true,""executed_le_requested"":true,""fdir_never_increases_power"":true,""finite_state"":true,""housekeeping_priority"":true,""initialization_domination_flag"":false,""no_hidden_clipping"":true,""soc_within_bounds"":true}","[""time_s"",""rng""]"
A0_CROSS_ENVIRONMENT_NOMINAL_FEASIBLE,466855998.3841492,538828685.496691,1005684683.8808401,RSIM-001-smoke,5666903.188979003,0.005838947803026499,6.054546315294715,1.0,-7.655705303477589e-06,0.0019779798433914282,82833573.8766895,368000.0,E0_CANONICAL,8.0,5400.0,964868093.8941734,29779.87944117819,8efb0b89d9d60e6410d6f1d1145458b002618e07b816301091cbe9d08cd0f8c3,RSIM canonical-derived monotone FDIR,30.0,0.2,2bf50b710c5028c469736791796328ef22636056,0.6262294905242003,0.6225729692163136,0.9,SYSTEM_POWER_DEFICIT,1.6041254639276303e-05,0.9,43200.0,10800.0,canonical_wrb_wall_clock,0.2,CLOSED_LOOP,TSM-01-v0.4.4-canonical-with-RSIM-wrapper-v1,40000.0,330.0982655930673,317.9331024284221,40000.0,f1e4e90f3f517362d1f0d86129448dbb51a9890353ed63ed0111bae36bf018af,run,970534997.0831524,29954.78386059112,cee28610eaa0a2b4c9297854ad2461b2f0ba22e40d0f434caa05ea60b8d17d22,rsim-001-smoke.1,non-authoritative representative architecture challenge; not attack or spacecraft validation,9,43200.0,1439151157.8947375,1.5841337699384894e-06,0,0.0,0.0,False,queue_driven_benign,W3 — queue-driven benign,[],"{""battery_never_creates_energy"":true,""electrical_balance_closes"":true,""executed_le_design"":true,""executed_le_requested"":true,""fdir_never_increases_power"":true,""finite_state"":true,""housekeeping_priority"":true,""initialization_domination_flag"":false,""no_hidden_clipping"":true,""soc_within_bounds"":true}","[""time_s"",""rng""]"
A0_CROSS_ENVIRONMENT_NOMINAL_FEASIBLE,,,,RSIM-001-smoke,0.0,0.0,7.367420620152529,1.0,,,,,E1_REPRESENTATIVE_ANALYTIC_LEO,7.527453229594017,5738.992815014798,970534997.0831524,29954.78386059112,f963c9481204fc87231e748c429a8152ae9677d7051737ece8aa18e768fd9c04,,,,2bf50b710c5028c469736791796328ef22636056,0.633504410914251,0.633504410914251,,,,,43200.0,10800.0,canonical_wrb_wall_clock,,THERMAL_ONLY,TSM-01-v0.4.4-canonical-with-RSIM-wrapper-v1,40000.0,338.9395015281692,325.9761991026684,40000.0,b348f00169c885d3849e406bf8ee33c9e3461c493394179d38bcd5672eae6285,run,970534997.0831524,29954.78386059112,cee28610eaa0a2b4c9297854ad2461b2f0ba22e40d0f434caa05ea60b8d17d22,rsim-001-smoke.1,non-authoritative representative architecture challenge; not attack or spacecraft validation,9,43200.0,,-3.5344510251889005e-07,0,0.0,0.0,True,queue_driven_benign,W3 — queue-driven benign,"[""E1 is a fixed-wall-clock representative environment challenge, not a periodic/steady-state result"",""E1 radiator incidence and Earth-view factors are ASSUMED_EXPLORATORY"",""E1 albedo is a bounded analytic approximation, not a flight environment model""]","{""battery_never_creates_energy"":true,""electrical_balance_closes"":true,""executed_le_design"":true,""executed_le_requested"":true,""fdir_never_increases_power"":true,""finite_state"":true,""housekeeping_priority"":true,""no_hidden_clipping"":true,""soc_within_bounds"":true}","[""time_s"",""rng""]"
A0_CROSS_ENVIRONMENT_NOMINAL_FEASIBLE,491018382.92530096,532013412.18329847,1023031795.1085994,RSIM-001-smoke,3670795.8927103267,0.0037822395933609226,7.23963038065591,1.0,-1.1613683454925194e-06,0.0019840064580237066,67082341.97422475,682000.0,E1_REPRESENTATIVE_ANALYTIC_LEO,7.527453229594017,5738.992815014798,966864201.1904421,29841.487691063026,de8f2858e06ddda97a3bdb2f081c8637e3919a109bf3ab016c155c8d017115c9,,,0.5012859651087945,2bf50b710c5028c469736791796328ef22636056,0.6359095732801082,0.633504410914251,0.9,SYSTEM_POWER_DEFICIT,9.610128927306505e-06,0.9,43200.0,10800.0,canonical_wrb_wall_clock,0.2,POWER_CONSTRAINED,TSM-01-v0.4.4-canonical-with-RSIM-wrapper-v1,40000.0,338.8117112886726,325.86514060165007,40000.0,b348f00169c885d3849e406bf8ee33c9e3461c493394179d38bcd5672eae6285,run,970534997.0831524,29954.78386059112,cee28610eaa0a2b4c9297854ad2461b2f0ba22e40d0f434caa05ea60b8d17d22,rsim-001-smoke.1,non-authoritative representative architecture challenge; not attack or spacecraft validation,9,43200.0,1451993045.840408,1.1818838174804114e-07,0,0.0,0.0,False,queue_driven_benign,W3 — queue-driven benign,"[""E1 is a fixed-wall-clock representative environment challenge, not a periodic/steady-state result"",""E1 radiator incidence and Earth-view factors are ASSUMED_EXPLORATORY"",""E1 albedo is a bounded analytic approximation, not a flight environment model"",""battery initialization-domination diagnostic flagged""]","{""battery_never_creates_energy"":true,""electrical_balance_closes"":true,""executed_le_design"":true,""executed_le_requested"":true,""fdir_never_increases_power"":true,""finite_state"":true,""housekeeping_priority"":true,""initialization_domination_flag"":true,""no_hidden_clipping"":true,""soc_within_bounds"":true}","[""time_s"",""rng""]"
A0_CROSS_ENVIRONMENT_NOMINAL_FEASIBLE,491018382.92530096,532013412.18329847,1023031795.1085994,RSIM-001-smoke,3670795.8927103267,0.0037822395933609226,7.23963038065591,1.0,-1.1613683454925194e-06,0.0019840064580237066,67082341.97422475,682000.0,E1_REPRESENTATIVE_ANALYTIC_LEO,7.527453229594017,5738.992815014798,966864201.1904421,29841.487691063026,de8f2858e06ddda97a3bdb2f081c8637e3919a109bf3ab016c155c8d017115c9,RSIM canonical-derived monotone FDIR,30.0,0.5012859651087945,2bf50b710c5028c469736791796328ef22636056,0.6359095732801082,0.633504410914251,0.9,SYSTEM_POWER_DEFICIT,9.610128927306505e-06,0.9,43200.0,10800.0,canonical_wrb_wall_clock,0.2,CLOSED_LOOP,TSM-01-v0.4.4-canonical-with-RSIM-wrapper-v1,40000.0,338.8117112886726,325.86514060165007,40000.0,b348f00169c885d3849e406bf8ee33c9e3461c493394179d38bcd5672eae6285,run,970534997.0831524,29954.78386059112,cee28610eaa0a2b4c9297854ad2461b2f0ba22e40d0f434caa05ea60b8d17d22,rsim-001-smoke.1,non-authoritative representative architecture challenge; not attack or spacecraft validation,9,43200.0,1451993045.840408,1.1818838174804114e-07,0,0.0,0.0,False,queue_driven_benign,W3 — queue-driven benign,"[""E1 is a fixed-wall-clock representative environment challenge, not a periodic/steady-state result"",""E1 radiator incidence and Earth-view factors are ASSUMED_EXPLORATORY"",""E1 albedo is a bounded analytic approximation, not a flight environment model"",""battery initialization-domination diagnostic flagged""]","{""battery_never_creates_energy"":true,""electrical_balance_closes"":true,""executed_le_design"":true,""executed_le_requested"":true,""fdir_never_increases_power"":true,""finite_state"":true,""housekeeping_priority"":true,""initialization_domination_flag"":true,""no_hidden_clipping"":true,""soc_within_bounds"":true}","[""time_s"",""rng""]"
A0_CROSS_ENVIRONMENT_NOMINAL_FEASIBLE,,,,RSIM-001-smoke,0.0,0.0,10.430845121237951,1.0,,,,,E0_CANONICAL,8.0,5400.0,970534997.0831524,29954.783860591124,6d39eaf9b9a6b0f6717a0c6f966e4f26a647e3309e2d6bcf5ea2e974e19bf49d,,,,2bf50b710c5028c469736791796328ef22636056,0.6863623075713768,0.6863623075713768,,,,,43200.0,10800.0,canonical_wrb_wall_clock,,THERMAL_ONLY,TSM-01-v0.4.4-canonical-with-RSIM-wrapper-v1,39245.98984000422,334.47456439901055,322.10623821166877,39245.98984000422,f1e4e90f3f517362d1f0d86129448dbb51a9890353ed63ed0111bae36bf018af,run,970534997.0831524,29954.783860591124,0bc835960d36e83155548af7ecfc4807910140e830010d3c36d9ac83a298ebc5,rsim-001-smoke.1,non-authoritative representative architecture challenge; not attack or spacecraft validation,9,43200.0,,-9.119544301938731e-07,0,0.0,0.0,True,power_aware_benign,W4 — power-aware benign,[],"{""battery_never_creates_energy"":true,""electrical_balance_closes"":true,""executed_le_design"":true,""executed_le_requested"":true,""fdir_never_increases_power"":true,""finite_state"":true,""housekeeping_priority"":true,""no_hidden_clipping"":true,""soc_within_bounds"":true}","[""time_s"",""power_availability"",""rng""]"
A0_CROSS_ENVIRONMENT_NOMINAL_FEASIBLE,389430108.3210871,447134976.51112485,836565084.832212,RSIM-001-smoke,0.0,0.0,10.430845121237951,1.0,-4.178053859504871e-05,0.0018862861344058623,110153352.35281451,0.0,E0_CANONICAL,8.0,5400.0,970534997.0831524,29954.783860591124,6d39eaf9b9a6b0f6717a0c6f966e4f26a647e3309e2d6bcf5ea2e974e19bf49d,,,0.33876754705770884,2bf50b710c5028c469736791796328ef22636056,0.6863623075713768,0.6863623075713768,0.9,,4.183620694675483e-05,0.9,43200.0,10800.0,canonical_wrb_wall_clock,0.33841414178636153,POWER_CONSTRAINED,TSM-01-v0.4.4-canonical-with-RSIM-wrapper-v1,39245.98984000422,334.47456439901055,322.10623821166877,39245.98984000422,f1e4e90f3f517362d1f0d86129448dbb51a9890353ed63ed0111bae36bf018af,run,970534997.0831524,29954.783860591124,0bc835960d36e83155548af7ecfc4807910140e830010d3c36d9ac83a298ebc5,rsim-001-smoke.1,non-authoritative representative architecture challenge; not attack or spacecraft validation,9,43200.0,1439151157.8947375,-9.119544301938731e-07,0,0.0,0.0,True,power_aware_benign,W4 — power-aware benign,[],"{""battery_never_creates_energy"":true,""electrical_balance_closes"":true,""executed_le_design"":true,""executed_le_requested"":true,""fdir_never_increases_power"":true,""finite_state"":true,""housekeeping_priority"":true,""initialization_domination_flag"":false,""no_hidden_clipping"":true,""soc_within_bounds"":true}","[""time_s"",""power_availability"",""rng""]"
A0_CROSS_ENVIRONMENT_NOMINAL_FEASIBLE,389430108.3210871,447134976.51112485,836565084.832212,RSIM-001-smoke,0.0,0.0,10.430845121237951,1.0,-4.178053859504871e-05,0.0018862861344058623,110153352.35281451,0.0,E0_CANONICAL,8.0,5400.0,970534997.0831524,29954.783860591124,6d39eaf9b9a6b0f6717a0c6f966e4f26a647e3309e2d6bcf5ea2e974e19bf49d,RSIM canonical-derived monotone FDIR,30.0,0.33876754705770884,2bf50b710c5028c469736791796328ef22636056,0.6863623075713768,0.6863623075713768,0.9,,4.183620694675483e-05,0.9,43200.0,10800.0,canonical_wrb_wall_clock,0.33841414178636153,CLOSED_LOOP,TSM-01-v0.4.4-canonical-with-RSIM-wrapper-v1,39245.98984000422,334.47456439901055,322.10623821166877,39245.98984000422,f1e4e90f3f517362d1f0d86129448dbb51a9890353ed63ed0111bae36bf018af,run,970534997.0831524,29954.783860591124,0bc835960d36e83155548af7ecfc4807910140e830010d3c36d9ac83a298ebc5,rsim-001-smoke.1,non-authoritative representative architecture challenge; not attack or spacecraft validation,9,43200.0,1439151157.8947375,-9.119544301938731e-07,0,0.0,0.0,True,power_aware_benign,W4 — power-aware benign,[],"{""battery_never_creates_energy"":true,""electrical_balance_closes"":true,""executed_le_design"":true,""executed_le_requested"":true,""fdir_never_increases_power"":true,""finite_state"":true,""housekeeping_priority"":true,""initialization_domination_flag"":false,""no_hidden_clipping"":true,""soc_within_bounds"":true}","[""time_s"",""power_availability"",""rng""]"
A0_CROSS_ENVIRONMENT_NOMINAL_FEASIBLE,,,,RSIM-001-smoke,0.0,0.0,10.18458506811794,1.0,,,,,E1_REPRESENTATIVE_ANALYTIC_LEO,7.527453229594017,5738.992815014798,970534997.0831524,29954.783860591124,6d39eaf9b9a6b0f6717a0c6f966e4f26a647e3309e2d6bcf5ea2e974e19bf49d,,,,2bf50b710c5028c469736791796328ef22636056,0.6804885207791843,0.6804885207791843,,,,,43200.0,10800.0,canonical_wrb_wall_clock,,THERMAL_ONLY,TSM-01-v0.4.4-canonical-with-RSIM-wrapper-v1,39245.98984000422,341.7566659761346,329.1843720411446,39245.98984000422,b348f00169c885d3849e406bf8ee33c9e3461c493394179d38bcd5672eae6285,run,970534997.0831524,29954.783860591124,0bc835960d36e83155548af7ecfc4807910140e830010d3c36d9ac83a298ebc5,rsim-001-smoke.1,non-authoritative representative architecture challenge; not attack or spacecraft validation,9,43200.0,,-7.18618139217142e-07,0,0.0,0.0,True,power_aware_benign,W4 — power-aware benign,"[""E1 is a fixed-wall-clock representative environment challenge, not a periodic/steady-state result"",""E1 radiator incidence and Earth-view factors are ASSUMED_EXPLORATORY"",""E1 albedo is a bounded analytic approximation, not a flight environment model""]","{""battery_never_creates_energy"":true,""electrical_balance_closes"":true,""executed_le_design"":true,""executed_le_requested"":true,""fdir_never_increases_power"":true,""finite_state"":true,""housekeeping_priority"":true,""no_hidden_clipping"":true,""soc_within_bounds"":true}","[""time_s"",""power_availability"",""rng""]"
A0_CROSS_ENVIRONMENT_NOMINAL_FEASIBLE,462814766.41779846,493053658.9972092,955868425.4150076,RSIM-001-smoke,2054202.0201094255,0.0021165666630086786,10.184585068025683,1.0,-3.2629366614855826e-05,0.0019450467048376173,95395475.18058012,484000.0,E1_REPRESENTATIVE_ANALYTIC_LEO,7.527453229594017,5738.992815014798,968480795.063043,29891.382563674168,6165ce527011de710cb15ccd48a8ffa0436e40301667b04e9c41c957cfdd8e28,,,0.6058992007275568,2bf50b710c5028c469736791796328ef22636056,0.6819318750523632,0.6804885207791843,0.9,SYSTEM_POWER_DEFICIT,3.266458588768728e-05,0.9,43200.0,10800.0,canonical_wrb_wall_clock,0.2,POWER_CONSTRAINED,TSM-01-v0.4.4-canonical-with-RSIM-wrapper-v1,39245.98984000422,341.75666597604237,329.18437204106596,39245.98984000422,b348f00169c885d3849e406bf8ee33c9e3461c493394179d38bcd5672eae6285,run,970534997.0831524,29954.783860591124,0bc835960d36e83155548af7ecfc4807910140e830010d3c36d9ac83a298ebc5,rsim-001-smoke.1,non-authoritative representative architecture challenge; not attack or spacecraft validation,9,43200.0,1451993045.840408,-3.484138687781524e-06,0,0.0,0.0,False,power_aware_benign,W4 — power-aware benign,"[""E1 is a fixed-wall-clock representative environment challenge, not a periodic/steady-state result"",""E1 radiator incidence and Earth-view factors are ASSUMED_EXPLORATORY"",""E1 albedo is a bounded analytic approximation, not a flight environment model"",""battery initialization-domination diagnostic flagged""]","{""battery_never_creates_energy"":true,""electrical_balance_closes"":true,""executed_le_design"":true,""executed_le_requested"":true,""fdir_never_increases_power"":true,""finite_state"":true,""housekeeping_priority"":true,""initialization_domination_flag"":true,""no_hidden_clipping"":true,""soc_within_bounds"":true}","[""time_s"",""power_availability"",""rng""]"
A0_CROSS_ENVIRONMENT_NOMINAL_FEASIBLE,462814766.41779846,493053658.9972092,955868425.4150076,RSIM-001-smoke,2054202.0201094255,0.0021165666630086786,10.184585068025683,1.0,-3.2629366614855826e-05,0.0019450467048376173,95395475.18058012,484000.0,E1_REPRESENTATIVE_ANALYTIC_LEO,7.527453229594017,5738.992815014798,968480795.063043,29891.382563674168,6165ce527011de710cb15ccd48a8ffa0436e40301667b04e9c41c957cfdd8e28,RSIM canonical-derived monotone FDIR,30.0,0.6058992007275568,2bf50b710c5028c469736791796328ef22636056,0.6819318750523632,0.6804885207791843,0.9,SYSTEM_POWER_DEFICIT,3.266458588768728e-05,0.9,43200.0,10800.0,canonical_wrb_wall_clock,0.2,CLOSED_LOOP,TSM-01-v0.4.4-canonical-with-RSIM-wrapper-v1,39245.98984000422,341.75666597604237,329.18437204106596,39245.98984000422,b348f00169c885d3849e406bf8ee33c9e3461c493394179d38bcd5672eae6285,run,970534997.0831524,29954.783860591124,0bc835960d36e83155548af7ecfc4807910140e830010d3c36d9ac83a298ebc5,rsim-001-smoke.1,non-authoritative representative architecture challenge; not attack or spacecraft validation,9,43200.0,1451993045.840408,-3.484138687781524e-06,0,0.0,0.0,False,power_aware_benign,W4 — power-aware benign,"[""E1 is a fixed-wall-clock representative environment challenge, not a periodic/steady-state result"",""E1 radiator incidence and Earth-view factors are ASSUMED_EXPLORATORY"",""E1 albedo is a bounded analytic approximation, not a flight environment model"",""battery initialization-domination diagnostic flagged""]","{""battery_never_creates_energy"":true,""electrical_balance_closes"":true,""executed_le_design"":true,""executed_le_requested"":true,""fdir_never_increases_power"":true,""finite_state"":true,""housekeeping_priority"":true,""initialization_domination_flag"":true,""no_hidden_clipping"":true,""soc_within_bounds"":true}","[""time_s"",""power_availability"",""rng""]"
A0_CROSS_ENVIRONMENT_NOMINAL_FEASIBLE,,,,RSIM-001-smoke,0.0,0.0,17.372907402787405,1.0,,,,,E0_CANONICAL,8.0,5400.0,970534997.0831524,29954.78386059112,592e37afbd5c5d98bc86e3a5185f2353b12b37c4c84a4865ce767a0c4ff34e22,,,,2bf50b710c5028c469736791796328ef22636056,0.8258213074888654,0.8258213074888654,,,,,43200.0,10800.0,canonical_wrb_wall_clock,,THERMAL_ONLY,TSM-01-v0.4.4-canonical-with-RSIM-wrapper-v1,40000.0,341.41662668056,327.73077886606796,40000.0,f1e4e90f3f517362d1f0d86129448dbb51a9890353ed63ed0111bae36bf018af,run,970534997.0831524,29954.78386059112,2f0fbfd40937927c8589002509ccbe6653e0c7dc385d343360fe8d3fcfdbd0d8,rsim-001-smoke.1,non-authoritative representative architecture challenge; not attack or spacecraft validation,9,43200.0,,1.283479832636658e-06,0,0.0,0.0,True,phase_shaped_candidate,W5 — phase-shaped adversarial candidate,[],"{""battery_never_creates_energy"":true,""electrical_balance_closes"":true,""executed_le_design"":true,""executed_le_requested"":true,""fdir_never_increases_power"":true,""finite_state"":true,""housekeeping_priority"":true,""no_hidden_clipping"":true,""soc_within_bounds"":true}","[""time_s"",""hot_mask"",""rng""]"
A0_CROSS_ENVIRONMENT_NOMINAL_FEASIBLE,237647976.34748572,271638929.1736256,509286905.52111125,RSIM-001-smoke,0.0,0.0,17.372907402787405,1.0,-4.120590710954275e-05,0.0017107900870683632,66915726.3109041,0.0,E0_CANONICAL,8.0,5400.0,970534997.0831524,29954.78386059112,592e37afbd5c5d98bc86e3a5185f2353b12b37c4c84a4865ce767a0c4ff34e22,,,0.5694069940571693,2bf50b710c5028c469736791796328ef22636056,0.8258213074888654,0.8258213074888654,0.9,,4.122344580537174e-05,0.9,43200.0,10800.0,canonical_wrb_wall_clock,0.5693927249883176,POWER_CONSTRAINED,TSM-01-v0.4.4-canonical-with-RSIM-wrapper-v1,40000.0,341.41662668056,327.73077886606796,40000.0,f1e4e90f3f517362d1f0d86129448dbb51a9890353ed63ed0111bae36bf018af,run,970534997.0831524,29954.78386059112,2f0fbfd40937927c8589002509ccbe6653e0c7dc385d343360fe8d3fcfdbd0d8,rsim-001-smoke.1,non-authoritative representative architecture challenge; not attack or spacecraft validation,9,43200.0,1439151157.8947375,1.283479832636658e-06,0,0.0,0.0,True,phase_shaped_candidate,W5 — phase-shaped adversarial candidate,[],"{""battery_never_creates_energy"":true,""electrical_balance_closes"":true,""executed_le_design"":true,""executed_le_requested"":true,""fdir_never_increases_power"":true,""finite_state"":true,""housekeeping_priority"":true,""initialization_domination_flag"":false,""no_hidden_clipping"":true,""soc_within_bounds"":true}","[""time_s"",""hot_mask"",""rng""]"
A0_CROSS_ENVIRONMENT_NOMINAL_FEASIBLE,237647976.34748572,271638929.1736256,509286905.52111125,RSIM-001-smoke,0.0,0.0,17.372907402787405,1.0,-4.120590710954275e-05,0.0017107900870683632,66915726.3109041,0.0,E0_CANONICAL,8.0,5400.0,970534997.0831524,29954.78386059112,592e37afbd5c5d98bc86e3a5185f2353b12b37c4c84a4865ce767a0c4ff34e22,RSIM canonical-derived monotone FDIR,30.0,0.5694069940571693,2bf50b710c5028c469736791796328ef22636056,0.8258213074888654,0.8258213074888654,0.9,,4.122344580537174e-05,0.9,43200.0,10800.0,canonical_wrb_wall_clock,0.5693927249883176,CLOSED_LOOP,TSM-01-v0.4.4-canonical-with-RSIM-wrapper-v1,40000.0,341.41662668056,327.73077886606796,40000.0,f1e4e90f3f517362d1f0d86129448dbb51a9890353ed63ed0111bae36bf018af,run,970534997.0831524,29954.78386059112,2f0fbfd40937927c8589002509ccbe6653e0c7dc385d343360fe8d3fcfdbd0d8,rsim-001-smoke.1,non-authoritative representative architecture challenge; not attack or spacecraft validation,9,43200.0,1439151157.8947375,1.283479832636658e-06,0,0.0,0.0,True,phase_shaped_candidate,W5 — phase-shaped adversarial candidate,[],"{""battery_never_creates_energy"":true,""electrical_balance_closes"":true,""executed_le_design"":true,""executed_le_requested"":true,""fdir_never_increases_power"":true,""finite_state"":true,""housekeeping_priority"":true,""initialization_domination_flag"":false,""no_hidden_clipping"":true,""soc_within_bounds"":true}","[""time_s"",""hot_mask"",""rng""]"
A0_CROSS_ENVIRONMENT_NOMINAL_FEASIBLE,,,,RSIM-001-smoke,0.0,0.0,16.751818439299655,1.0,,,,,E1_REPRESENTATIVE_ANALYTIC_LEO,7.527453229594017,5738.992815014798,970534997.0831524,29954.78386059112,592e37afbd5c5d98bc86e3a5185f2353b12b37c4c84a4865ce767a0c4ff34e22,,,,2bf50b710c5028c469736791796328ef22636056,0.767069085495839,0.767069085495839,,,,,43200.0,10800.0,canonical_wrb_wall_clock,,THERMAL_ONLY,TSM-01-v0.4.4-canonical-with-RSIM-wrapper-v1,40000.0,348.32389934731634,334.45039872718826,40000.0,b348f00169c885d3849e406bf8ee33c9e3461c493394179d38bcd5672eae6285,run,970534997.0831524,29954.78386059112,2f0fbfd40937927c8589002509ccbe6653e0c7dc385d343360fe8d3fcfdbd0d8,rsim-001-smoke.1,non-authoritative representative architecture challenge; not attack or spacecraft validation,9,43200.0,,2.202832547482103e-07,0,141.0,0.0,True,phase_shaped_candidate,W5 — phase-shaped adversarial candidate,"[""E1 is a fixed-wall-clock representative environment challenge, not a periodic/steady-state result"",""E1 radiator incidence and Earth-view factors are ASSUMED_EXPLORATORY"",""E1 albedo is a bounded analytic approximation, not a flight environment model""]","{""battery_never_creates_energy"":true,""electrical_balance_closes"":true,""executed_le_design"":true,""executed_le_requested"":true,""fdir_never_increases_power"":true,""finite_state"":true,""housekeeping_priority"":true,""no_hidden_clipping"":true,""soc_within_bounds"":true}","[""time_s"",""hot_mask"",""rng""]"
A0_CROSS_ENVIRONMENT_NOMINAL_FEASIBLE,383244896.96539855,403541688.01861554,786786584.984014,RSIM-001-smoke,0.0,0.0,16.751818439299655,1.0,-1.901306131912861e-05,0.0018555347338590235,57435826.77252129,716000.0,E1_REPRESENTATIVE_ANALYTIC_LEO,7.527453229594017,5738.992815014798,970534997.0831524,29954.78386059112,7c5482133fe1f877d1b7e44e3034f132dd234b63d020e31159c468d928efcf20,,,0.7025952023293124,2bf50b710c5028c469736791796328ef22636056,0.767069085495839,0.767069085495839,0.9,SYSTEM_POWER_DEFICIT,1.905178214656189e-05,0.9,43200.0,10800.0,canonical_wrb_wall_clock,0.2,POWER_CONSTRAINED,TSM-01-v0.4.4-canonical-with-RSIM-wrapper-v1,40000.0,348.32389934731634,334.45039872718826,40000.0,b348f00169c885d3849e406bf8ee33c9e3461c493394179d38bcd5672eae6285,run,970534997.0831524,29954.78386059112,2f0fbfd40937927c8589002509ccbe6653e0c7dc385d343360fe8d3fcfdbd0d8,rsim-001-smoke.1,non-authoritative representative architecture challenge; not attack or spacecraft validation,9,43200.0,1451993045.840408,1.6721955944376532e-06,0,141.0,0.0,False,phase_shaped_candidate,W5 — phase-shaped adversarial candidate,"[""E1 is a fixed-wall-clock representative environment challenge, not a periodic/steady-state result"",""E1 radiator incidence and Earth-view factors are ASSUMED_EXPLORATORY"",""E1 albedo is a bounded analytic approximation, not a flight environment model"",""battery initialization-domination diagnostic flagged""]","{""battery_never_creates_energy"":true,""electrical_balance_closes"":true,""executed_le_design"":true,""executed_le_requested"":true,""fdir_never_increases_power"":true,""finite_state"":true,""housekeeping_priority"":true,""initialization_domination_flag"":true,""no_hidden_clipping"":true,""soc_within_bounds"":true}","[""time_s"",""hot_mask"",""rng""]"
A0_CROSS_ENVIRONMENT_NOMINAL_FEASIBLE,383244896.96539867,403541688.01861554,786786584.9840143,RSIM-001-smoke,2371474.7614980913,0.0024434716611202332,16.626498705653376,1.0,-1.8859091142076068e-05,0.0018555347338590235,59807301.53401922,716000.0,E1_REPRESENTATIVE_ANALYTIC_LEO,7.527453229594017,5738.992815014798,968163522.3216543,29881.59019511279,fc3164d09cf1032421b8e8da5ca1f50814be838dd130e30ba7629942fe487781,RSIM canonical-derived monotone FDIR,30.0,0.7025952023293124,2bf50b710c5028c469736791796328ef22636056,0.7664985312741774,0.767069085495839,0.9,SYSTEM_POWER_DEFICIT,1.8897811969509348e-05,0.9,43200.0,10800.0,canonical_wrb_wall_clock,0.2,CLOSED_LOOP,TSM-01-v0.4.4-canonical-with-RSIM-wrapper-v1,40000.0,348.19857961367006,334.4170671336962,40000.0,b348f00169c885d3849e406bf8ee33c9e3461c493394179d38bcd5672eae6285,run,970534997.0831524,29954.78386059112,2f0fbfd40937927c8589002509ccbe6653e0c7dc385d343360fe8d3fcfdbd0d8,rsim-001-smoke.1,non-authoritative representative architecture challenge; not attack or spacecraft validation,9,43200.0,1451993045.840408,8.186775630747434e-07,1,31.0,85.0,False,phase_shaped_candidate,W5 — phase-shaped adversarial candidate,"[""E1 is a fixed-wall-clock representative environment challenge, not a periodic/steady-state result"",""E1 radiator incidence and Earth-view factors are ASSUMED_EXPLORATORY"",""E1 albedo is a bounded analytic approximation, not a flight environment model"",""battery initialization-domination diagnostic flagged""]","{""battery_never_creates_energy"":true,""electrical_balance_closes"":true,""executed_le_design"":true,""executed_le_requested"":true,""fdir_never_increases_power"":true,""finite_state"":true,""housekeeping_priority"":true,""initialization_domination_flag"":true,""no_hidden_clipping"":true,""soc_within_bounds"":true}","[""time_s"",""hot_mask"",""rng""]"
