record_type,schema_version,campaign_id,architecture_id,architecture_condition,architecture_comparison_baseline,scientific_scope,git_commit,seed,workload_id,workload_label,environment_id,mode,dt_s,simulation_duration_s,measurement_start_s,measurement_end_s_exclusive,requested_workload_trace_sha256,physical_realization_sha256,fdir_controller,fdir_latency_s,valid_run,invalid_reason,warmup_power_deficit_flag,compute_denied_due_instantaneous_power_J,compute_denied_due_battery_reserve_J,compute_denied_due_fdir_J,electrical_unserved_compute_energy_J,essential_reserve_J,protected_battery_SOC_equivalent,time_until_next_generation_s,reserve_active,reserve_limited_compute,reserve_denied_compute_W,reserve_active_time_s,reserve_limited_compute_time_s,requested_mean_compute_power_W,executed_mean_compute_power_W,requested_compute_energy_J,executed_compute_energy_J,compute_energy_denied_J,compute_energy_denied_fraction,peak_requested_compute_power_W,peak_executed_compute_power_W,peak_node_temperature_K,peak_radiator_temperature_K,time_above_project_throttle_threshold_s,thermal_throttle_event_count,time_thermally_throttled_s,hot_phase_requested_energy_fraction,hot_phase_executed_energy_fraction,executed_workload_trace_sha256,thermal_energy_balance_residual_J,initial_battery_SOC,final_battery_SOC,minimum_battery_SOC,maximum_battery_SOC,battery_energy_throughput_J,solar_energy_generated_J,battery_energy_discharged_J,battery_energy_charged_J,electrical_energy_curtailed_J,electrical_unserved_energy_J,electrical_energy_balance_residual_J,maximum_absolute_cumulative_electrical_residual_J,electrical_energy_balance_tolerance_J,delta_peak_temperature_vs_reference_K,controller_status_aggregation,invariants,assumption_dominance_warnings
run,rsim-001-pwr1.1,RSIM-001-PWR1,A0-R_RESERVE_AWARE_ESSENTIAL_LOAD_ADMISSION,ESSENTIAL_RESERVE_FEASIBLE,A0-M_MYOPIC_ADMISSION,non-authoritative reserve-aware admission challenge; unchanged A0 hardware; not attack or spacecraft validation,55fc2d816b210ab18ecf700d22c0a53aa46f86ce,0,constant_reference,W0 — constant reference,E0_CANONICAL,POWER_CONSTRAINED,1.0,43200.0,10800.0,43200.0,c764803869c24ee6d44da3021b834589271b02a50e268b7b2c12cbcd3fa542c8,f1e4e90f3f517362d1f0d86129448dbb51a9890353ed63ed0111bae36bf018af,,,True,,False,0.0,0.0,0.0,0.0,4320000.0,0.2420159385639026,2052.0,True,False,0.0,16416.0,0.0,29955.684110058894,29955.684110058894,970564165.1659082,970564165.1659082,0.0,0.0,29955.684110058897,29955.684110058897,324.0455667606524,313.4806658746379,0.0,0,0.0,0.6200000000000001,0.6200000000000001,f031c2a14c3c82a4615f6255ecb04c808faaf1d92f5993402bbf727cfbdbd0b8,-6.73486283631064e-07,0.9,0.2286759698321553,0.2286759698321553,0.9,1035364165.165865,1439151157.8947375,552194221.4218178,483169943.7440473,74650173.9077116,0.0,-6.185134407132864e-05,6.421970465453342e-05,0.0019913453793165554,0.0,"{""essential_reserve_J"":""maximum_over_full_trace"",""protected_battery_SOC_equivalent"":""maximum_over_full_trace"",""reserve_active"":""any_over_full_trace"",""reserve_denied_compute_W"":""maximum_over_full_trace"",""reserve_limited_compute"":""any_over_full_trace"",""time_until_next_generation_s"":""maximum_over_full_trace""}","{""battery_never_creates_energy"":true,""compute_denial_attribution_closes"":true,""electrical_balance_closes"":true,""essential_reserve_architecture_feasible"":true,""executed_le_design"":true,""executed_le_requested"":true,""fdir_never_increases_power"":true,""finite_state"":true,""housekeeping_priority"":true,""no_hidden_clipping"":true,""reserve_never_increases_power"":true,""soc_within_bounds"":true,""warmup_power_deficit_flag"":false}",[]
run,rsim-001-pwr1.1,RSIM-001-PWR1,A0-R_RESERVE_AWARE_ESSENTIAL_LOAD_ADMISSION,ESSENTIAL_RESERVE_FEASIBLE,A0-M_MYOPIC_ADMISSION,non-authoritative reserve-aware admission challenge; unchanged A0 hardware; not attack or spacecraft validation,55fc2d816b210ab18ecf700d22c0a53aa46f86ce,0,constant_reference,W0 — constant reference,E0_CANONICAL,CLOSED_LOOP,1.0,43200.0,10800.0,43200.0,c764803869c24ee6d44da3021b834589271b02a50e268b7b2c12cbcd3fa542c8,f1e4e90f3f517362d1f0d86129448dbb51a9890353ed63ed0111bae36bf018af,RSIM canonical-derived monotone FDIR,30.0,True,,False,0.0,0.0,0.0,0.0,4320000.0,0.2420159385639026,2052.0,True,False,0.0,16416.0,0.0,29955.684110058894,29955.684110058894,970564165.1659082,970564165.1659082,0.0,0.0,29955.684110058897,29955.684110058897,324.0455667606524,313.4806658746379,0.0,0,0.0,0.6200000000000001,0.6200000000000001,f031c2a14c3c82a4615f6255ecb04c808faaf1d92f5993402bbf727cfbdbd0b8,-6.73486283631064e-07,0.9,0.2286759698321553,0.2286759698321553,0.9,1035364165.165865,1439151157.8947375,552194221.4218178,483169943.7440473,74650173.9077116,0.0,-6.185134407132864e-05,6.421970465453342e-05,0.0019913453793165554,0.0,"{""essential_reserve_J"":""maximum_over_full_trace"",""protected_battery_SOC_equivalent"":""maximum_over_full_trace"",""reserve_active"":""any_over_full_trace"",""reserve_denied_compute_W"":""maximum_over_full_trace"",""reserve_limited_compute"":""any_over_full_trace"",""time_until_next_generation_s"":""maximum_over_full_trace""}","{""battery_never_creates_energy"":true,""compute_denial_attribution_closes"":true,""electrical_balance_closes"":true,""essential_reserve_architecture_feasible"":true,""executed_le_design"":true,""executed_le_requested"":true,""fdir_never_increases_power"":true,""finite_state"":true,""housekeeping_priority"":true,""no_hidden_clipping"":true,""reserve_never_increases_power"":true,""soc_within_bounds"":true,""warmup_power_deficit_flag"":false}",[]
run,rsim-001-pwr1.1,RSIM-001-PWR1,A0-R_RESERVE_AWARE_ESSENTIAL_LOAD_ADMISSION,ESSENTIAL_RESERVE_FEASIBLE,A0-M_MYOPIC_ADMISSION,non-authoritative reserve-aware admission challenge; unchanged A0 hardware; not attack or spacecraft validation,55fc2d816b210ab18ecf700d22c0a53aa46f86ce,0,constant_reference,W0 — constant reference,E1_REPRESENTATIVE_ANALYTIC_LEO,POWER_CONSTRAINED,1.0,43200.0,10800.0,43200.0,c764803869c24ee6d44da3021b834589271b02a50e268b7b2c12cbcd3fa542c8,b348f00169c885d3849e406bf8ee33c9e3461c493394179d38bcd5672eae6285,,,True,,False,0.0,0.0,0.0,0.0,4496842.105263158,0.24373588926534892,2136.0,True,False,0.0,16177.0,0.0,29955.684110058894,29955.684110058894,970564165.1659082,970564165.1659082,0.0,0.0,29955.684110058897,29955.684110058897,331.573832753243,320.96156980894125,0.0,0,0.0,0.6325617283950618,0.6325617283950618,f031c2a14c3c82a4615f6255ecb04c808faaf1d92f5993402bbf727cfbdbd0b8,1.262035766558256e-06,0.9,0.49923394885205763,0.20119486918200996,0.9,1047103674.3810353,1451993045.840408,544154844.0509715,502948830.3300638,59034772.734218664,0.0,-5.917819362366572e-05,6.044006295269355e-05,0.0019961478898913795,0.0,"{""essential_reserve_J"":""maximum_over_full_trace"",""protected_battery_SOC_equivalent"":""maximum_over_full_trace"",""reserve_active"":""any_over_full_trace"",""reserve_denied_compute_W"":""maximum_over_full_trace"",""reserve_limited_compute"":""any_over_full_trace"",""time_until_next_generation_s"":""maximum_over_full_trace""}","{""battery_never_creates_energy"":true,""compute_denial_attribution_closes"":true,""electrical_balance_closes"":true,""essential_reserve_architecture_feasible"":true,""executed_le_design"":true,""executed_le_requested"":true,""fdir_never_increases_power"":true,""finite_state"":true,""housekeeping_priority"":true,""no_hidden_clipping"":true,""reserve_never_increases_power"":true,""soc_within_bounds"":true,""warmup_power_deficit_flag"":false}","[""E1 is a fixed-wall-clock representative environment challenge, not a periodic/steady-state result"",""E1 radiator incidence and Earth-view factors are ASSUMED_EXPLORATORY"",""E1 albedo is a bounded analytic approximation, not a flight environment model""]"
run,rsim-001-pwr1.1,RSIM-001-PWR1,A0-R_RESERVE_AWARE_ESSENTIAL_LOAD_ADMISSION,ESSENTIAL_RESERVE_FEASIBLE,A0-M_MYOPIC_ADMISSION,non-authoritative reserve-aware admission challenge; unchanged A0 hardware; not attack or spacecraft validation,55fc2d816b210ab18ecf700d22c0a53aa46f86ce,0,constant_reference,W0 — constant reference,E1_REPRESENTATIVE_ANALYTIC_LEO,CLOSED_LOOP,1.0,43200.0,10800.0,43200.0,c764803869c24ee6d44da3021b834589271b02a50e268b7b2c12cbcd3fa542c8,b348f00169c885d3849e406bf8ee33c9e3461c493394179d38bcd5672eae6285,RSIM canonical-derived monotone FDIR,30.0,True,,False,0.0,0.0,0.0,0.0,4496842.105263158,0.24373588926534892,2136.0,True,False,0.0,16177.0,0.0,29955.684110058894,29955.684110058894,970564165.1659082,970564165.1659082,0.0,0.0,29955.684110058897,29955.684110058897,331.573832753243,320.96156980894125,0.0,0,0.0,0.6325617283950618,0.6325617283950618,f031c2a14c3c82a4615f6255ecb04c808faaf1d92f5993402bbf727cfbdbd0b8,1.262035766558256e-06,0.9,0.49923394885205763,0.20119486918200996,0.9,1047103674.3810353,1451993045.840408,544154844.0509715,502948830.3300638,59034772.734218664,0.0,-5.917819362366572e-05,6.044006295269355e-05,0.0019961478898913795,0.0,"{""essential_reserve_J"":""maximum_over_full_trace"",""protected_battery_SOC_equivalent"":""maximum_over_full_trace"",""reserve_active"":""any_over_full_trace"",""reserve_denied_compute_W"":""maximum_over_full_trace"",""reserve_limited_compute"":""any_over_full_trace"",""time_until_next_generation_s"":""maximum_over_full_trace""}","{""battery_never_creates_energy"":true,""compute_denial_attribution_closes"":true,""electrical_balance_closes"":true,""essential_reserve_architecture_feasible"":true,""executed_le_design"":true,""executed_le_requested"":true,""fdir_never_increases_power"":true,""finite_state"":true,""housekeeping_priority"":true,""no_hidden_clipping"":true,""reserve_never_increases_power"":true,""soc_within_bounds"":true,""warmup_power_deficit_flag"":false}","[""E1 is a fixed-wall-clock representative environment challenge, not a periodic/steady-state result"",""E1 radiator incidence and Earth-view factors are ASSUMED_EXPLORATORY"",""E1 albedo is a bounded analytic approximation, not a flight environment model""]"
run,rsim-001-pwr1.1,RSIM-001-PWR1,A0-R_RESERVE_AWARE_ESSENTIAL_LOAD_ADMISSION,ESSENTIAL_RESERVE_FEASIBLE,A0-M_MYOPIC_ADMISSION,non-authoritative reserve-aware admission challenge; unchanged A0 hardware; not attack or spacecraft validation,55fc2d816b210ab18ecf700d22c0a53aa46f86ce,0,diversified_stochastic,W1 — diversified stochastic,E0_CANONICAL,POWER_CONSTRAINED,1.0,43200.0,10800.0,43200.0,e960ef341cebc0583b018b6773b5744590feb490ab349beb3689815b57da93ab,f1e4e90f3f517362d1f0d86129448dbb51a9890353ed63ed0111bae36bf018af,,,True,,False,0.0,0.0,0.0,0.0,4320000.0,0.2420159385639026,2052.0,True,False,0.0,16416.0,0.0,29955.6841100589,29955.6841100589,970564165.1659082,970564165.1659082,0.0,0.0,36493.97815098716,36493.97815098716,325.97583189983095,315.0595767824931,0.0,0,0.0,0.6216305189291582,0.6216305189291582,bf87fc1ff9bf3d5b2ecb6f0147365e0510aafdb4ad7cc46d4189250de5b62404,-1.7095771909225732e-07,0.9,0.22591105496889902,0.20707284202456125,0.9,1036334214.136854,1439151157.8947375,552821387.5875367,483512826.54931736,72985775.71099682,0.0,-1.4698402083013207e-05,1.4932411431800574e-05,0.001991972545482274,1.930265139178573,"{""essential_reserve_J"":""maximum_over_full_trace"",""protected_battery_SOC_equivalent"":""maximum_over_full_trace"",""reserve_active"":""any_over_full_trace"",""reserve_denied_compute_W"":""maximum_over_full_trace"",""reserve_limited_compute"":""any_over_full_trace"",""time_until_next_generation_s"":""maximum_over_full_trace""}","{""battery_never_creates_energy"":true,""compute_denial_attribution_closes"":true,""electrical_balance_closes"":true,""essential_reserve_architecture_feasible"":true,""executed_le_design"":true,""executed_le_requested"":true,""fdir_never_increases_power"":true,""finite_state"":true,""housekeeping_priority"":true,""no_hidden_clipping"":true,""reserve_never_increases_power"":true,""soc_within_bounds"":true,""warmup_power_deficit_flag"":false}",[]
run,rsim-001-pwr1.1,RSIM-001-PWR1,A0-R_RESERVE_AWARE_ESSENTIAL_LOAD_ADMISSION,ESSENTIAL_RESERVE_FEASIBLE,A0-M_MYOPIC_ADMISSION,non-authoritative reserve-aware admission challenge; unchanged A0 hardware; not attack or spacecraft validation,55fc2d816b210ab18ecf700d22c0a53aa46f86ce,0,diversified_stochastic,W1 — diversified stochastic,E0_CANONICAL,CLOSED_LOOP,1.0,43200.0,10800.0,43200.0,e960ef341cebc0583b018b6773b5744590feb490ab349beb3689815b57da93ab,f1e4e90f3f517362d1f0d86129448dbb51a9890353ed63ed0111bae36bf018af,RSIM canonical-derived monotone FDIR,30.0,True,,False,0.0,0.0,0.0,0.0,4320000.0,0.2420159385639026,2052.0,True,False,0.0,16416.0,0.0,29955.6841100589,29955.6841100589,970564165.1659082,970564165.1659082,0.0,0.0,36493.97815098716,36493.97815098716,325.97583189983095,315.0595767824931,0.0,0,0.0,0.6216305189291582,0.6216305189291582,bf87fc1ff9bf3d5b2ecb6f0147365e0510aafdb4ad7cc46d4189250de5b62404,-1.7095771909225732e-07,0.9,0.22591105496889902,0.20707284202456125,0.9,1036334214.136854,1439151157.8947375,552821387.5875367,483512826.54931736,72985775.71099682,0.0,-1.4698402083013207e-05,1.4932411431800574e-05,0.001991972545482274,1.930265139178573,"{""essential_reserve_J"":""maximum_over_full_trace"",""protected_battery_SOC_equivalent"":""maximum_over_full_trace"",""reserve_active"":""any_over_full_trace"",""reserve_denied_compute_W"":""maximum_over_full_trace"",""reserve_limited_compute"":""any_over_full_trace"",""time_until_next_generation_s"":""maximum_over_full_trace""}","{""battery_never_creates_energy"":true,""compute_denial_attribution_closes"":true,""electrical_balance_closes"":true,""essential_reserve_architecture_feasible"":true,""executed_le_design"":true,""executed_le_requested"":true,""fdir_never_increases_power"":true,""finite_state"":true,""housekeeping_priority"":true,""no_hidden_clipping"":true,""reserve_never_increases_power"":true,""soc_within_bounds"":true,""warmup_power_deficit_flag"":false}",[]
run,rsim-001-pwr1.1,RSIM-001-PWR1,A0-R_RESERVE_AWARE_ESSENTIAL_LOAD_ADMISSION,ESSENTIAL_RESERVE_FEASIBLE,A0-M_MYOPIC_ADMISSION,non-authoritative reserve-aware admission challenge; unchanged A0 hardware; not attack or spacecraft validation,55fc2d816b210ab18ecf700d22c0a53aa46f86ce,0,diversified_stochastic,W1 — diversified stochastic,E1_REPRESENTATIVE_ANALYTIC_LEO,POWER_CONSTRAINED,1.0,43200.0,10800.0,43200.0,e960ef341cebc0583b018b6773b5744590feb490ab349beb3689815b57da93ab,b348f00169c885d3849e406bf8ee33c9e3461c493394179d38bcd5672eae6285,,,True,,False,594432.4607911388,1854997.4135083037,0.0,2449429.8742994424,4496842.105263158,0.24373588926534892,2136.0,True,True,35689.50828707513,16177.0,112.0,29955.6841100589,29880.08442258052,970564165.1659082,968114735.2916088,2449429.8742994424,0.002523717609006033,36493.97815098716,36493.97815098716,333.4725549580104,322.5654441640461,0.0,0,0.0,0.6332582149037339,0.6348604233333613,d6853567199f3c2809a764abde55094db2f85affa6972a9a2b11f20468a75236,3.7343893382058013e-06,0.9,0.5147319580915946,0.2,0.9,1041177049.8137445,1451993045.840408,540394793.6459719,500782256.16777265,59606353.38118696,0.0,-1.4783213828195585e-05,1.4884891697874991e-05,0.00199238783948638,1.8987222047674095,"{""essential_reserve_J"":""maximum_over_full_trace"",""protected_battery_SOC_equivalent"":""maximum_over_full_trace"",""reserve_active"":""any_over_full_trace"",""reserve_denied_compute_W"":""maximum_over_full_trace"",""reserve_limited_compute"":""any_over_full_trace"",""time_until_next_generation_s"":""maximum_over_full_trace""}","{""battery_never_creates_energy"":true,""compute_denial_attribution_closes"":true,""electrical_balance_closes"":true,""essential_reserve_architecture_feasible"":true,""executed_le_design"":true,""executed_le_requested"":true,""fdir_never_increases_power"":true,""finite_state"":true,""housekeeping_priority"":true,""no_hidden_clipping"":true,""reserve_never_increases_power"":true,""soc_within_bounds"":true,""warmup_power_deficit_flag"":false}","[""E1 is a fixed-wall-clock representative environment challenge, not a periodic/steady-state result"",""E1 radiator incidence and Earth-view factors are ASSUMED_EXPLORATORY"",""E1 albedo is a bounded analytic approximation, not a flight environment model""]"
run,rsim-001-pwr1.1,RSIM-001-PWR1,A0-R_RESERVE_AWARE_ESSENTIAL_LOAD_ADMISSION,ESSENTIAL_RESERVE_FEASIBLE,A0-M_MYOPIC_ADMISSION,non-authoritative reserve-aware admission challenge; unchanged A0 hardware; not attack or spacecraft validation,55fc2d816b210ab18ecf700d22c0a53aa46f86ce,0,diversified_stochastic,W1 — diversified stochastic,E1_REPRESENTATIVE_ANALYTIC_LEO,CLOSED_LOOP,1.0,43200.0,10800.0,43200.0,e960ef341cebc0583b018b6773b5744590feb490ab349beb3689815b57da93ab,b348f00169c885d3849e406bf8ee33c9e3461c493394179d38bcd5672eae6285,RSIM canonical-derived monotone FDIR,30.0,True,,False,594432.4607911388,1854997.4135083037,0.0,2449429.8742994424,4496842.105263158,0.24373588926534892,2136.0,True,True,35689.50828707513,16177.0,112.0,29955.6841100589,29880.08442258052,970564165.1659082,968114735.2916088,2449429.8742994424,0.002523717609006033,36493.97815098716,36493.97815098716,333.4725549580104,322.5654441640461,0.0,0,0.0,0.6332582149037339,0.6348604233333613,d6853567199f3c2809a764abde55094db2f85affa6972a9a2b11f20468a75236,3.7343893382058013e-06,0.9,0.5147319580915946,0.2,0.9,1041177049.8137445,1451993045.840408,540394793.6459719,500782256.16777265,59606353.38118696,0.0,-1.4783213828195585e-05,1.4884891697874991e-05,0.00199238783948638,1.8987222047674095,"{""essential_reserve_J"":""maximum_over_full_trace"",""protected_battery_SOC_equivalent"":""maximum_over_full_trace"",""reserve_active"":""any_over_full_trace"",""reserve_denied_compute_W"":""maximum_over_full_trace"",""reserve_limited_compute"":""any_over_full_trace"",""time_until_next_generation_s"":""maximum_over_full_trace""}","{""battery_never_creates_energy"":true,""compute_denial_attribution_closes"":true,""electrical_balance_closes"":true,""essential_reserve_architecture_feasible"":true,""executed_le_design"":true,""executed_le_requested"":true,""fdir_never_increases_power"":true,""finite_state"":true,""housekeeping_priority"":true,""no_hidden_clipping"":true,""reserve_never_increases_power"":true,""soc_within_bounds"":true,""warmup_power_deficit_flag"":false}","[""E1 is a fixed-wall-clock representative environment challenge, not a periodic/steady-state result"",""E1 radiator incidence and Earth-view factors are ASSUMED_EXPLORATORY"",""E1 albedo is a bounded analytic approximation, not a flight environment model""]"
run,rsim-001-pwr1.1,RSIM-001-PWR1,A0-R_RESERVE_AWARE_ESSENTIAL_LOAD_ADMISSION,ESSENTIAL_RESERVE_FEASIBLE,A0-M_MYOPIC_ADMISSION,non-authoritative reserve-aware admission challenge; unchanged A0 hardware; not attack or spacecraft validation,55fc2d816b210ab18ecf700d22c0a53aa46f86ce,0,bursty_benign,W2 — bursty benign,E0_CANONICAL,POWER_CONSTRAINED,1.0,43200.0,10800.0,43200.0,833d3fc32958e301ed10b50465f17a7b8e4f353c3557e4628feeeb0af525e024,f1e4e90f3f517362d1f0d86129448dbb51a9890353ed63ed0111bae36bf018af,,,True,,False,206126.336982859,3556730.1508184588,0.0,3762856.4878013176,4320000.0,0.2420159385639026,2052.0,True,True,40000.0,16416.0,442.0,29955.684110058894,29839.5465641391,970564165.1659082,966801308.6781069,3762856.4878013176,0.0038769785892085714,40000.0,40000.0,334.21703242724436,321.6568601971218,0.0,0,0.0,0.6297295810995157,0.632180531484596,f12e09042436cf709785365224d0e4cb516c3635f67532b89f7aad5d3b32243d,3.539896624715766e-06,0.9,0.24166094256078074,0.2,0.9,1008101436.2935778,1439151157.8947375,537895311.7146788,470206124.57889897,80520082.9713061,0.0,-1.423121329935384e-05,1.6777678411017405e-05,0.001977046469609416,10.171465666591985,"{""essential_reserve_J"":""maximum_over_full_trace"",""protected_battery_SOC_equivalent"":""maximum_over_full_trace"",""reserve_active"":""any_over_full_trace"",""reserve_denied_compute_W"":""maximum_over_full_trace"",""reserve_limited_compute"":""any_over_full_trace"",""time_until_next_generation_s"":""maximum_over_full_trace""}","{""battery_never_creates_energy"":true,""compute_denial_attribution_closes"":true,""electrical_balance_closes"":true,""essential_reserve_architecture_feasible"":true,""executed_le_design"":true,""executed_le_requested"":true,""fdir_never_increases_power"":true,""finite_state"":true,""housekeeping_priority"":true,""no_hidden_clipping"":true,""reserve_never_increases_power"":true,""soc_within_bounds"":true,""warmup_power_deficit_flag"":false}",[]
run,rsim-001-pwr1.1,RSIM-001-PWR1,A0-R_RESERVE_AWARE_ESSENTIAL_LOAD_ADMISSION,ESSENTIAL_RESERVE_FEASIBLE,A0-M_MYOPIC_ADMISSION,non-authoritative reserve-aware admission challenge; unchanged A0 hardware; not attack or spacecraft validation,55fc2d816b210ab18ecf700d22c0a53aa46f86ce,0,bursty_benign,W2 — bursty benign,E0_CANONICAL,CLOSED_LOOP,1.0,43200.0,10800.0,43200.0,833d3fc32958e301ed10b50465f17a7b8e4f353c3557e4628feeeb0af525e024,f1e4e90f3f517362d1f0d86129448dbb51a9890353ed63ed0111bae36bf018af,RSIM canonical-derived monotone FDIR,30.0,True,,False,206126.336982859,3556730.1508184588,0.0,3762856.4878013176,4320000.0,0.2420159385639026,2052.0,True,True,40000.0,16416.0,442.0,29955.684110058894,29839.5465641391,970564165.1659082,966801308.6781069,3762856.4878013176,0.0038769785892085714,40000.0,40000.0,334.21703242724436,321.6568601971218,0.0,0,0.0,0.6297295810995157,0.632180531484596,f12e09042436cf709785365224d0e4cb516c3635f67532b89f7aad5d3b32243d,3.539896624715766e-06,0.9,0.24166094256078074,0.2,0.9,1008101436.2935778,1439151157.8947375,537895311.7146788,470206124.57889897,80520082.9713061,0.0,-1.423121329935384e-05,1.6777678411017405e-05,0.001977046469609416,10.171465666591985,"{""essential_reserve_J"":""maximum_over_full_trace"",""protected_battery_SOC_equivalent"":""maximum_over_full_trace"",""reserve_active"":""any_over_full_trace"",""reserve_denied_compute_W"":""maximum_over_full_trace"",""reserve_limited_compute"":""any_over_full_trace"",""time_until_next_generation_s"":""maximum_over_full_trace""}","{""battery_never_creates_energy"":true,""compute_denial_attribution_closes"":true,""electrical_balance_closes"":true,""essential_reserve_architecture_feasible"":true,""executed_le_design"":true,""executed_le_requested"":true,""fdir_never_increases_power"":true,""finite_state"":true,""housekeeping_priority"":true,""no_hidden_clipping"":true,""reserve_never_increases_power"":true,""soc_within_bounds"":true,""warmup_power_deficit_flag"":false}",[]
run,rsim-001-pwr1.1,RSIM-001-PWR1,A0-R_RESERVE_AWARE_ESSENTIAL_LOAD_ADMISSION,ESSENTIAL_RESERVE_FEASIBLE,A0-M_MYOPIC_ADMISSION,non-authoritative reserve-aware admission challenge; unchanged A0 hardware; not attack or spacecraft validation,55fc2d816b210ab18ecf700d22c0a53aa46f86ce,0,bursty_benign,W2 — bursty benign,E1_REPRESENTATIVE_ANALYTIC_LEO,POWER_CONSTRAINED,1.0,43200.0,10800.0,43200.0,833d3fc32958e301ed10b50465f17a7b8e4f353c3557e4628feeeb0af525e024,b348f00169c885d3849e406bf8ee33c9e3461c493394179d38bcd5672eae6285,,,True,,False,229883.579677902,5638647.843070487,0.0,5868531.422748388,4496842.105263158,0.24373588926534892,2136.0,True,True,40000.0,16177.0,430.0,29955.684110058894,29774.556597011106,970564165.1659082,964695633.7431598,5868531.422748388,0.006046515659008718,40000.0,40000.0,341.9831294688171,328.9960695953841,0.0,0,0.0,0.6452570361674148,0.6491823272748339,b4b07429b526e4b939818dff22b967978cfaf98a1821b2568f3caacc74ec5232,-4.5467913878383115e-07,0.9,0.5067709265686439,0.2,0.9,994841557.1083438,1451993045.840408,517636316.458194,477205240.6501498,64319129.28154442,0.0,-5.0949875003425404e-06,8.225964847952127e-06,0.0019696293622986022,10.4092967155741,"{""essential_reserve_J"":""maximum_over_full_trace"",""protected_battery_SOC_equivalent"":""maximum_over_full_trace"",""reserve_active"":""any_over_full_trace"",""reserve_denied_compute_W"":""maximum_over_full_trace"",""reserve_limited_compute"":""any_over_full_trace"",""time_until_next_generation_s"":""maximum_over_full_trace""}","{""battery_never_creates_energy"":true,""compute_denial_attribution_closes"":true,""electrical_balance_closes"":true,""essential_reserve_architecture_feasible"":true,""executed_le_design"":true,""executed_le_requested"":true,""fdir_never_increases_power"":true,""finite_state"":true,""housekeeping_priority"":true,""no_hidden_clipping"":true,""reserve_never_increases_power"":true,""soc_within_bounds"":true,""warmup_power_deficit_flag"":false}","[""E1 is a fixed-wall-clock representative environment challenge, not a periodic/steady-state result"",""E1 radiator incidence and Earth-view factors are ASSUMED_EXPLORATORY"",""E1 albedo is a bounded analytic approximation, not a flight environment model""]"
run,rsim-001-pwr1.1,RSIM-001-PWR1,A0-R_RESERVE_AWARE_ESSENTIAL_LOAD_ADMISSION,ESSENTIAL_RESERVE_FEASIBLE,A0-M_MYOPIC_ADMISSION,non-authoritative reserve-aware admission challenge; unchanged A0 hardware; not attack or spacecraft validation,55fc2d816b210ab18ecf700d22c0a53aa46f86ce,0,bursty_benign,W2 — bursty benign,E1_REPRESENTATIVE_ANALYTIC_LEO,CLOSED_LOOP,1.0,43200.0,10800.0,43200.0,833d3fc32958e301ed10b50465f17a7b8e4f353c3557e4628feeeb0af525e024,b348f00169c885d3849e406bf8ee33c9e3461c493394179d38bcd5672eae6285,RSIM canonical-derived monotone FDIR,30.0,True,,False,229883.579677902,5638647.843070487,0.0,5868531.422748388,4496842.105263158,0.24373588926534892,2136.0,True,True,40000.0,16177.0,430.0,29955.684110058894,29774.556597011106,970564165.1659082,964695633.7431598,5868531.422748388,0.006046515659008718,40000.0,40000.0,341.9831294688171,328.9960695953841,0.0,0,0.0,0.6452570361674148,0.6491823272748339,b4b07429b526e4b939818dff22b967978cfaf98a1821b2568f3caacc74ec5232,-4.5467913878383115e-07,0.9,0.5067709265686439,0.2,0.9,994841557.1083438,1451993045.840408,517636316.458194,477205240.6501498,64319129.28154442,0.0,-5.0949875003425404e-06,8.225964847952127e-06,0.0019696293622986022,10.4092967155741,"{""essential_reserve_J"":""maximum_over_full_trace"",""protected_battery_SOC_equivalent"":""maximum_over_full_trace"",""reserve_active"":""any_over_full_trace"",""reserve_denied_compute_W"":""maximum_over_full_trace"",""reserve_limited_compute"":""any_over_full_trace"",""time_until_next_generation_s"":""maximum_over_full_trace""}","{""battery_never_creates_energy"":true,""compute_denial_attribution_closes"":true,""electrical_balance_closes"":true,""essential_reserve_architecture_feasible"":true,""executed_le_design"":true,""executed_le_requested"":true,""fdir_never_increases_power"":true,""finite_state"":true,""housekeeping_priority"":true,""no_hidden_clipping"":true,""reserve_never_increases_power"":true,""soc_within_bounds"":true,""warmup_power_deficit_flag"":false}","[""E1 is a fixed-wall-clock representative environment challenge, not a periodic/steady-state result"",""E1 radiator incidence and Earth-view factors are ASSUMED_EXPLORATORY"",""E1 albedo is a bounded analytic approximation, not a flight environment model""]"
run,rsim-001-pwr1.1,RSIM-001-PWR1,A0-R_RESERVE_AWARE_ESSENTIAL_LOAD_ADMISSION,ESSENTIAL_RESERVE_FEASIBLE,A0-M_MYOPIC_ADMISSION,non-authoritative reserve-aware admission challenge; unchanged A0 hardware; not attack or spacecraft validation,55fc2d816b210ab18ecf700d22c0a53aa46f86ce,0,queue_driven_benign,W3 — queue-driven benign,E0_CANONICAL,POWER_CONSTRAINED,1.0,43200.0,10800.0,43200.0,7c6bd5f209cf047ded42d1805adf17f25b5f06e819d8847d055509b924c50f5a,f1e4e90f3f517362d1f0d86129448dbb51a9890353ed63ed0111bae36bf018af,,,True,,False,478914.77800948406,1646464.1035772015,0.0,2125378.8815866853,4320000.0,0.2420159385639026,2052.0,True,True,40000.0,16416.0,70.0,29955.6841100589,29890.085996429676,970564165.1659082,968438786.2843215,2125378.8815866853,0.002189838609200426,40000.0,40000.0,332.3541780084191,319.9494543614462,0.0,0,0.0,0.6252193205102762,0.6265914546699074,8cf804a60279e9b8a9e8013bdcdca43c8b53b8cdf374b6eb3360e6d0e62fc523,-2.668939487193711e-07,0.9,0.28365666929032224,0.2,0.9,1010068426.4940192,1439151157.8947375,536719845.8863394,473348580.6076797,67578921.96660717,0.0,5.194106506678509e-06,1.5987195183697622e-05,0.0019758710037810767,8.308611247766748,"{""essential_reserve_J"":""maximum_over_full_trace"",""protected_battery_SOC_equivalent"":""maximum_over_full_trace"",""reserve_active"":""any_over_full_trace"",""reserve_denied_compute_W"":""maximum_over_full_trace"",""reserve_limited_compute"":""any_over_full_trace"",""time_until_next_generation_s"":""maximum_over_full_trace""}","{""battery_never_creates_energy"":true,""compute_denial_attribution_closes"":true,""electrical_balance_closes"":true,""essential_reserve_architecture_feasible"":true,""executed_le_design"":true,""executed_le_requested"":true,""fdir_never_increases_power"":true,""finite_state"":true,""housekeeping_priority"":true,""no_hidden_clipping"":true,""reserve_never_increases_power"":true,""soc_within_bounds"":true,""warmup_power_deficit_flag"":false}",[]
run,rsim-001-pwr1.1,RSIM-001-PWR1,A0-R_RESERVE_AWARE_ESSENTIAL_LOAD_ADMISSION,ESSENTIAL_RESERVE_FEASIBLE,A0-M_MYOPIC_ADMISSION,non-authoritative reserve-aware admission challenge; unchanged A0 hardware; not attack or spacecraft validation,55fc2d816b210ab18ecf700d22c0a53aa46f86ce,0,queue_driven_benign,W3 — queue-driven benign,E0_CANONICAL,CLOSED_LOOP,1.0,43200.0,10800.0,43200.0,7c6bd5f209cf047ded42d1805adf17f25b5f06e819d8847d055509b924c50f5a,f1e4e90f3f517362d1f0d86129448dbb51a9890353ed63ed0111bae36bf018af,RSIM canonical-derived monotone FDIR,30.0,True,,False,478914.77800948406,1646464.1035772015,0.0,2125378.8815866853,4320000.0,0.2420159385639026,2052.0,True,True,40000.0,16416.0,70.0,29955.6841100589,29890.085996429676,970564165.1659082,968438786.2843215,2125378.8815866853,0.002189838609200426,40000.0,40000.0,332.3541780084191,319.9494543614462,0.0,0,0.0,0.6252193205102762,0.6265914546699074,8cf804a60279e9b8a9e8013bdcdca43c8b53b8cdf374b6eb3360e6d0e62fc523,-2.668939487193711e-07,0.9,0.28365666929032224,0.2,0.9,1010068426.4940192,1439151157.8947375,536719845.8863394,473348580.6076797,67578921.96660717,0.0,5.194106506678509e-06,1.5987195183697622e-05,0.0019758710037810767,8.308611247766748,"{""essential_reserve_J"":""maximum_over_full_trace"",""protected_battery_SOC_equivalent"":""maximum_over_full_trace"",""reserve_active"":""any_over_full_trace"",""reserve_denied_compute_W"":""maximum_over_full_trace"",""reserve_limited_compute"":""any_over_full_trace"",""time_until_next_generation_s"":""maximum_over_full_trace""}","{""battery_never_creates_energy"":true,""compute_denial_attribution_closes"":true,""electrical_balance_closes"":true,""essential_reserve_architecture_feasible"":true,""executed_le_design"":true,""executed_le_requested"":true,""fdir_never_increases_power"":true,""finite_state"":true,""housekeeping_priority"":true,""no_hidden_clipping"":true,""reserve_never_increases_power"":true,""soc_within_bounds"":true,""warmup_power_deficit_flag"":false}",[]
run,rsim-001-pwr1.1,RSIM-001-PWR1,A0-R_RESERVE_AWARE_ESSENTIAL_LOAD_ADMISSION,ESSENTIAL_RESERVE_FEASIBLE,A0-M_MYOPIC_ADMISSION,non-authoritative reserve-aware admission challenge; unchanged A0 hardware; not attack or spacecraft validation,55fc2d816b210ab18ecf700d22c0a53aa46f86ce,0,queue_driven_benign,W3 — queue-driven benign,E1_REPRESENTATIVE_ANALYTIC_LEO,POWER_CONSTRAINED,1.0,43200.0,10800.0,43200.0,7c6bd5f209cf047ded42d1805adf17f25b5f06e819d8847d055509b924c50f5a,b348f00169c885d3849e406bf8ee33c9e3461c493394179d38bcd5672eae6285,,,True,,False,447255.15456311445,5894102.393719835,0.0,6341357.54828295,4496842.105263158,0.24373588926534892,2136.0,True,True,40000.0,16177.0,345.0,29955.6841100589,29759.963198074853,970564165.1659082,964222807.6176252,6341357.54828295,0.0065336819304460505,40000.0,40000.0,340.1237393296584,327.02841013085276,0.0,0,0.0,0.6388438566772773,0.6430453102009956,01c2109282c8460e1ce5db7db42ea83267613a0ae453de89a84a701c6f9f35ad,7.80160007707309e-08,0.9,0.5474791016880809,0.2,0.9,1020930671.6022332,1451993045.840408,528588104.5974167,492342567.0048165,61444097.49148747,0.0,1.0745884537755046e-05,1.1808521776401903e-05,0.001980581150437825,8.549906576415424,"{""essential_reserve_J"":""maximum_over_full_trace"",""protected_battery_SOC_equivalent"":""maximum_over_full_trace"",""reserve_active"":""any_over_full_trace"",""reserve_denied_compute_W"":""maximum_over_full_trace"",""reserve_limited_compute"":""any_over_full_trace"",""time_until_next_generation_s"":""maximum_over_full_trace""}","{""battery_never_creates_energy"":true,""compute_denial_attribution_closes"":true,""electrical_balance_closes"":true,""essential_reserve_architecture_feasible"":true,""executed_le_design"":true,""executed_le_requested"":true,""fdir_never_increases_power"":true,""finite_state"":true,""housekeeping_priority"":true,""no_hidden_clipping"":true,""reserve_never_increases_power"":true,""soc_within_bounds"":true,""warmup_power_deficit_flag"":false}","[""E1 is a fixed-wall-clock representative environment challenge, not a periodic/steady-state result"",""E1 radiator incidence and Earth-view factors are ASSUMED_EXPLORATORY"",""E1 albedo is a bounded analytic approximation, not a flight environment model""]"
run,rsim-001-pwr1.1,RSIM-001-PWR1,A0-R_RESERVE_AWARE_ESSENTIAL_LOAD_ADMISSION,ESSENTIAL_RESERVE_FEASIBLE,A0-M_MYOPIC_ADMISSION,non-authoritative reserve-aware admission challenge; unchanged A0 hardware; not attack or spacecraft validation,55fc2d816b210ab18ecf700d22c0a53aa46f86ce,0,queue_driven_benign,W3 — queue-driven benign,E1_REPRESENTATIVE_ANALYTIC_LEO,CLOSED_LOOP,1.0,43200.0,10800.0,43200.0,7c6bd5f209cf047ded42d1805adf17f25b5f06e819d8847d055509b924c50f5a,b348f00169c885d3849e406bf8ee33c9e3461c493394179d38bcd5672eae6285,RSIM canonical-derived monotone FDIR,30.0,True,,False,447255.15456311445,5894102.393719835,0.0,6341357.54828295,4496842.105263158,0.24373588926534892,2136.0,True,True,40000.0,16177.0,345.0,29955.6841100589,29759.963198074853,970564165.1659082,964222807.6176252,6341357.54828295,0.0065336819304460505,40000.0,40000.0,340.1237393296584,327.02841013085276,0.0,0,0.0,0.6388438566772773,0.6430453102009956,01c2109282c8460e1ce5db7db42ea83267613a0ae453de89a84a701c6f9f35ad,7.80160007707309e-08,0.9,0.5474791016880809,0.2,0.9,1020930671.6022332,1451993045.840408,528588104.5974167,492342567.0048165,61444097.49148747,0.0,1.0745884537755046e-05,1.1808521776401903e-05,0.001980581150437825,8.549906576415424,"{""essential_reserve_J"":""maximum_over_full_trace"",""protected_battery_SOC_equivalent"":""maximum_over_full_trace"",""reserve_active"":""any_over_full_trace"",""reserve_denied_compute_W"":""maximum_over_full_trace"",""reserve_limited_compute"":""any_over_full_trace"",""time_until_next_generation_s"":""maximum_over_full_trace""}","{""battery_never_creates_energy"":true,""compute_denial_attribution_closes"":true,""electrical_balance_closes"":true,""essential_reserve_architecture_feasible"":true,""executed_le_design"":true,""executed_le_requested"":true,""fdir_never_increases_power"":true,""finite_state"":true,""housekeeping_priority"":true,""no_hidden_clipping"":true,""reserve_never_increases_power"":true,""soc_within_bounds"":true,""warmup_power_deficit_flag"":false}","[""E1 is a fixed-wall-clock representative environment challenge, not a periodic/steady-state result"",""E1 radiator incidence and Earth-view factors are ASSUMED_EXPLORATORY"",""E1 albedo is a bounded analytic approximation, not a flight environment model""]"
run,rsim-001-pwr1.1,RSIM-001-PWR1,A0-R_RESERVE_AWARE_ESSENTIAL_LOAD_ADMISSION,ESSENTIAL_RESERVE_FEASIBLE,A0-M_MYOPIC_ADMISSION,non-authoritative reserve-aware admission challenge; unchanged A0 hardware; not attack or spacecraft validation,55fc2d816b210ab18ecf700d22c0a53aa46f86ce,0,power_aware_benign,W4 — power-aware benign,E0_CANONICAL,POWER_CONSTRAINED,1.0,43200.0,10800.0,43200.0,53d8751fe6d0825db2a06f0e0470212a3b3a6a30f214f0829ed85f5626c63f44,f1e4e90f3f517362d1f0d86129448dbb51a9890353ed63ed0111bae36bf018af,,,True,,False,0.0,0.0,0.0,0.0,4320000.0,0.2420159385639026,2052.0,True,False,0.0,16416.0,0.0,29955.684110058894,29955.684110058894,970564165.1659082,970564165.1659082,0.0,0.0,39109.404771320194,39109.404771320194,334.48491470414075,322.1151388163324,0.0,0,0.0,0.6864437721686428,0.6864437721686428,9ebf5e355331d1175de82471a90c675ca70c1ea62742c8e928cdea00b6f7dba6,3.686127456603572e-07,0.9,0.33877046458434845,0.33856456448675126,0.9,836444462.5182164,1439151157.8947375,447074515.3668184,389369947.15139794,110210523.80151191,0.0,-4.163140329183079e-05,4.173055640421808e-05,0.001886225673261556,10.439347943488372,"{""essential_reserve_J"":""maximum_over_full_trace"",""protected_battery_SOC_equivalent"":""maximum_over_full_trace"",""reserve_active"":""any_over_full_trace"",""reserve_denied_compute_W"":""maximum_over_full_trace"",""reserve_limited_compute"":""any_over_full_trace"",""time_until_next_generation_s"":""maximum_over_full_trace""}","{""battery_never_creates_energy"":true,""compute_denial_attribution_closes"":true,""electrical_balance_closes"":true,""essential_reserve_architecture_feasible"":true,""executed_le_design"":true,""executed_le_requested"":true,""fdir_never_increases_power"":true,""finite_state"":true,""housekeeping_priority"":true,""no_hidden_clipping"":true,""reserve_never_increases_power"":true,""soc_within_bounds"":true,""warmup_power_deficit_flag"":false}",[]
run,rsim-001-pwr1.1,RSIM-001-PWR1,A0-R_RESERVE_AWARE_ESSENTIAL_LOAD_ADMISSION,ESSENTIAL_RESERVE_FEASIBLE,A0-M_MYOPIC_ADMISSION,non-authoritative reserve-aware admission challenge; unchanged A0 hardware; not attack or spacecraft validation,55fc2d816b210ab18ecf700d22c0a53aa46f86ce,0,power_aware_benign,W4 — power-aware benign,E0_CANONICAL,CLOSED_LOOP,1.0,43200.0,10800.0,43200.0,53d8751fe6d0825db2a06f0e0470212a3b3a6a30f214f0829ed85f5626c63f44,f1e4e90f3f517362d1f0d86129448dbb51a9890353ed63ed0111bae36bf018af,RSIM canonical-derived monotone FDIR,30.0,True,,False,0.0,0.0,0.0,0.0,4320000.0,0.2420159385639026,2052.0,True,False,0.0,16416.0,0.0,29955.684110058894,29955.684110058894,970564165.1659082,970564165.1659082,0.0,0.0,39109.404771320194,39109.404771320194,334.48491470414075,322.1151388163324,0.0,0,0.0,0.6864437721686428,0.6864437721686428,9ebf5e355331d1175de82471a90c675ca70c1ea62742c8e928cdea00b6f7dba6,3.686127456603572e-07,0.9,0.33877046458434845,0.33856456448675126,0.9,836444462.5182164,1439151157.8947375,447074515.3668184,389369947.15139794,110210523.80151191,0.0,-4.163140329183079e-05,4.173055640421808e-05,0.001886225673261556,10.439347943488372,"{""essential_reserve_J"":""maximum_over_full_trace"",""protected_battery_SOC_equivalent"":""maximum_over_full_trace"",""reserve_active"":""any_over_full_trace"",""reserve_denied_compute_W"":""maximum_over_full_trace"",""reserve_limited_compute"":""any_over_full_trace"",""time_until_next_generation_s"":""maximum_over_full_trace""}","{""battery_never_creates_energy"":true,""compute_denial_attribution_closes"":true,""electrical_balance_closes"":true,""essential_reserve_architecture_feasible"":true,""executed_le_design"":true,""executed_le_requested"":true,""fdir_never_increases_power"":true,""finite_state"":true,""housekeeping_priority"":true,""no_hidden_clipping"":true,""reserve_never_increases_power"":true,""soc_within_bounds"":true,""warmup_power_deficit_flag"":false}",[]
run,rsim-001-pwr1.1,RSIM-001-PWR1,A0-R_RESERVE_AWARE_ESSENTIAL_LOAD_ADMISSION,ESSENTIAL_RESERVE_FEASIBLE,A0-M_MYOPIC_ADMISSION,non-authoritative reserve-aware admission challenge; unchanged A0 hardware; not attack or spacecraft validation,55fc2d816b210ab18ecf700d22c0a53aa46f86ce,0,power_aware_benign,W4 — power-aware benign,E1_REPRESENTATIVE_ANALYTIC_LEO,POWER_CONSTRAINED,1.0,43200.0,10800.0,43200.0,53d8751fe6d0825db2a06f0e0470212a3b3a6a30f214f0829ed85f5626c63f44,b348f00169c885d3849e406bf8ee33c9e3461c493394179d38bcd5672eae6285,,,True,,False,113576.85742983842,2165805.4568617977,0.0,2279382.3142916365,4496842.105263158,0.24373588926534892,2136.0,True,True,26171.822275392013,16177.0,260.0,29955.684110058894,29885.332804062236,970564165.1659082,968284782.8516166,2279382.3142916365,0.002348512747636833,39109.404771320194,39109.404771320194,341.7635007027139,329.1922743226507,0.0,0,0.0,0.6804887693837385,0.6820906680126102,516b1692c3c69310d263ec08d52097bacb6dac23e2ecd0f37d413327f2d2cc75,4.245182481099619e-06,0.9,0.6058232276761125,0.2,0.9,955826714.9692209,1451993045.840408,493036709.47764486,462790005.491576,95402445.9201507,0.0,-3.26686217704264e-05,3.301937022115453e-05,0.001945029755318053,10.189667949470902,"{""essential_reserve_J"":""maximum_over_full_trace"",""protected_battery_SOC_equivalent"":""maximum_over_full_trace"",""reserve_active"":""any_over_full_trace"",""reserve_denied_compute_W"":""maximum_over_full_trace"",""reserve_limited_compute"":""any_over_full_trace"",""time_until_next_generation_s"":""maximum_over_full_trace""}","{""battery_never_creates_energy"":true,""compute_denial_attribution_closes"":true,""electrical_balance_closes"":true,""essential_reserve_architecture_feasible"":true,""executed_le_design"":true,""executed_le_requested"":true,""fdir_never_increases_power"":true,""finite_state"":true,""housekeeping_priority"":true,""no_hidden_clipping"":true,""reserve_never_increases_power"":true,""soc_within_bounds"":true,""warmup_power_deficit_flag"":false}","[""E1 is a fixed-wall-clock representative environment challenge, not a periodic/steady-state result"",""E1 radiator incidence and Earth-view factors are ASSUMED_EXPLORATORY"",""E1 albedo is a bounded analytic approximation, not a flight environment model""]"
run,rsim-001-pwr1.1,RSIM-001-PWR1,A0-R_RESERVE_AWARE_ESSENTIAL_LOAD_ADMISSION,ESSENTIAL_RESERVE_FEASIBLE,A0-M_MYOPIC_ADMISSION,non-authoritative reserve-aware admission challenge; unchanged A0 hardware; not attack or spacecraft validation,55fc2d816b210ab18ecf700d22c0a53aa46f86ce,0,power_aware_benign,W4 — power-aware benign,E1_REPRESENTATIVE_ANALYTIC_LEO,CLOSED_LOOP,1.0,43200.0,10800.0,43200.0,53d8751fe6d0825db2a06f0e0470212a3b3a6a30f214f0829ed85f5626c63f44,b348f00169c885d3849e406bf8ee33c9e3461c493394179d38bcd5672eae6285,RSIM canonical-derived monotone FDIR,30.0,True,,False,113576.85742983842,2165805.4568617977,0.0,2279382.3142916365,4496842.105263158,0.24373588926534892,2136.0,True,True,26171.822275392013,16177.0,260.0,29955.684110058894,29885.332804062236,970564165.1659082,968284782.8516166,2279382.3142916365,0.002348512747636833,39109.404771320194,39109.404771320194,341.7635007027139,329.1922743226507,0.0,0,0.0,0.6804887693837385,0.6820906680126102,516b1692c3c69310d263ec08d52097bacb6dac23e2ecd0f37d413327f2d2cc75,4.245182481099619e-06,0.9,0.6058232276761125,0.2,0.9,955826714.9692209,1451993045.840408,493036709.47764486,462790005.491576,95402445.9201507,0.0,-3.26686217704264e-05,3.301937022115453e-05,0.001945029755318053,10.189667949470902,"{""essential_reserve_J"":""maximum_over_full_trace"",""protected_battery_SOC_equivalent"":""maximum_over_full_trace"",""reserve_active"":""any_over_full_trace"",""reserve_denied_compute_W"":""maximum_over_full_trace"",""reserve_limited_compute"":""any_over_full_trace"",""time_until_next_generation_s"":""maximum_over_full_trace""}","{""battery_never_creates_energy"":true,""compute_denial_attribution_closes"":true,""electrical_balance_closes"":true,""essential_reserve_architecture_feasible"":true,""executed_le_design"":true,""executed_le_requested"":true,""fdir_never_increases_power"":true,""finite_state"":true,""housekeeping_priority"":true,""no_hidden_clipping"":true,""reserve_never_increases_power"":true,""soc_within_bounds"":true,""warmup_power_deficit_flag"":false}","[""E1 is a fixed-wall-clock representative environment challenge, not a periodic/steady-state result"",""E1 radiator incidence and Earth-view factors are ASSUMED_EXPLORATORY"",""E1 albedo is a bounded analytic approximation, not a flight environment model""]"
run,rsim-001-pwr1.1,RSIM-001-PWR1,A0-R_RESERVE_AWARE_ESSENTIAL_LOAD_ADMISSION,ESSENTIAL_RESERVE_FEASIBLE,A0-M_MYOPIC_ADMISSION,non-authoritative reserve-aware admission challenge; unchanged A0 hardware; not attack or spacecraft validation,55fc2d816b210ab18ecf700d22c0a53aa46f86ce,0,phase_shaped_candidate,W5 — phase-shaped adversarial candidate,E0_CANONICAL,POWER_CONSTRAINED,1.0,43200.0,10800.0,43200.0,9c8395555b3e6ff8a7aa71eedd6983827f414f99dac6c3e810881627657cfe81,f1e4e90f3f517362d1f0d86129448dbb51a9890353ed63ed0111bae36bf018af,,,True,,False,0.0,0.0,0.0,0.0,4320000.0,0.2420159385639026,2052.0,True,False,0.0,16416.0,0.0,29955.6841100589,29955.6841100589,970564165.1659082,970564165.1659082,0.0,0.0,40000.0,40000.0,341.42257389277046,327.7325787963438,0.0,0,0.0,0.8258455715183841,0.8258455715183841,a5c62d474cbf5ce166b61645cb6c93232f2e557ce7420bb429a7c28517a7b551,-5.533420335268602e-07,0.9,0.5696127334596444,0.5693042604636023,0.9,509227590.3520342,1439151157.8947375,271598694.7193433,237628895.63269082,66890759.210307635,0.0,-4.112156602786854e-05,4.1221592255169526e-05,0.0017107498526140808,17.37700713211808,"{""essential_reserve_J"":""maximum_over_full_trace"",""protected_battery_SOC_equivalent"":""maximum_over_full_trace"",""reserve_active"":""any_over_full_trace"",""reserve_denied_compute_W"":""maximum_over_full_trace"",""reserve_limited_compute"":""any_over_full_trace"",""time_until_next_generation_s"":""maximum_over_full_trace""}","{""battery_never_creates_energy"":true,""compute_denial_attribution_closes"":true,""electrical_balance_closes"":true,""essential_reserve_architecture_feasible"":true,""executed_le_design"":true,""executed_le_requested"":true,""fdir_never_increases_power"":true,""finite_state"":true,""housekeeping_priority"":true,""no_hidden_clipping"":true,""reserve_never_increases_power"":true,""soc_within_bounds"":true,""warmup_power_deficit_flag"":false}",[]
run,rsim-001-pwr1.1,RSIM-001-PWR1,A0-R_RESERVE_AWARE_ESSENTIAL_LOAD_ADMISSION,ESSENTIAL_RESERVE_FEASIBLE,A0-M_MYOPIC_ADMISSION,non-authoritative reserve-aware admission challenge; unchanged A0 hardware; not attack or spacecraft validation,55fc2d816b210ab18ecf700d22c0a53aa46f86ce,0,phase_shaped_candidate,W5 — phase-shaped adversarial candidate,E0_CANONICAL,CLOSED_LOOP,1.0,43200.0,10800.0,43200.0,9c8395555b3e6ff8a7aa71eedd6983827f414f99dac6c3e810881627657cfe81,f1e4e90f3f517362d1f0d86129448dbb51a9890353ed63ed0111bae36bf018af,RSIM canonical-derived monotone FDIR,30.0,True,,False,0.0,0.0,0.0,0.0,4320000.0,0.2420159385639026,2052.0,True,False,0.0,16416.0,0.0,29955.6841100589,29955.6841100589,970564165.1659082,970564165.1659082,0.0,0.0,40000.0,40000.0,341.42257389277046,327.7325787963438,0.0,0,0.0,0.8258455715183841,0.8258455715183841,a5c62d474cbf5ce166b61645cb6c93232f2e557ce7420bb429a7c28517a7b551,-5.533420335268602e-07,0.9,0.5696127334596444,0.5693042604636023,0.9,509227590.3520342,1439151157.8947375,271598694.7193433,237628895.63269082,66890759.210307635,0.0,-4.112156602786854e-05,4.1221592255169526e-05,0.0017107498526140808,17.37700713211808,"{""essential_reserve_J"":""maximum_over_full_trace"",""protected_battery_SOC_equivalent"":""maximum_over_full_trace"",""reserve_active"":""any_over_full_trace"",""reserve_denied_compute_W"":""maximum_over_full_trace"",""reserve_limited_compute"":""any_over_full_trace"",""time_until_next_generation_s"":""maximum_over_full_trace""}","{""battery_never_creates_energy"":true,""compute_denial_attribution_closes"":true,""electrical_balance_closes"":true,""essential_reserve_architecture_feasible"":true,""executed_le_design"":true,""executed_le_requested"":true,""fdir_never_increases_power"":true,""finite_state"":true,""housekeeping_priority"":true,""no_hidden_clipping"":true,""reserve_never_increases_power"":true,""soc_within_bounds"":true,""warmup_power_deficit_flag"":false}",[]
run,rsim-001-pwr1.1,RSIM-001-PWR1,A0-R_RESERVE_AWARE_ESSENTIAL_LOAD_ADMISSION,ESSENTIAL_RESERVE_FEASIBLE,A0-M_MYOPIC_ADMISSION,non-authoritative reserve-aware admission challenge; unchanged A0 hardware; not attack or spacecraft validation,55fc2d816b210ab18ecf700d22c0a53aa46f86ce,0,phase_shaped_candidate,W5 — phase-shaped adversarial candidate,E1_REPRESENTATIVE_ANALYTIC_LEO,POWER_CONSTRAINED,1.0,43200.0,10800.0,43200.0,9c8395555b3e6ff8a7aa71eedd6983827f414f99dac6c3e810881627657cfe81,b348f00169c885d3849e406bf8ee33c9e3461c493394179d38bcd5672eae6285,,,True,,False,0.0,0.0,0.0,0.0,4496842.105263158,0.24373588926534892,2136.0,True,True,14578.131802890752,16177.0,410.0,29955.6841100589,29955.6841100589,970564165.1659082,970564165.1659082,0.0,0.0,40000.0,40000.0,348.3237287374698,334.45169620227637,142.0,0,0.0,0.7671171379839358,0.7671171379839358,0604b46c1f461cbfb2b7b9f38f0b714d440b20a4eb5e1861f9feacce8d0d4d8a,9.66936113400152e-07,0.9,0.7028321922935082,0.2,0.9,786737578.8591398,1451993045.840408,403505001.52436304,383232577.33477676,57389761.57023894,0.0,-1.9532050373527454e-05,1.9555351627786877e-05,0.001855498047364771,16.74989598422684,"{""essential_reserve_J"":""maximum_over_full_trace"",""protected_battery_SOC_equivalent"":""maximum_over_full_trace"",""reserve_active"":""any_over_full_trace"",""reserve_denied_compute_W"":""maximum_over_full_trace"",""reserve_limited_compute"":""any_over_full_trace"",""time_until_next_generation_s"":""maximum_over_full_trace""}","{""battery_never_creates_energy"":true,""compute_denial_attribution_closes"":true,""electrical_balance_closes"":true,""essential_reserve_architecture_feasible"":true,""executed_le_design"":true,""executed_le_requested"":true,""fdir_never_increases_power"":true,""finite_state"":true,""housekeeping_priority"":true,""no_hidden_clipping"":true,""reserve_never_increases_power"":true,""soc_within_bounds"":true,""warmup_power_deficit_flag"":false}","[""E1 is a fixed-wall-clock representative environment challenge, not a periodic/steady-state result"",""E1 radiator incidence and Earth-view factors are ASSUMED_EXPLORATORY"",""E1 albedo is a bounded analytic approximation, not a flight environment model""]"
run,rsim-001-pwr1.1,RSIM-001-PWR1,A0-R_RESERVE_AWARE_ESSENTIAL_LOAD_ADMISSION,ESSENTIAL_RESERVE_FEASIBLE,A0-M_MYOPIC_ADMISSION,non-authoritative reserve-aware admission challenge; unchanged A0 hardware; not attack or spacecraft validation,55fc2d816b210ab18ecf700d22c0a53aa46f86ce,0,phase_shaped_candidate,W5 — phase-shaped adversarial candidate,E1_REPRESENTATIVE_ANALYTIC_LEO,CLOSED_LOOP,1.0,43200.0,10800.0,43200.0,9c8395555b3e6ff8a7aa71eedd6983827f414f99dac6c3e810881627657cfe81,b348f00169c885d3849e406bf8ee33c9e3461c493394179d38bcd5672eae6285,RSIM canonical-derived monotone FDIR,30.0,True,,False,0.0,0.0,2370486.0788728436,2370486.0788728436,4496842.105263158,0.24373588926534892,2136.0,True,True,14578.131802890752,16177.0,410.0,29955.6841100589,29882.520959476402,970564165.1659082,968193679.0870353,2370486.0788728436,0.002442379560209327,40000.0,40000.0,348.2017124224942,334.41726570432326,31.0,1,85.0,0.7671171379839358,0.7665469570435504,f683e4c48415f2be81097da16171b40ca1750d04a269838cec88023916360c80,1.7310871953668538e-06,0.9,0.7028321922935082,0.2,0.9,786737578.8591399,1451993045.840408,403505001.52436304,383232577.33477694,59760247.6491116,0.0,-1.9360879832674982e-05,1.9384181086934404e-05,0.001855498047364771,16.62787966925123,"{""essential_reserve_J"":""maximum_over_full_trace"",""protected_battery_SOC_equivalent"":""maximum_over_full_trace"",""reserve_active"":""any_over_full_trace"",""reserve_denied_compute_W"":""maximum_over_full_trace"",""reserve_limited_compute"":""any_over_full_trace"",""time_until_next_generation_s"":""maximum_over_full_trace""}","{""battery_never_creates_energy"":true,""compute_denial_attribution_closes"":true,""electrical_balance_closes"":true,""essential_reserve_architecture_feasible"":true,""executed_le_design"":true,""executed_le_requested"":true,""fdir_never_increases_power"":true,""finite_state"":true,""housekeeping_priority"":true,""no_hidden_clipping"":true,""reserve_never_increases_power"":true,""soc_within_bounds"":true,""warmup_power_deficit_flag"":false}","[""E1 is a fixed-wall-clock representative environment challenge, not a periodic/steady-state result"",""E1 radiator incidence and Earth-view factors are ASSUMED_EXPLORATORY"",""E1 albedo is a bounded analytic approximation, not a flight environment model""]"
run,rsim-001-pwr1.1,RSIM-001-PWR1,A0-R_RESERVE_AWARE_ESSENTIAL_LOAD_ADMISSION,ESSENTIAL_RESERVE_FEASIBLE,A0-M_MYOPIC_ADMISSION,non-authoritative reserve-aware admission challenge; unchanged A0 hardware; not attack or spacecraft validation,55fc2d816b210ab18ecf700d22c0a53aa46f86ce,1,constant_reference,W0 — constant reference,E0_CANONICAL,POWER_CONSTRAINED,1.0,43200.0,10800.0,43200.0,9bf91bc10730610cf2dc1b29b550a0c4719c896e0f4a5d8c8eadd03aef56dd00,f1e4e90f3f517362d1f0d86129448dbb51a9890353ed63ed0111bae36bf018af,,,True,,False,0.0,0.0,0.0,0.0,4320000.0,0.2420159385639026,2052.0,True,False,0.0,16416.0,0.0,29958.29193541512,29958.29193541512,970648658.7074496,970648658.7074496,0.0,0.0,29958.29193541511,29958.29193541511,324.0509183767164,313.48513816819633,0.0,0,0.0,0.62,0.62,5319cdfb1b5437868a7ce8d5c452d27805479a5905b9f2c73c49df8bf2edbc9e,2.239325567643391e-06,0.9,0.22862118471722526,0.22862118471722526,0.9,1035448658.7073636,1439151157.8947375,552239284.6439731,483209374.0633905,74538820.31406237,0.0,-0.00010941937216557562,0.00010950421710731462,0.0019913904425387105,0.0,"{""essential_reserve_J"":""maximum_over_full_trace"",""protected_battery_SOC_equivalent"":""maximum_over_full_trace"",""reserve_active"":""any_over_full_trace"",""reserve_denied_compute_W"":""maximum_over_full_trace"",""reserve_limited_compute"":""any_over_full_trace"",""time_until_next_generation_s"":""maximum_over_full_trace""}","{""battery_never_creates_energy"":true,""compute_denial_attribution_closes"":true,""electrical_balance_closes"":true,""essential_reserve_architecture_feasible"":true,""executed_le_design"":true,""executed_le_requested"":true,""fdir_never_increases_power"":true,""finite_state"":true,""housekeeping_priority"":true,""no_hidden_clipping"":true,""reserve_never_increases_power"":true,""soc_within_bounds"":true,""warmup_power_deficit_flag"":false}",[]
run,rsim-001-pwr1.1,RSIM-001-PWR1,A0-R_RESERVE_AWARE_ESSENTIAL_LOAD_ADMISSION,ESSENTIAL_RESERVE_FEASIBLE,A0-M_MYOPIC_ADMISSION,non-authoritative reserve-aware admission challenge; unchanged A0 hardware; not attack or spacecraft validation,55fc2d816b210ab18ecf700d22c0a53aa46f86ce,1,constant_reference,W0 — constant reference,E0_CANONICAL,CLOSED_LOOP,1.0,43200.0,10800.0,43200.0,9bf91bc10730610cf2dc1b29b550a0c4719c896e0f4a5d8c8eadd03aef56dd00,f1e4e90f3f517362d1f0d86129448dbb51a9890353ed63ed0111bae36bf018af,RSIM canonical-derived monotone FDIR,30.0,True,,False,0.0,0.0,0.0,0.0,4320000.0,0.2420159385639026,2052.0,True,False,0.0,16416.0,0.0,29958.29193541512,29958.29193541512,970648658.7074496,970648658.7074496,0.0,0.0,29958.29193541511,29958.29193541511,324.0509183767164,313.48513816819633,0.0,0,0.0,0.62,0.62,5319cdfb1b5437868a7ce8d5c452d27805479a5905b9f2c73c49df8bf2edbc9e,2.239325567643391e-06,0.9,0.22862118471722526,0.22862118471722526,0.9,1035448658.7073636,1439151157.8947375,552239284.6439731,483209374.0633905,74538820.31406237,0.0,-0.00010941937216557562,0.00010950421710731462,0.0019913904425387105,0.0,"{""essential_reserve_J"":""maximum_over_full_trace"",""protected_battery_SOC_equivalent"":""maximum_over_full_trace"",""reserve_active"":""any_over_full_trace"",""reserve_denied_compute_W"":""maximum_over_full_trace"",""reserve_limited_compute"":""any_over_full_trace"",""time_until_next_generation_s"":""maximum_over_full_trace""}","{""battery_never_creates_energy"":true,""compute_denial_attribution_closes"":true,""electrical_balance_closes"":true,""essential_reserve_architecture_feasible"":true,""executed_le_design"":true,""executed_le_requested"":true,""fdir_never_increases_power"":true,""finite_state"":true,""housekeeping_priority"":true,""no_hidden_clipping"":true,""reserve_never_increases_power"":true,""soc_within_bounds"":true,""warmup_power_deficit_flag"":false}",[]
run,rsim-001-pwr1.1,RSIM-001-PWR1,A0-R_RESERVE_AWARE_ESSENTIAL_LOAD_ADMISSION,ESSENTIAL_RESERVE_FEASIBLE,A0-M_MYOPIC_ADMISSION,non-authoritative reserve-aware admission challenge; unchanged A0 hardware; not attack or spacecraft validation,55fc2d816b210ab18ecf700d22c0a53aa46f86ce,1,constant_reference,W0 — constant reference,E1_REPRESENTATIVE_ANALYTIC_LEO,POWER_CONSTRAINED,1.0,43200.0,10800.0,43200.0,9bf91bc10730610cf2dc1b29b550a0c4719c896e0f4a5d8c8eadd03aef56dd00,b348f00169c885d3849e406bf8ee33c9e3461c493394179d38bcd5672eae6285,,,True,,False,0.0,0.0,0.0,0.0,4496842.105263158,0.24373588926534892,2136.0,True,False,0.0,16177.0,0.0,29958.29193541512,29958.29193541512,970648658.7074496,970648658.7074496,0.0,0.0,29958.29193541511,29958.29193541511,331.5789073464172,320.9657743531811,0.0,0,0.0,0.6325617283950618,0.6325617283950618,5319cdfb1b5437868a7ce8d5c452d27805479a5905b9f2c73c49df8bf2edbc9e,1.406827777827857e-06,0.9,0.49920124331316484,0.20113784140155352,0.9,1047189125.955217,1451993045.840408,544199251.1991687,502989874.7560485,58921096.810686685,0.0,-0.00010406238288851455,0.00010406238288851455,0.001996192297039577,0.0,"{""essential_reserve_J"":""maximum_over_full_trace"",""protected_battery_SOC_equivalent"":""maximum_over_full_trace"",""reserve_active"":""any_over_full_trace"",""reserve_denied_compute_W"":""maximum_over_full_trace"",""reserve_limited_compute"":""any_over_full_trace"",""time_until_next_generation_s"":""maximum_over_full_trace""}","{""battery_never_creates_energy"":true,""compute_denial_attribution_closes"":true,""electrical_balance_closes"":true,""essential_reserve_architecture_feasible"":true,""executed_le_design"":true,""executed_le_requested"":true,""fdir_never_increases_power"":true,""finite_state"":true,""housekeeping_priority"":true,""no_hidden_clipping"":true,""reserve_never_increases_power"":true,""soc_within_bounds"":true,""warmup_power_deficit_flag"":false}","[""E1 is a fixed-wall-clock representative environment challenge, not a periodic/steady-state result"",""E1 radiator incidence and Earth-view factors are ASSUMED_EXPLORATORY"",""E1 albedo is a bounded analytic approximation, not a flight environment model""]"
run,rsim-001-pwr1.1,RSIM-001-PWR1,A0-R_RESERVE_AWARE_ESSENTIAL_LOAD_ADMISSION,ESSENTIAL_RESERVE_FEASIBLE,A0-M_MYOPIC_ADMISSION,non-authoritative reserve-aware admission challenge; unchanged A0 hardware; not attack or spacecraft validation,55fc2d816b210ab18ecf700d22c0a53aa46f86ce,1,constant_reference,W0 — constant reference,E1_REPRESENTATIVE_ANALYTIC_LEO,CLOSED_LOOP,1.0,43200.0,10800.0,43200.0,9bf91bc10730610cf2dc1b29b550a0c4719c896e0f4a5d8c8eadd03aef56dd00,b348f00169c885d3849e406bf8ee33c9e3461c493394179d38bcd5672eae6285,RSIM canonical-derived monotone FDIR,30.0,True,,False,0.0,0.0,0.0,0.0,4496842.105263158,0.24373588926534892,2136.0,True,False,0.0,16177.0,0.0,29958.29193541512,29958.29193541512,970648658.7074496,970648658.7074496,0.0,0.0,29958.29193541511,29958.29193541511,331.5789073464172,320.9657743531811,0.0,0,0.0,0.6325617283950618,0.6325617283950618,5319cdfb1b5437868a7ce8d5c452d27805479a5905b9f2c73c49df8bf2edbc9e,1.406827777827857e-06,0.9,0.49920124331316484,0.20113784140155352,0.9,1047189125.955217,1451993045.840408,544199251.1991687,502989874.7560485,58921096.810686685,0.0,-0.00010406238288851455,0.00010406238288851455,0.001996192297039577,0.0,"{""essential_reserve_J"":""maximum_over_full_trace"",""protected_battery_SOC_equivalent"":""maximum_over_full_trace"",""reserve_active"":""any_over_full_trace"",""reserve_denied_compute_W"":""maximum_over_full_trace"",""reserve_limited_compute"":""any_over_full_trace"",""time_until_next_generation_s"":""maximum_over_full_trace""}","{""battery_never_creates_energy"":true,""compute_denial_attribution_closes"":true,""electrical_balance_closes"":true,""essential_reserve_architecture_feasible"":true,""executed_le_design"":true,""executed_le_requested"":true,""fdir_never_increases_power"":true,""finite_state"":true,""housekeeping_priority"":true,""no_hidden_clipping"":true,""reserve_never_increases_power"":true,""soc_within_bounds"":true,""warmup_power_deficit_flag"":false}","[""E1 is a fixed-wall-clock representative environment challenge, not a periodic/steady-state result"",""E1 radiator incidence and Earth-view factors are ASSUMED_EXPLORATORY"",""E1 albedo is a bounded analytic approximation, not a flight environment model""]"
run,rsim-001-pwr1.1,RSIM-001-PWR1,A0-R_RESERVE_AWARE_ESSENTIAL_LOAD_ADMISSION,ESSENTIAL_RESERVE_FEASIBLE,A0-M_MYOPIC_ADMISSION,non-authoritative reserve-aware admission challenge; unchanged A0 hardware; not attack or spacecraft validation,55fc2d816b210ab18ecf700d22c0a53aa46f86ce,1,diversified_stochastic,W1 — diversified stochastic,E0_CANONICAL,POWER_CONSTRAINED,1.0,43200.0,10800.0,43200.0,5ca3e50dde6f4328b6e348072afa0bffdbe44d219f82a45e69300e1327dd193a,f1e4e90f3f517362d1f0d86129448dbb51a9890353ed63ed0111bae36bf018af,,,True,,False,0.0,0.0,0.0,0.0,4320000.0,0.2420159385639026,2052.0,True,False,0.0,16416.0,0.0,29958.29193541511,29958.29193541511,970648658.7074496,970648658.7074496,0.0,0.0,36533.71185491846,36533.71185491846,325.896506252347,315.00489771117117,0.0,0,0.0,0.6214336577869377,0.6214336577869377,14701b5f6e7f5b426b3bf115d8decea8355638a7e1b45c24136abf9b22be4aa9,6.957361620152369e-08,0.9,0.22586957856431966,0.2065450496777785,0.9,1036694284.0695555,1439151157.8947375,553003554.816952,483690729.2526037,73008322.52319185,0.0,-1.606504520168528e-05,1.6101279470603913e-05,0.0019921547127116895,1.8455878756305992,"{""essential_reserve_J"":""maximum_over_full_trace"",""protected_battery_SOC_equivalent"":""maximum_over_full_trace"",""reserve_active"":""any_over_full_trace"",""reserve_denied_compute_W"":""maximum_over_full_trace"",""reserve_limited_compute"":""any_over_full_trace"",""time_until_next_generation_s"":""maximum_over_full_trace""}","{""battery_never_creates_energy"":true,""compute_denial_attribution_closes"":true,""electrical_balance_closes"":true,""essential_reserve_architecture_feasible"":true,""executed_le_design"":true,""executed_le_requested"":true,""fdir_never_increases_power"":true,""finite_state"":true,""housekeeping_priority"":true,""no_hidden_clipping"":true,""reserve_never_increases_power"":true,""soc_within_bounds"":true,""warmup_power_deficit_flag"":false}",[]
run,rsim-001-pwr1.1,RSIM-001-PWR1,A0-R_RESERVE_AWARE_ESSENTIAL_LOAD_ADMISSION,ESSENTIAL_RESERVE_FEASIBLE,A0-M_MYOPIC_ADMISSION,non-authoritative reserve-aware admission challenge; unchanged A0 hardware; not attack or spacecraft validation,55fc2d816b210ab18ecf700d22c0a53aa46f86ce,1,diversified_stochastic,W1 — diversified stochastic,E0_CANONICAL,CLOSED_LOOP,1.0,43200.0,10800.0,43200.0,5ca3e50dde6f4328b6e348072afa0bffdbe44d219f82a45e69300e1327dd193a,f1e4e90f3f517362d1f0d86129448dbb51a9890353ed63ed0111bae36bf018af,RSIM canonical-derived monotone FDIR,30.0,True,,False,0.0,0.0,0.0,0.0,4320000.0,0.2420159385639026,2052.0,True,False,0.0,16416.0,0.0,29958.29193541511,29958.29193541511,970648658.7074496,970648658.7074496,0.0,0.0,36533.71185491846,36533.71185491846,325.896506252347,315.00489771117117,0.0,0,0.0,0.6214336577869377,0.6214336577869377,14701b5f6e7f5b426b3bf115d8decea8355638a7e1b45c24136abf9b22be4aa9,6.957361620152369e-08,0.9,0.22586957856431966,0.2065450496777785,0.9,1036694284.0695555,1439151157.8947375,553003554.816952,483690729.2526037,73008322.52319185,0.0,-1.606504520168528e-05,1.6101279470603913e-05,0.0019921547127116895,1.8455878756305992,"{""essential_reserve_J"":""maximum_over_full_trace"",""protected_battery_SOC_equivalent"":""maximum_over_full_trace"",""reserve_active"":""any_over_full_trace"",""reserve_denied_compute_W"":""maximum_over_full_trace"",""reserve_limited_compute"":""any_over_full_trace"",""time_until_next_generation_s"":""maximum_over_full_trace""}","{""battery_never_creates_energy"":true,""compute_denial_attribution_closes"":true,""electrical_balance_closes"":true,""essential_reserve_architecture_feasible"":true,""executed_le_design"":true,""executed_le_requested"":true,""fdir_never_increases_power"":true,""finite_state"":true,""housekeeping_priority"":true,""no_hidden_clipping"":true,""reserve_never_increases_power"":true,""soc_within_bounds"":true,""warmup_power_deficit_flag"":false}",[]
run,rsim-001-pwr1.1,RSIM-001-PWR1,A0-R_RESERVE_AWARE_ESSENTIAL_LOAD_ADMISSION,ESSENTIAL_RESERVE_FEASIBLE,A0-M_MYOPIC_ADMISSION,non-authoritative reserve-aware admission challenge; unchanged A0 hardware; not attack or spacecraft validation,55fc2d816b210ab18ecf700d22c0a53aa46f86ce,1,diversified_stochastic,W1 — diversified stochastic,E1_REPRESENTATIVE_ANALYTIC_LEO,POWER_CONSTRAINED,1.0,43200.0,10800.0,43200.0,5ca3e50dde6f4328b6e348072afa0bffdbe44d219f82a45e69300e1327dd193a,b348f00169c885d3849e406bf8ee33c9e3461c493394179d38bcd5672eae6285,,,True,,False,583710.0290915045,1835160.8594853783,0.0,2418870.888576883,4496842.105263158,0.24373588926534892,2136.0,True,True,35868.87923982389,16177.0,109.0,29958.29193541511,29883.635426508416,970648658.7074496,968229787.8188727,2418870.888576883,0.002492014867457745,36533.71185491846,36533.71185491846,333.44660239650466,322.54013734469316,0.0,0,0.0,0.6332442015685324,0.6348261978919308,cedc1b013deae14e17b13ce1d80b3774a006b56cb86f4e6dc118f462584e1e29,-1.7793536244425923e-07,0.9,0.5147152493670809,0.2,0.9,1041356960.2221239,1451993045.840408,540485607.8300195,500871352.3921043,59546413.027512446,0.0,-1.4294365428213496e-05,1.4314570762508083e-05,0.0019924786536704275,1.867695050087434,"{""essential_reserve_J"":""maximum_over_full_trace"",""protected_battery_SOC_equivalent"":""maximum_over_full_trace"",""reserve_active"":""any_over_full_trace"",""reserve_denied_compute_W"":""maximum_over_full_trace"",""reserve_limited_compute"":""any_over_full_trace"",""time_until_next_generation_s"":""maximum_over_full_trace""}","{""battery_never_creates_energy"":true,""compute_denial_attribution_closes"":true,""electrical_balance_closes"":true,""essential_reserve_architecture_feasible"":true,""executed_le_design"":true,""executed_le_requested"":true,""fdir_never_increases_power"":true,""finite_state"":true,""housekeeping_priority"":true,""no_hidden_clipping"":true,""reserve_never_increases_power"":true,""soc_within_bounds"":true,""warmup_power_deficit_flag"":false}","[""E1 is a fixed-wall-clock representative environment challenge, not a periodic/steady-state result"",""E1 radiator incidence and Earth-view factors are ASSUMED_EXPLORATORY"",""E1 albedo is a bounded analytic approximation, not a flight environment model""]"
run,rsim-001-pwr1.1,RSIM-001-PWR1,A0-R_RESERVE_AWARE_ESSENTIAL_LOAD_ADMISSION,ESSENTIAL_RESERVE_FEASIBLE,A0-M_MYOPIC_ADMISSION,non-authoritative reserve-aware admission challenge; unchanged A0 hardware; not attack or spacecraft validation,55fc2d816b210ab18ecf700d22c0a53aa46f86ce,1,diversified_stochastic,W1 — diversified stochastic,E1_REPRESENTATIVE_ANALYTIC_LEO,CLOSED_LOOP,1.0,43200.0,10800.0,43200.0,5ca3e50dde6f4328b6e348072afa0bffdbe44d219f82a45e69300e1327dd193a,b348f00169c885d3849e406bf8ee33c9e3461c493394179d38bcd5672eae6285,RSIM canonical-derived monotone FDIR,30.0,True,,False,583710.0290915045,1835160.8594853783,0.0,2418870.888576883,4496842.105263158,0.24373588926534892,2136.0,True,True,35868.87923982389,16177.0,109.0,29958.29193541511,29883.635426508416,970648658.7074496,968229787.8188727,2418870.888576883,0.002492014867457745,36533.71185491846,36533.71185491846,333.44660239650466,322.54013734469316,0.0,0,0.0,0.6332442015685324,0.6348261978919308,cedc1b013deae14e17b13ce1d80b3774a006b56cb86f4e6dc118f462584e1e29,-1.7793536244425923e-07,0.9,0.5147152493670809,0.2,0.9,1041356960.2221239,1451993045.840408,540485607.8300195,500871352.3921043,59546413.027512446,0.0,-1.4294365428213496e-05,1.4314570762508083e-05,0.0019924786536704275,1.867695050087434,"{""essential_reserve_J"":""maximum_over_full_trace"",""protected_battery_SOC_equivalent"":""maximum_over_full_trace"",""reserve_active"":""any_over_full_trace"",""reserve_denied_compute_W"":""maximum_over_full_trace"",""reserve_limited_compute"":""any_over_full_trace"",""time_until_next_generation_s"":""maximum_over_full_trace""}","{""battery_never_creates_energy"":true,""compute_denial_attribution_closes"":true,""electrical_balance_closes"":true,""essential_reserve_architecture_feasible"":true,""executed_le_design"":true,""executed_le_requested"":true,""fdir_never_increases_power"":true,""finite_state"":true,""housekeeping_priority"":true,""no_hidden_clipping"":true,""reserve_never_increases_power"":true,""soc_within_bounds"":true,""warmup_power_deficit_flag"":false}","[""E1 is a fixed-wall-clock representative environment challenge, not a periodic/steady-state result"",""E1 radiator incidence and Earth-view factors are ASSUMED_EXPLORATORY"",""E1 albedo is a bounded analytic approximation, not a flight environment model""]"
run,rsim-001-pwr1.1,RSIM-001-PWR1,A0-R_RESERVE_AWARE_ESSENTIAL_LOAD_ADMISSION,ESSENTIAL_RESERVE_FEASIBLE,A0-M_MYOPIC_ADMISSION,non-authoritative reserve-aware admission challenge; unchanged A0 hardware; not attack or spacecraft validation,55fc2d816b210ab18ecf700d22c0a53aa46f86ce,1,bursty_benign,W2 — bursty benign,E0_CANONICAL,POWER_CONSTRAINED,1.0,43200.0,10800.0,43200.0,72755b0c63d2bde2650abbfac1d44b34db33c3571b1f946df11880040f48afc6,f1e4e90f3f517362d1f0d86129448dbb51a9890353ed63ed0111bae36bf018af,,,True,,False,928603.6062699333,4280928.10780283,0.0,5209531.714072764,4320000.0,0.2420159385639026,2052.0,True,True,39604.90767038329,16416.0,138.0,29958.29193541511,29797.503919548664,970648658.7074496,965439126.9933767,5209531.714072764,0.005367062188093849,39604.90767038329,39604.90767038329,332.04708428450016,319.8099748203012,0.0,0,0.0,0.6316127940273943,0.6350209911777905,100d31d0a6c6d7e56488c08ad69915f403cae222e72c149ef23ebea6061ac5bc,3.047210157092195e-06,0.9,0.2,0.2,0.9,984432210.86063,1439151157.8947375,528202448.9865799,456229761.87405026,80076546.16730161,0.0,1.4294568245531991e-05,1.9578962110244902e-05,0.001967353606881317,7.996165907783734,"{""essential_reserve_J"":""maximum_over_full_trace"",""protected_battery_SOC_equivalent"":""maximum_over_full_trace"",""reserve_active"":""any_over_full_trace"",""reserve_denied_compute_W"":""maximum_over_full_trace"",""reserve_limited_compute"":""any_over_full_trace"",""time_until_next_generation_s"":""maximum_over_full_trace""}","{""battery_never_creates_energy"":true,""compute_denial_attribution_closes"":true,""electrical_balance_closes"":true,""essential_reserve_architecture_feasible"":true,""executed_le_design"":true,""executed_le_requested"":true,""fdir_never_increases_power"":true,""finite_state"":true,""housekeeping_priority"":true,""no_hidden_clipping"":true,""reserve_never_increases_power"":true,""soc_within_bounds"":true,""warmup_power_deficit_flag"":false}",[]
run,rsim-001-pwr1.1,RSIM-001-PWR1,A0-R_RESERVE_AWARE_ESSENTIAL_LOAD_ADMISSION,ESSENTIAL_RESERVE_FEASIBLE,A0-M_MYOPIC_ADMISSION,non-authoritative reserve-aware admission challenge; unchanged A0 hardware; not attack or spacecraft validation,55fc2d816b210ab18ecf700d22c0a53aa46f86ce,1,bursty_benign,W2 — bursty benign,E0_CANONICAL,CLOSED_LOOP,1.0,43200.0,10800.0,43200.0,72755b0c63d2bde2650abbfac1d44b34db33c3571b1f946df11880040f48afc6,f1e4e90f3f517362d1f0d86129448dbb51a9890353ed63ed0111bae36bf018af,RSIM canonical-derived monotone FDIR,30.0,True,,False,928603.6062699333,4280928.10780283,0.0,5209531.714072764,4320000.0,0.2420159385639026,2052.0,True,True,39604.90767038329,16416.0,138.0,29958.29193541511,29797.503919548664,970648658.7074496,965439126.9933767,5209531.714072764,0.005367062188093849,39604.90767038329,39604.90767038329,332.04708428450016,319.8099748203012,0.0,0,0.0,0.6316127940273943,0.6350209911777905,100d31d0a6c6d7e56488c08ad69915f403cae222e72c149ef23ebea6061ac5bc,3.047210157092195e-06,0.9,0.2,0.2,0.9,984432210.86063,1439151157.8947375,528202448.9865799,456229761.87405026,80076546.16730161,0.0,1.4294568245531991e-05,1.9578962110244902e-05,0.001967353606881317,7.996165907783734,"{""essential_reserve_J"":""maximum_over_full_trace"",""protected_battery_SOC_equivalent"":""maximum_over_full_trace"",""reserve_active"":""any_over_full_trace"",""reserve_denied_compute_W"":""maximum_over_full_trace"",""reserve_limited_compute"":""any_over_full_trace"",""time_until_next_generation_s"":""maximum_over_full_trace""}","{""battery_never_creates_energy"":true,""compute_denial_attribution_closes"":true,""electrical_balance_closes"":true,""essential_reserve_architecture_feasible"":true,""executed_le_design"":true,""executed_le_requested"":true,""fdir_never_increases_power"":true,""finite_state"":true,""housekeeping_priority"":true,""no_hidden_clipping"":true,""reserve_never_increases_power"":true,""soc_within_bounds"":true,""warmup_power_deficit_flag"":false}",[]
run,rsim-001-pwr1.1,RSIM-001-PWR1,A0-R_RESERVE_AWARE_ESSENTIAL_LOAD_ADMISSION,ESSENTIAL_RESERVE_FEASIBLE,A0-M_MYOPIC_ADMISSION,non-authoritative reserve-aware admission challenge; unchanged A0 hardware; not attack or spacecraft validation,55fc2d816b210ab18ecf700d22c0a53aa46f86ce,1,bursty_benign,W2 — bursty benign,E1_REPRESENTATIVE_ANALYTIC_LEO,POWER_CONSTRAINED,1.0,43200.0,10800.0,43200.0,72755b0c63d2bde2650abbfac1d44b34db33c3571b1f946df11880040f48afc6,b348f00169c885d3849e406bf8ee33c9e3461c493394179d38bcd5672eae6285,,,True,,False,412098.15340763214,2627288.167746005,0.0,3039386.3211536375,4496842.105263158,0.24373588926534892,2136.0,True,True,40000.0,16177.0,375.0,29958.29193541511,29864.48371562642,970648658.7074496,967609272.3862959,3039386.3211536375,0.00313129400003601,39604.90767038329,39604.90767038329,339.95884006764635,327.6578137413905,0.0,0,0.0,0.6515607170705026,0.6536073538560113,3782b3ac536837d14e745314ac162b31e4af8033bdbe245d456d24674fbf9520,-1.52244183482253e-06,0.9,0.4632605857496393,0.2,0.9,987858793.065632,1451993045.840408,516381760.2553443,471477032.8102877,72175320.34790778,0.0,1.458796759834513e-05,1.9659990357467905e-05,0.0019683748060957524,8.379932721229125,"{""essential_reserve_J"":""maximum_over_full_trace"",""protected_battery_SOC_equivalent"":""maximum_over_full_trace"",""reserve_active"":""any_over_full_trace"",""reserve_denied_compute_W"":""maximum_over_full_trace"",""reserve_limited_compute"":""any_over_full_trace"",""time_until_next_generation_s"":""maximum_over_full_trace""}","{""battery_never_creates_energy"":true,""compute_denial_attribution_closes"":true,""electrical_balance_closes"":true,""essential_reserve_architecture_feasible"":true,""executed_le_design"":true,""executed_le_requested"":true,""fdir_never_increases_power"":true,""finite_state"":true,""housekeeping_priority"":true,""no_hidden_clipping"":true,""reserve_never_increases_power"":true,""soc_within_bounds"":true,""warmup_power_deficit_flag"":false}","[""E1 is a fixed-wall-clock representative environment challenge, not a periodic/steady-state result"",""E1 radiator incidence and Earth-view factors are ASSUMED_EXPLORATORY"",""E1 albedo is a bounded analytic approximation, not a flight environment model""]"
run,rsim-001-pwr1.1,RSIM-001-PWR1,A0-R_RESERVE_AWARE_ESSENTIAL_LOAD_ADMISSION,ESSENTIAL_RESERVE_FEASIBLE,A0-M_MYOPIC_ADMISSION,non-authoritative reserve-aware admission challenge; unchanged A0 hardware; not attack or spacecraft validation,55fc2d816b210ab18ecf700d22c0a53aa46f86ce,1,bursty_benign,W2 — bursty benign,E1_REPRESENTATIVE_ANALYTIC_LEO,CLOSED_LOOP,1.0,43200.0,10800.0,43200.0,72755b0c63d2bde2650abbfac1d44b34db33c3571b1f946df11880040f48afc6,b348f00169c885d3849e406bf8ee33c9e3461c493394179d38bcd5672eae6285,RSIM canonical-derived monotone FDIR,30.0,True,,False,412098.15340763214,2627288.167746005,0.0,3039386.3211536375,4496842.105263158,0.24373588926534892,2136.0,True,True,40000.0,16177.0,375.0,29958.29193541511,29864.48371562642,970648658.7074496,967609272.3862959,3039386.3211536375,0.00313129400003601,39604.90767038329,39604.90767038329,339.95884006764635,327.6578137413905,0.0,0,0.0,0.6515607170705026,0.6536073538560113,3782b3ac536837d14e745314ac162b31e4af8033bdbe245d456d24674fbf9520,-1.52244183482253e-06,0.9,0.4632605857496393,0.2,0.9,987858793.065632,1451993045.840408,516381760.2553443,471477032.8102877,72175320.34790778,0.0,1.458796759834513e-05,1.9659990357467905e-05,0.0019683748060957524,8.379932721229125,"{""essential_reserve_J"":""maximum_over_full_trace"",""protected_battery_SOC_equivalent"":""maximum_over_full_trace"",""reserve_active"":""any_over_full_trace"",""reserve_denied_compute_W"":""maximum_over_full_trace"",""reserve_limited_compute"":""any_over_full_trace"",""time_until_next_generation_s"":""maximum_over_full_trace""}","{""battery_never_creates_energy"":true,""compute_denial_attribution_closes"":true,""electrical_balance_closes"":true,""essential_reserve_architecture_feasible"":true,""executed_le_design"":true,""executed_le_requested"":true,""fdir_never_increases_power"":true,""finite_state"":true,""housekeeping_priority"":true,""no_hidden_clipping"":true,""reserve_never_increases_power"":true,""soc_within_bounds"":true,""warmup_power_deficit_flag"":false}","[""E1 is a fixed-wall-clock representative environment challenge, not a periodic/steady-state result"",""E1 radiator incidence and Earth-view factors are ASSUMED_EXPLORATORY"",""E1 albedo is a bounded analytic approximation, not a flight environment model""]"
run,rsim-001-pwr1.1,RSIM-001-PWR1,A0-R_RESERVE_AWARE_ESSENTIAL_LOAD_ADMISSION,ESSENTIAL_RESERVE_FEASIBLE,A0-M_MYOPIC_ADMISSION,non-authoritative reserve-aware admission challenge; unchanged A0 hardware; not attack or spacecraft validation,55fc2d816b210ab18ecf700d22c0a53aa46f86ce,1,queue_driven_benign,W3 — queue-driven benign,E0_CANONICAL,POWER_CONSTRAINED,1.0,43200.0,10800.0,43200.0,142948d9b2d764fec29d245c29f895d1e812ea471201cafc06e687974b5b2619,f1e4e90f3f517362d1f0d86129448dbb51a9890353ed63ed0111bae36bf018af,,,True,,False,899260.7346437761,11319835.620728916,0.0,12219096.355372692,4320000.0,0.2420159385639026,2052.0,True,True,40000.0,16416.0,415.0,29958.291935415105,29581.15933185422,970648658.7074496,958429562.3520769,12219096.355372692,0.012588588307167784,40000.0,40000.0,337.5760774582115,324.37707715416195,0.0,0,0.0,0.6205605336875936,0.6284721103472926,d11d65fda9e6b9029043f299c113a3ec5f1ae902d2aabf3476acd2250ec18246,-2.2715585146215744e-07,0.9,0.2,0.2,0.9,1005491727.6063837,1439151157.8947375,538732207.3594615,466759520.24692214,84419861.76542804,0.0,-6.276277417782694e-07,1.607414606041857e-05,0.001977883365254199,13.525159081495076,"{""essential_reserve_J"":""maximum_over_full_trace"",""protected_battery_SOC_equivalent"":""maximum_over_full_trace"",""reserve_active"":""any_over_full_trace"",""reserve_denied_compute_W"":""maximum_over_full_trace"",""reserve_limited_compute"":""any_over_full_trace"",""time_until_next_generation_s"":""maximum_over_full_trace""}","{""battery_never_creates_energy"":true,""compute_denial_attribution_closes"":true,""electrical_balance_closes"":true,""essential_reserve_architecture_feasible"":true,""executed_le_design"":true,""executed_le_requested"":true,""fdir_never_increases_power"":true,""finite_state"":true,""housekeeping_priority"":true,""no_hidden_clipping"":true,""reserve_never_increases_power"":true,""soc_within_bounds"":true,""warmup_power_deficit_flag"":false}",[]
run,rsim-001-pwr1.1,RSIM-001-PWR1,A0-R_RESERVE_AWARE_ESSENTIAL_LOAD_ADMISSION,ESSENTIAL_RESERVE_FEASIBLE,A0-M_MYOPIC_ADMISSION,non-authoritative reserve-aware admission challenge; unchanged A0 hardware; not attack or spacecraft validation,55fc2d816b210ab18ecf700d22c0a53aa46f86ce,1,queue_driven_benign,W3 — queue-driven benign,E0_CANONICAL,CLOSED_LOOP,1.0,43200.0,10800.0,43200.0,142948d9b2d764fec29d245c29f895d1e812ea471201cafc06e687974b5b2619,f1e4e90f3f517362d1f0d86129448dbb51a9890353ed63ed0111bae36bf018af,RSIM canonical-derived monotone FDIR,30.0,True,,False,899260.7346437761,11319835.620728916,0.0,12219096.355372692,4320000.0,0.2420159385639026,2052.0,True,True,40000.0,16416.0,415.0,29958.291935415105,29581.15933185422,970648658.7074496,958429562.3520769,12219096.355372692,0.012588588307167784,40000.0,40000.0,337.5760774582115,324.37707715416195,0.0,0,0.0,0.6205605336875936,0.6284721103472926,d11d65fda9e6b9029043f299c113a3ec5f1ae902d2aabf3476acd2250ec18246,-2.2715585146215744e-07,0.9,0.2,0.2,0.9,1005491727.6063837,1439151157.8947375,538732207.3594615,466759520.24692214,84419861.76542804,0.0,-6.276277417782694e-07,1.607414606041857e-05,0.001977883365254199,13.525159081495076,"{""essential_reserve_J"":""maximum_over_full_trace"",""protected_battery_SOC_equivalent"":""maximum_over_full_trace"",""reserve_active"":""any_over_full_trace"",""reserve_denied_compute_W"":""maximum_over_full_trace"",""reserve_limited_compute"":""any_over_full_trace"",""time_until_next_generation_s"":""maximum_over_full_trace""}","{""battery_never_creates_energy"":true,""compute_denial_attribution_closes"":true,""electrical_balance_closes"":true,""essential_reserve_architecture_feasible"":true,""executed_le_design"":true,""executed_le_requested"":true,""fdir_never_increases_power"":true,""finite_state"":true,""housekeeping_priority"":true,""no_hidden_clipping"":true,""reserve_never_increases_power"":true,""soc_within_bounds"":true,""warmup_power_deficit_flag"":false}",[]
run,rsim-001-pwr1.1,RSIM-001-PWR1,A0-R_RESERVE_AWARE_ESSENTIAL_LOAD_ADMISSION,ESSENTIAL_RESERVE_FEASIBLE,A0-M_MYOPIC_ADMISSION,non-authoritative reserve-aware admission challenge; unchanged A0 hardware; not attack or spacecraft validation,55fc2d816b210ab18ecf700d22c0a53aa46f86ce,1,queue_driven_benign,W3 — queue-driven benign,E1_REPRESENTATIVE_ANALYTIC_LEO,POWER_CONSTRAINED,1.0,43200.0,10800.0,43200.0,142948d9b2d764fec29d245c29f895d1e812ea471201cafc06e687974b5b2619,b348f00169c885d3849e406bf8ee33c9e3461c493394179d38bcd5672eae6285,,,True,,False,533961.7013217893,6176404.354996347,0.0,6710366.056318136,4496842.105263158,0.24373588926534892,2136.0,True,True,40000.0,16177.0,213.0,29958.291935415105,29751.181871948498,970648658.7074496,963938292.6511314,6710366.056318136,0.0069132800999837565,40000.0,40000.0,343.45308679669415,330.63337999635047,0.0,0,0.0,0.6390310214315144,0.6434795759788751,186a225fb056c1442f0087b11d669ef9b3446ea2bb39742cd74867aa441a5638,-6.599111657124013e-08,0.9,0.45283685608074564,0.2,0.9,1010261833.1031008,1451993045.840408,528119154.441227,482142678.6618737,65477820.80819339,0.0,8.631284345028689e-06,9.913412213791162e-06,0.001980112200281635,11.874179450276927,"{""essential_reserve_J"":""maximum_over_full_trace"",""protected_battery_SOC_equivalent"":""maximum_over_full_trace"",""reserve_active"":""any_over_full_trace"",""reserve_denied_compute_W"":""maximum_over_full_trace"",""reserve_limited_compute"":""any_over_full_trace"",""time_until_next_generation_s"":""maximum_over_full_trace""}","{""battery_never_creates_energy"":true,""compute_denial_attribution_closes"":true,""electrical_balance_closes"":true,""essential_reserve_architecture_feasible"":true,""executed_le_design"":true,""executed_le_requested"":true,""fdir_never_increases_power"":true,""finite_state"":true,""housekeeping_priority"":true,""no_hidden_clipping"":true,""reserve_never_increases_power"":true,""soc_within_bounds"":true,""warmup_power_deficit_flag"":false}","[""E1 is a fixed-wall-clock representative environment challenge, not a periodic/steady-state result"",""E1 radiator incidence and Earth-view factors are ASSUMED_EXPLORATORY"",""E1 albedo is a bounded analytic approximation, not a flight environment model""]"
run,rsim-001-pwr1.1,RSIM-001-PWR1,A0-R_RESERVE_AWARE_ESSENTIAL_LOAD_ADMISSION,ESSENTIAL_RESERVE_FEASIBLE,A0-M_MYOPIC_ADMISSION,non-authoritative reserve-aware admission challenge; unchanged A0 hardware; not attack or spacecraft validation,55fc2d816b210ab18ecf700d22c0a53aa46f86ce,1,queue_driven_benign,W3 — queue-driven benign,E1_REPRESENTATIVE_ANALYTIC_LEO,CLOSED_LOOP,1.0,43200.0,10800.0,43200.0,142948d9b2d764fec29d245c29f895d1e812ea471201cafc06e687974b5b2619,b348f00169c885d3849e406bf8ee33c9e3461c493394179d38bcd5672eae6285,RSIM canonical-derived monotone FDIR,30.0,True,,False,533961.7013217893,6176404.354996347,0.0,6710366.056318136,4496842.105263158,0.24373588926534892,2136.0,True,True,40000.0,16177.0,213.0,29958.291935415105,29751.181871948498,970648658.7074496,963938292.6511314,6710366.056318136,0.0069132800999837565,40000.0,40000.0,343.45308679669415,330.63337999635047,0.0,0,0.0,0.6390310214315144,0.6434795759788751,186a225fb056c1442f0087b11d669ef9b3446ea2bb39742cd74867aa441a5638,-6.599111657124013e-08,0.9,0.45283685608074564,0.2,0.9,1010261833.1031008,1451993045.840408,528119154.441227,482142678.6618737,65477820.80819339,0.0,8.631284345028689e-06,9.913412213791162e-06,0.001980112200281635,11.874179450276927,"{""essential_reserve_J"":""maximum_over_full_trace"",""protected_battery_SOC_equivalent"":""maximum_over_full_trace"",""reserve_active"":""any_over_full_trace"",""reserve_denied_compute_W"":""maximum_over_full_trace"",""reserve_limited_compute"":""any_over_full_trace"",""time_until_next_generation_s"":""maximum_over_full_trace""}","{""battery_never_creates_energy"":true,""compute_denial_attribution_closes"":true,""electrical_balance_closes"":true,""essential_reserve_architecture_feasible"":true,""executed_le_design"":true,""executed_le_requested"":true,""fdir_never_increases_power"":true,""finite_state"":true,""housekeeping_priority"":true,""no_hidden_clipping"":true,""reserve_never_increases_power"":true,""soc_within_bounds"":true,""warmup_power_deficit_flag"":false}","[""E1 is a fixed-wall-clock representative environment challenge, not a periodic/steady-state result"",""E1 radiator incidence and Earth-view factors are ASSUMED_EXPLORATORY"",""E1 albedo is a bounded analytic approximation, not a flight environment model""]"
run,rsim-001-pwr1.1,RSIM-001-PWR1,A0-R_RESERVE_AWARE_ESSENTIAL_LOAD_ADMISSION,ESSENTIAL_RESERVE_FEASIBLE,A0-M_MYOPIC_ADMISSION,non-authoritative reserve-aware admission challenge; unchanged A0 hardware; not attack or spacecraft validation,55fc2d816b210ab18ecf700d22c0a53aa46f86ce,1,power_aware_benign,W4 — power-aware benign,E0_CANONICAL,POWER_CONSTRAINED,1.0,43200.0,10800.0,43200.0,7a9146d8efeb8d49aecfc2decdc4e1f9223a3a32f03ae1fb9912599c70054533,f1e4e90f3f517362d1f0d86129448dbb51a9890353ed63ed0111bae36bf018af,,,True,,False,0.0,0.0,0.0,0.0,4320000.0,0.2420159385639026,2052.0,True,False,0.0,16416.0,0.0,29958.291935415113,29958.291935415113,970648658.7074496,970648658.7074496,0.0,0.0,39136.396154307506,39136.396154307506,334.4809378082064,322.1073624944229,0.0,0,0.0,0.686425844132057,0.686425844132057,b9f0992ad71a102bce5a1856b0d45b242e4a20376a1849ac4103faae4eb1b999,-2.471774678269867e-07,0.9,0.3385054087015686,0.33844531942398687,0.9,836468712.31452,1439151157.8947375,447100266.5393399,389368445.77518004,110114160.44863485,0.0,-4.009951953776181e-05,4.0212566091213375e-05,0.0018862514244340773,10.430019431489995,"{""essential_reserve_J"":""maximum_over_full_trace"",""protected_battery_SOC_equivalent"":""maximum_over_full_trace"",""reserve_active"":""any_over_full_trace"",""reserve_denied_compute_W"":""maximum_over_full_trace"",""reserve_limited_compute"":""any_over_full_trace"",""time_until_next_generation_s"":""maximum_over_full_trace""}","{""battery_never_creates_energy"":true,""compute_denial_attribution_closes"":true,""electrical_balance_closes"":true,""essential_reserve_architecture_feasible"":true,""executed_le_design"":true,""executed_le_requested"":true,""fdir_never_increases_power"":true,""finite_state"":true,""housekeeping_priority"":true,""no_hidden_clipping"":true,""reserve_never_increases_power"":true,""soc_within_bounds"":true,""warmup_power_deficit_flag"":false}",[]
run,rsim-001-pwr1.1,RSIM-001-PWR1,A0-R_RESERVE_AWARE_ESSENTIAL_LOAD_ADMISSION,ESSENTIAL_RESERVE_FEASIBLE,A0-M_MYOPIC_ADMISSION,non-authoritative reserve-aware admission challenge; unchanged A0 hardware; not attack or spacecraft validation,55fc2d816b210ab18ecf700d22c0a53aa46f86ce,1,power_aware_benign,W4 — power-aware benign,E0_CANONICAL,CLOSED_LOOP,1.0,43200.0,10800.0,43200.0,7a9146d8efeb8d49aecfc2decdc4e1f9223a3a32f03ae1fb9912599c70054533,f1e4e90f3f517362d1f0d86129448dbb51a9890353ed63ed0111bae36bf018af,RSIM canonical-derived monotone FDIR,30.0,True,,False,0.0,0.0,0.0,0.0,4320000.0,0.2420159385639026,2052.0,True,False,0.0,16416.0,0.0,29958.291935415113,29958.291935415113,970648658.7074496,970648658.7074496,0.0,0.0,39136.396154307506,39136.396154307506,334.4809378082064,322.1073624944229,0.0,0,0.0,0.686425844132057,0.686425844132057,b9f0992ad71a102bce5a1856b0d45b242e4a20376a1849ac4103faae4eb1b999,-2.471774678269867e-07,0.9,0.3385054087015686,0.33844531942398687,0.9,836468712.31452,1439151157.8947375,447100266.5393399,389368445.77518004,110114160.44863485,0.0,-4.009951953776181e-05,4.0212566091213375e-05,0.0018862514244340773,10.430019431489995,"{""essential_reserve_J"":""maximum_over_full_trace"",""protected_battery_SOC_equivalent"":""maximum_over_full_trace"",""reserve_active"":""any_over_full_trace"",""reserve_denied_compute_W"":""maximum_over_full_trace"",""reserve_limited_compute"":""any_over_full_trace"",""time_until_next_generation_s"":""maximum_over_full_trace""}","{""battery_never_creates_energy"":true,""compute_denial_attribution_closes"":true,""electrical_balance_closes"":true,""essential_reserve_architecture_feasible"":true,""executed_le_design"":true,""executed_le_requested"":true,""fdir_never_increases_power"":true,""finite_state"":true,""housekeeping_priority"":true,""no_hidden_clipping"":true,""reserve_never_increases_power"":true,""soc_within_bounds"":true,""warmup_power_deficit_flag"":false}",[]
run,rsim-001-pwr1.1,RSIM-001-PWR1,A0-R_RESERVE_AWARE_ESSENTIAL_LOAD_ADMISSION,ESSENTIAL_RESERVE_FEASIBLE,A0-M_MYOPIC_ADMISSION,non-authoritative reserve-aware admission challenge; unchanged A0 hardware; not attack or spacecraft validation,55fc2d816b210ab18ecf700d22c0a53aa46f86ce,1,power_aware_benign,W4 — power-aware benign,E1_REPRESENTATIVE_ANALYTIC_LEO,POWER_CONSTRAINED,1.0,43200.0,10800.0,43200.0,7a9146d8efeb8d49aecfc2decdc4e1f9223a3a32f03ae1fb9912599c70054533,b348f00169c885d3849e406bf8ee33c9e3461c493394179d38bcd5672eae6285,,,True,,False,114038.3572201844,2143014.973088498,0.0,2257053.3303086828,4496842.105263158,0.24373588926534892,2136.0,True,True,26757.021676501285,16177.0,262.0,29958.291935415113,29888.629795590772,970648658.7074496,968391605.3771409,2257053.3303086828,0.0023253041252993185,39136.396154307506,39136.396154307506,341.74667078942014,329.17451668084686,0.0,0,0.0,0.6805136440821216,0.6820997334060762,b970450a0907c2a4f2ec642681f29cf3d4c35233e11d3a5f423a58acf5b3f674,1.6511653484485578e-06,0.9,0.6056632700505599,0.2,0.9,955863281.114168,1451993045.840408,493063215.82164335,462800065.29252476,95321631.91752528,0.0,-3.2298800306307385e-05,3.2335314699594164e-05,0.0019450562616620513,10.167763443002912,"{""essential_reserve_J"":""maximum_over_full_trace"",""protected_battery_SOC_equivalent"":""maximum_over_full_trace"",""reserve_active"":""any_over_full_trace"",""reserve_denied_compute_W"":""maximum_over_full_trace"",""reserve_limited_compute"":""any_over_full_trace"",""time_until_next_generation_s"":""maximum_over_full_trace""}","{""battery_never_creates_energy"":true,""compute_denial_attribution_closes"":true,""electrical_balance_closes"":true,""essential_reserve_architecture_feasible"":true,""executed_le_design"":true,""executed_le_requested"":true,""fdir_never_increases_power"":true,""finite_state"":true,""housekeeping_priority"":true,""no_hidden_clipping"":true,""reserve_never_increases_power"":true,""soc_within_bounds"":true,""warmup_power_deficit_flag"":false}","[""E1 is a fixed-wall-clock representative environment challenge, not a periodic/steady-state result"",""E1 radiator incidence and Earth-view factors are ASSUMED_EXPLORATORY"",""E1 albedo is a bounded analytic approximation, not a flight environment model""]"
run,rsim-001-pwr1.1,RSIM-001-PWR1,A0-R_RESERVE_AWARE_ESSENTIAL_LOAD_ADMISSION,ESSENTIAL_RESERVE_FEASIBLE,A0-M_MYOPIC_ADMISSION,non-authoritative reserve-aware admission challenge; unchanged A0 hardware; not attack or spacecraft validation,55fc2d816b210ab18ecf700d22c0a53aa46f86ce,1,power_aware_benign,W4 — power-aware benign,E1_REPRESENTATIVE_ANALYTIC_LEO,CLOSED_LOOP,1.0,43200.0,10800.0,43200.0,7a9146d8efeb8d49aecfc2decdc4e1f9223a3a32f03ae1fb9912599c70054533,b348f00169c885d3849e406bf8ee33c9e3461c493394179d38bcd5672eae6285,RSIM canonical-derived monotone FDIR,30.0,True,,False,114038.3572201844,2143014.973088498,0.0,2257053.3303086828,4496842.105263158,0.24373588926534892,2136.0,True,True,26757.021676501285,16177.0,262.0,29958.291935415113,29888.629795590772,970648658.7074496,968391605.3771409,2257053.3303086828,0.0023253041252993185,39136.396154307506,39136.396154307506,341.74667078942014,329.17451668084686,0.0,0,0.0,0.6805136440821216,0.6820997334060762,b970450a0907c2a4f2ec642681f29cf3d4c35233e11d3a5f423a58acf5b3f674,1.6511653484485578e-06,0.9,0.6056632700505599,0.2,0.9,955863281.114168,1451993045.840408,493063215.82164335,462800065.29252476,95321631.91752528,0.0,-3.2298800306307385e-05,3.2335314699594164e-05,0.0019450562616620513,10.167763443002912,"{""essential_reserve_J"":""maximum_over_full_trace"",""protected_battery_SOC_equivalent"":""maximum_over_full_trace"",""reserve_active"":""any_over_full_trace"",""reserve_denied_compute_W"":""maximum_over_full_trace"",""reserve_limited_compute"":""any_over_full_trace"",""time_until_next_generation_s"":""maximum_over_full_trace""}","{""battery_never_creates_energy"":true,""compute_denial_attribution_closes"":true,""electrical_balance_closes"":true,""essential_reserve_architecture_feasible"":true,""executed_le_design"":true,""executed_le_requested"":true,""fdir_never_increases_power"":true,""finite_state"":true,""housekeeping_priority"":true,""no_hidden_clipping"":true,""reserve_never_increases_power"":true,""soc_within_bounds"":true,""warmup_power_deficit_flag"":false}","[""E1 is a fixed-wall-clock representative environment challenge, not a periodic/steady-state result"",""E1 radiator incidence and Earth-view factors are ASSUMED_EXPLORATORY"",""E1 albedo is a bounded analytic approximation, not a flight environment model""]"
run,rsim-001-pwr1.1,RSIM-001-PWR1,A0-R_RESERVE_AWARE_ESSENTIAL_LOAD_ADMISSION,ESSENTIAL_RESERVE_FEASIBLE,A0-M_MYOPIC_ADMISSION,non-authoritative reserve-aware admission challenge; unchanged A0 hardware; not attack or spacecraft validation,55fc2d816b210ab18ecf700d22c0a53aa46f86ce,1,phase_shaped_candidate,W5 — phase-shaped adversarial candidate,E0_CANONICAL,POWER_CONSTRAINED,1.0,43200.0,10800.0,43200.0,fad0370123ee19291fa1853074fe84fd2a5b9df791f0ccf6f2b97eade9130e4b,f1e4e90f3f517362d1f0d86129448dbb51a9890353ed63ed0111bae36bf018af,,,True,,False,0.0,0.0,0.0,0.0,4320000.0,0.2420159385639026,2052.0,True,False,0.0,16416.0,0.0,29958.291935415113,29958.291935415113,970648658.7074496,970648658.7074496,0.0,0.0,40000.0,40000.0,341.42458094672975,327.7345739962277,0.0,0,0.0,0.8258341878928093,0.8258341878928093,74a671d27348f6c063707c5bbe2b232df0652a5160beda9f0e17444ea4d74fa7,-3.88920398108894e-07,0.9,0.5696629520868001,0.5693280376634418,0.9,509275313.49650574,1439151157.8947375,271619974.59905094,237655338.89745474,66782982.60472068,0.0,-4.1201717976946384e-05,4.126078783883713e-05,0.0017107711324937885,17.373662570013323,"{""essential_reserve_J"":""maximum_over_full_trace"",""protected_battery_SOC_equivalent"":""maximum_over_full_trace"",""reserve_active"":""any_over_full_trace"",""reserve_denied_compute_W"":""maximum_over_full_trace"",""reserve_limited_compute"":""any_over_full_trace"",""time_until_next_generation_s"":""maximum_over_full_trace""}","{""battery_never_creates_energy"":true,""compute_denial_attribution_closes"":true,""electrical_balance_closes"":true,""essential_reserve_architecture_feasible"":true,""executed_le_design"":true,""executed_le_requested"":true,""fdir_never_increases_power"":true,""finite_state"":true,""housekeeping_priority"":true,""no_hidden_clipping"":true,""reserve_never_increases_power"":true,""soc_within_bounds"":true,""warmup_power_deficit_flag"":false}",[]
run,rsim-001-pwr1.1,RSIM-001-PWR1,A0-R_RESERVE_AWARE_ESSENTIAL_LOAD_ADMISSION,ESSENTIAL_RESERVE_FEASIBLE,A0-M_MYOPIC_ADMISSION,non-authoritative reserve-aware admission challenge; unchanged A0 hardware; not attack or spacecraft validation,55fc2d816b210ab18ecf700d22c0a53aa46f86ce,1,phase_shaped_candidate,W5 — phase-shaped adversarial candidate,E0_CANONICAL,CLOSED_LOOP,1.0,43200.0,10800.0,43200.0,fad0370123ee19291fa1853074fe84fd2a5b9df791f0ccf6f2b97eade9130e4b,f1e4e90f3f517362d1f0d86129448dbb51a9890353ed63ed0111bae36bf018af,RSIM canonical-derived monotone FDIR,30.0,True,,False,0.0,0.0,0.0,0.0,4320000.0,0.2420159385639026,2052.0,True,False,0.0,16416.0,0.0,29958.291935415113,29958.291935415113,970648658.7074496,970648658.7074496,0.0,0.0,40000.0,40000.0,341.42458094672975,327.7345739962277,0.0,0,0.0,0.8258341878928093,0.8258341878928093,74a671d27348f6c063707c5bbe2b232df0652a5160beda9f0e17444ea4d74fa7,-3.88920398108894e-07,0.9,0.5696629520868001,0.5693280376634418,0.9,509275313.49650574,1439151157.8947375,271619974.59905094,237655338.89745474,66782982.60472068,0.0,-4.1201717976946384e-05,4.126078783883713e-05,0.0017107711324937885,17.373662570013323,"{""essential_reserve_J"":""maximum_over_full_trace"",""protected_battery_SOC_equivalent"":""maximum_over_full_trace"",""reserve_active"":""any_over_full_trace"",""reserve_denied_compute_W"":""maximum_over_full_trace"",""reserve_limited_compute"":""any_over_full_trace"",""time_until_next_generation_s"":""maximum_over_full_trace""}","{""battery_never_creates_energy"":true,""compute_denial_attribution_closes"":true,""electrical_balance_closes"":true,""essential_reserve_architecture_feasible"":true,""executed_le_design"":true,""executed_le_requested"":true,""fdir_never_increases_power"":true,""finite_state"":true,""housekeeping_priority"":true,""no_hidden_clipping"":true,""reserve_never_increases_power"":true,""soc_within_bounds"":true,""warmup_power_deficit_flag"":false}",[]
run,rsim-001-pwr1.1,RSIM-001-PWR1,A0-R_RESERVE_AWARE_ESSENTIAL_LOAD_ADMISSION,ESSENTIAL_RESERVE_FEASIBLE,A0-M_MYOPIC_ADMISSION,non-authoritative reserve-aware admission challenge; unchanged A0 hardware; not attack or spacecraft validation,55fc2d816b210ab18ecf700d22c0a53aa46f86ce,1,phase_shaped_candidate,W5 — phase-shaped adversarial candidate,E1_REPRESENTATIVE_ANALYTIC_LEO,POWER_CONSTRAINED,1.0,43200.0,10800.0,43200.0,fad0370123ee19291fa1853074fe84fd2a5b9df791f0ccf6f2b97eade9130e4b,b348f00169c885d3849e406bf8ee33c9e3461c493394179d38bcd5672eae6285,,,True,,False,0.0,0.0,0.0,0.0,4496842.105263158,0.24373588926534892,2136.0,True,True,14794.940097961615,16177.0,411.0,29958.291935415113,29958.291935415113,970648658.7074496,970648658.7074496,0.0,0.0,40000.0,40000.0,348.3375132633737,334.4601609695035,147.0,0,0.0,0.7670975096699896,0.7670975096699896,9e4de8a72ed2a8bc804a39cfe20929f7a3f591519db80ebe6c95b5dd5b44529e,-3.5615676097222604e-07,0.9,0.7028043014983312,0.2,0.9,786843340.5921559,1451993045.840408,403559316.2304956,383284024.3616603,57308916.44808586,0.0,-1.907340902107535e-05,1.9095629795629065e-05,0.0018555523620709038,16.75860591695647,"{""essential_reserve_J"":""maximum_over_full_trace"",""protected_battery_SOC_equivalent"":""maximum_over_full_trace"",""reserve_active"":""any_over_full_trace"",""reserve_denied_compute_W"":""maximum_over_full_trace"",""reserve_limited_compute"":""any_over_full_trace"",""time_until_next_generation_s"":""maximum_over_full_trace""}","{""battery_never_creates_energy"":true,""compute_denial_attribution_closes"":true,""electrical_balance_closes"":true,""essential_reserve_architecture_feasible"":true,""executed_le_design"":true,""executed_le_requested"":true,""fdir_never_increases_power"":true,""finite_state"":true,""housekeeping_priority"":true,""no_hidden_clipping"":true,""reserve_never_increases_power"":true,""soc_within_bounds"":true,""warmup_power_deficit_flag"":false}","[""E1 is a fixed-wall-clock representative environment challenge, not a periodic/steady-state result"",""E1 radiator incidence and Earth-view factors are ASSUMED_EXPLORATORY"",""E1 albedo is a bounded analytic approximation, not a flight environment model""]"
run,rsim-001-pwr1.1,RSIM-001-PWR1,A0-R_RESERVE_AWARE_ESSENTIAL_LOAD_ADMISSION,ESSENTIAL_RESERVE_FEASIBLE,A0-M_MYOPIC_ADMISSION,non-authoritative reserve-aware admission challenge; unchanged A0 hardware; not attack or spacecraft validation,55fc2d816b210ab18ecf700d22c0a53aa46f86ce,1,phase_shaped_candidate,W5 — phase-shaped adversarial candidate,E1_REPRESENTATIVE_ANALYTIC_LEO,CLOSED_LOOP,1.0,43200.0,10800.0,43200.0,fad0370123ee19291fa1853074fe84fd2a5b9df791f0ccf6f2b97eade9130e4b,b348f00169c885d3849e406bf8ee33c9e3461c493394179d38bcd5672eae6285,RSIM canonical-derived monotone FDIR,30.0,True,,False,0.0,0.0,2372592.072726437,2372592.072726437,4496842.105263158,0.24373588926534892,2136.0,True,True,14794.940097961615,16177.0,411.0,29958.291935415113,29885.06378502232,970648658.7074496,968276066.6347232,2372592.072726437,0.0024443366314294045,40000.0,40000.0,348.20079091351073,334.42164902293956,31.0,1,85.0,0.7670975096699896,0.766526822630088,da8f93dda4a0bcaa9b1c80d42c9a04842688ce9e22e6d353f15b83665b12ef39,-1.990474629565142e-07,0.9,0.7028043014983312,0.2,0.9,786843340.5921562,1451993045.840408,403559316.2304956,383284024.36166054,59681508.52081208,0.0,-1.885653819044819e-05,1.8878758965001907e-05,0.0018555523620709038,16.621883567093505,"{""essential_reserve_J"":""maximum_over_full_trace"",""protected_battery_SOC_equivalent"":""maximum_over_full_trace"",""reserve_active"":""any_over_full_trace"",""reserve_denied_compute_W"":""maximum_over_full_trace"",""reserve_limited_compute"":""any_over_full_trace"",""time_until_next_generation_s"":""maximum_over_full_trace""}","{""battery_never_creates_energy"":true,""compute_denial_attribution_closes"":true,""electrical_balance_closes"":true,""essential_reserve_architecture_feasible"":true,""executed_le_design"":true,""executed_le_requested"":true,""fdir_never_increases_power"":true,""finite_state"":true,""housekeeping_priority"":true,""no_hidden_clipping"":true,""reserve_never_increases_power"":true,""soc_within_bounds"":true,""warmup_power_deficit_flag"":false}","[""E1 is a fixed-wall-clock representative environment challenge, not a periodic/steady-state result"",""E1 radiator incidence and Earth-view factors are ASSUMED_EXPLORATORY"",""E1 albedo is a bounded analytic approximation, not a flight environment model""]"
run,rsim-001-pwr1.1,RSIM-001-PWR1,A0-R_RESERVE_AWARE_ESSENTIAL_LOAD_ADMISSION,ESSENTIAL_RESERVE_FEASIBLE,A0-M_MYOPIC_ADMISSION,non-authoritative reserve-aware admission challenge; unchanged A0 hardware; not attack or spacecraft validation,55fc2d816b210ab18ecf700d22c0a53aa46f86ce,2,constant_reference,W0 — constant reference,E0_CANONICAL,POWER_CONSTRAINED,1.0,43200.0,10800.0,43200.0,4d5d8f0a04cad72db29f8067faacf7a2815a2ff7137a9d62be31a627ff8fb3c4,f1e4e90f3f517362d1f0d86129448dbb51a9890353ed63ed0111bae36bf018af,,,True,,False,0.0,0.0,0.0,0.0,4320000.0,0.2420159385639026,2052.0,True,False,0.0,16416.0,0.0,29961.913234665106,29961.913234665106,970765988.8031496,970765988.8031496,0.0,0.0,29961.91323466511,29961.91323466511,324.05834944314205,313.4913481849501,0.0,0,0.0,0.62,0.62,ea2fe76761523ad9e4dae030cac9b2ef52ea5338015abd7aabc8370e0b559220,7.797762009431608e-07,0.9,0.22854510857376473,0.22854510857376473,0.9,1035565988.8031161,1439151157.8947375,552301860.695013,483264128.10810316,74384191.59841076,0.0,-5.098350811749697e-05,5.1083581638522446e-05,0.0019914530185897506,0.0,"{""essential_reserve_J"":""maximum_over_full_trace"",""protected_battery_SOC_equivalent"":""maximum_over_full_trace"",""reserve_active"":""any_over_full_trace"",""reserve_denied_compute_W"":""maximum_over_full_trace"",""reserve_limited_compute"":""any_over_full_trace"",""time_until_next_generation_s"":""maximum_over_full_trace""}","{""battery_never_creates_energy"":true,""compute_denial_attribution_closes"":true,""electrical_balance_closes"":true,""essential_reserve_architecture_feasible"":true,""executed_le_design"":true,""executed_le_requested"":true,""fdir_never_increases_power"":true,""finite_state"":true,""housekeeping_priority"":true,""no_hidden_clipping"":true,""reserve_never_increases_power"":true,""soc_within_bounds"":true,""warmup_power_deficit_flag"":false}",[]
run,rsim-001-pwr1.1,RSIM-001-PWR1,A0-R_RESERVE_AWARE_ESSENTIAL_LOAD_ADMISSION,ESSENTIAL_RESERVE_FEASIBLE,A0-M_MYOPIC_ADMISSION,non-authoritative reserve-aware admission challenge; unchanged A0 hardware; not attack or spacecraft validation,55fc2d816b210ab18ecf700d22c0a53aa46f86ce,2,constant_reference,W0 — constant reference,E0_CANONICAL,CLOSED_LOOP,1.0,43200.0,10800.0,43200.0,4d5d8f0a04cad72db29f8067faacf7a2815a2ff7137a9d62be31a627ff8fb3c4,f1e4e90f3f517362d1f0d86129448dbb51a9890353ed63ed0111bae36bf018af,RSIM canonical-derived monotone FDIR,30.0,True,,False,0.0,0.0,0.0,0.0,4320000.0,0.2420159385639026,2052.0,True,False,0.0,16416.0,0.0,29961.913234665106,29961.913234665106,970765988.8031496,970765988.8031496,0.0,0.0,29961.91323466511,29961.91323466511,324.05834944314205,313.4913481849501,0.0,0,0.0,0.62,0.62,ea2fe76761523ad9e4dae030cac9b2ef52ea5338015abd7aabc8370e0b559220,7.797762009431608e-07,0.9,0.22854510857376473,0.22854510857376473,0.9,1035565988.8031161,1439151157.8947375,552301860.695013,483264128.10810316,74384191.59841076,0.0,-5.098350811749697e-05,5.1083581638522446e-05,0.0019914530185897506,0.0,"{""essential_reserve_J"":""maximum_over_full_trace"",""protected_battery_SOC_equivalent"":""maximum_over_full_trace"",""reserve_active"":""any_over_full_trace"",""reserve_denied_compute_W"":""maximum_over_full_trace"",""reserve_limited_compute"":""any_over_full_trace"",""time_until_next_generation_s"":""maximum_over_full_trace""}","{""battery_never_creates_energy"":true,""compute_denial_attribution_closes"":true,""electrical_balance_closes"":true,""essential_reserve_architecture_feasible"":true,""executed_le_design"":true,""executed_le_requested"":true,""fdir_never_increases_power"":true,""finite_state"":true,""housekeeping_priority"":true,""no_hidden_clipping"":true,""reserve_never_increases_power"":true,""soc_within_bounds"":true,""warmup_power_deficit_flag"":false}",[]
run,rsim-001-pwr1.1,RSIM-001-PWR1,A0-R_RESERVE_AWARE_ESSENTIAL_LOAD_ADMISSION,ESSENTIAL_RESERVE_FEASIBLE,A0-M_MYOPIC_ADMISSION,non-authoritative reserve-aware admission challenge; unchanged A0 hardware; not attack or spacecraft validation,55fc2d816b210ab18ecf700d22c0a53aa46f86ce,2,constant_reference,W0 — constant reference,E1_REPRESENTATIVE_ANALYTIC_LEO,POWER_CONSTRAINED,1.0,43200.0,10800.0,43200.0,4d5d8f0a04cad72db29f8067faacf7a2815a2ff7137a9d62be31a627ff8fb3c4,b348f00169c885d3849e406bf8ee33c9e3461c493394179d38bcd5672eae6285,,,True,,False,0.0,0.0,0.0,0.0,4496842.105263158,0.24373588926534892,2136.0,True,False,0.0,16177.0,0.0,29961.913234665106,29961.913234665106,970765988.8031496,970765988.8031496,0.0,0.0,29961.91323466511,29961.91323466511,331.5859537765402,320.9716126090253,0.0,0,0.0,0.6325617283950618,0.6325617283950618,ea2fe76761523ad9e4dae030cac9b2ef52ea5338015abd7aabc8370e0b559220,5.244337444310077e-07,0.9,0.4991558274867592,0.20105865103000034,0.9,1047307786.4019547,1451993045.840408,544260916.207555,503046870.1943996,58763243.242789626,0.0,-4.829039971809834e-05,4.9762107664719224e-05,0.001996253962047963,0.0,"{""essential_reserve_J"":""maximum_over_full_trace"",""protected_battery_SOC_equivalent"":""maximum_over_full_trace"",""reserve_active"":""any_over_full_trace"",""reserve_denied_compute_W"":""maximum_over_full_trace"",""reserve_limited_compute"":""any_over_full_trace"",""time_until_next_generation_s"":""maximum_over_full_trace""}","{""battery_never_creates_energy"":true,""compute_denial_attribution_closes"":true,""electrical_balance_closes"":true,""essential_reserve_architecture_feasible"":true,""executed_le_design"":true,""executed_le_requested"":true,""fdir_never_increases_power"":true,""finite_state"":true,""housekeeping_priority"":true,""no_hidden_clipping"":true,""reserve_never_increases_power"":true,""soc_within_bounds"":true,""warmup_power_deficit_flag"":false}","[""E1 is a fixed-wall-clock representative environment challenge, not a periodic/steady-state result"",""E1 radiator incidence and Earth-view factors are ASSUMED_EXPLORATORY"",""E1 albedo is a bounded analytic approximation, not a flight environment model""]"
run,rsim-001-pwr1.1,RSIM-001-PWR1,A0-R_RESERVE_AWARE_ESSENTIAL_LOAD_ADMISSION,ESSENTIAL_RESERVE_FEASIBLE,A0-M_MYOPIC_ADMISSION,non-authoritative reserve-aware admission challenge; unchanged A0 hardware; not attack or spacecraft validation,55fc2d816b210ab18ecf700d22c0a53aa46f86ce,2,constant_reference,W0 — constant reference,E1_REPRESENTATIVE_ANALYTIC_LEO,CLOSED_LOOP,1.0,43200.0,10800.0,43200.0,4d5d8f0a04cad72db29f8067faacf7a2815a2ff7137a9d62be31a627ff8fb3c4,b348f00169c885d3849e406bf8ee33c9e3461c493394179d38bcd5672eae6285,RSIM canonical-derived monotone FDIR,30.0,True,,False,0.0,0.0,0.0,0.0,4496842.105263158,0.24373588926534892,2136.0,True,False,0.0,16177.0,0.0,29961.913234665106,29961.913234665106,970765988.8031496,970765988.8031496,0.0,0.0,29961.91323466511,29961.91323466511,331.5859537765402,320.9716126090253,0.0,0,0.0,0.6325617283950618,0.6325617283950618,ea2fe76761523ad9e4dae030cac9b2ef52ea5338015abd7aabc8370e0b559220,5.244337444310077e-07,0.9,0.4991558274867592,0.20105865103000034,0.9,1047307786.4019547,1451993045.840408,544260916.207555,503046870.1943996,58763243.242789626,0.0,-4.829039971809834e-05,4.9762107664719224e-05,0.001996253962047963,0.0,"{""essential_reserve_J"":""maximum_over_full_trace"",""protected_battery_SOC_equivalent"":""maximum_over_full_trace"",""reserve_active"":""any_over_full_trace"",""reserve_denied_compute_W"":""maximum_over_full_trace"",""reserve_limited_compute"":""any_over_full_trace"",""time_until_next_generation_s"":""maximum_over_full_trace""}","{""battery_never_creates_energy"":true,""compute_denial_attribution_closes"":true,""electrical_balance_closes"":true,""essential_reserve_architecture_feasible"":true,""executed_le_design"":true,""executed_le_requested"":true,""fdir_never_increases_power"":true,""finite_state"":true,""housekeeping_priority"":true,""no_hidden_clipping"":true,""reserve_never_increases_power"":true,""soc_within_bounds"":true,""warmup_power_deficit_flag"":false}","[""E1 is a fixed-wall-clock representative environment challenge, not a periodic/steady-state result"",""E1 radiator incidence and Earth-view factors are ASSUMED_EXPLORATORY"",""E1 albedo is a bounded analytic approximation, not a flight environment model""]"
run,rsim-001-pwr1.1,RSIM-001-PWR1,A0-R_RESERVE_AWARE_ESSENTIAL_LOAD_ADMISSION,ESSENTIAL_RESERVE_FEASIBLE,A0-M_MYOPIC_ADMISSION,non-authoritative reserve-aware admission challenge; unchanged A0 hardware; not attack or spacecraft validation,55fc2d816b210ab18ecf700d22c0a53aa46f86ce,2,diversified_stochastic,W1 — diversified stochastic,E0_CANONICAL,POWER_CONSTRAINED,1.0,43200.0,10800.0,43200.0,d72f56e049d51081466b7d346d0786669797e4add76101bafbf5f95f7d6cf87f,f1e4e90f3f517362d1f0d86129448dbb51a9890353ed63ed0111bae36bf018af,,,True,,False,0.0,0.0,0.0,0.0,4320000.0,0.2420159385639026,2052.0,True,False,0.0,16416.0,0.0,29961.91323466511,29961.91323466511,970765988.8031496,970765988.8031496,0.0,0.0,36774.410468581365,36774.410468581365,325.99887060492654,315.0373937774255,0.0,0,0.0,0.6214650879691159,0.6214650879691159,a0351da1be093bbdc0b549a13c9ee76e7bb8e913e9c60035a55144e4cbbe4c27,1.7115935406764038e-06,0.9,0.2228399195924434,0.20519737665416676,0.9,1036637607.4777259,1439151157.8947375,553130968.4476376,483506639.03008837,73016164.19861108,0.0,-1.594696004758589e-05,1.607616650289856e-05,0.001992282126342375,1.9405211617844884,"{""essential_reserve_J"":""maximum_over_full_trace"",""protected_battery_SOC_equivalent"":""maximum_over_full_trace"",""reserve_active"":""any_over_full_trace"",""reserve_denied_compute_W"":""maximum_over_full_trace"",""reserve_limited_compute"":""any_over_full_trace"",""time_until_next_generation_s"":""maximum_over_full_trace""}","{""battery_never_creates_energy"":true,""compute_denial_attribution_closes"":true,""electrical_balance_closes"":true,""essential_reserve_architecture_feasible"":true,""executed_le_design"":true,""executed_le_requested"":true,""fdir_never_increases_power"":true,""finite_state"":true,""housekeeping_priority"":true,""no_hidden_clipping"":true,""reserve_never_increases_power"":true,""soc_within_bounds"":true,""warmup_power_deficit_flag"":false}",[]
run,rsim-001-pwr1.1,RSIM-001-PWR1,A0-R_RESERVE_AWARE_ESSENTIAL_LOAD_ADMISSION,ESSENTIAL_RESERVE_FEASIBLE,A0-M_MYOPIC_ADMISSION,non-authoritative reserve-aware admission challenge; unchanged A0 hardware; not attack or spacecraft validation,55fc2d816b210ab18ecf700d22c0a53aa46f86ce,2,diversified_stochastic,W1 — diversified stochastic,E0_CANONICAL,CLOSED_LOOP,1.0,43200.0,10800.0,43200.0,d72f56e049d51081466b7d346d0786669797e4add76101bafbf5f95f7d6cf87f,f1e4e90f3f517362d1f0d86129448dbb51a9890353ed63ed0111bae36bf018af,RSIM canonical-derived monotone FDIR,30.0,True,,False,0.0,0.0,0.0,0.0,4320000.0,0.2420159385639026,2052.0,True,False,0.0,16416.0,0.0,29961.91323466511,29961.91323466511,970765988.8031496,970765988.8031496,0.0,0.0,36774.410468581365,36774.410468581365,325.99887060492654,315.0373937774255,0.0,0,0.0,0.6214650879691159,0.6214650879691159,a0351da1be093bbdc0b549a13c9ee76e7bb8e913e9c60035a55144e4cbbe4c27,1.7115935406764038e-06,0.9,0.2228399195924434,0.20519737665416676,0.9,1036637607.4777259,1439151157.8947375,553130968.4476376,483506639.03008837,73016164.19861108,0.0,-1.594696004758589e-05,1.607616650289856e-05,0.001992282126342375,1.9405211617844884,"{""essential_reserve_J"":""maximum_over_full_trace"",""protected_battery_SOC_equivalent"":""maximum_over_full_trace"",""reserve_active"":""any_over_full_trace"",""reserve_denied_compute_W"":""maximum_over_full_trace"",""reserve_limited_compute"":""any_over_full_trace"",""time_until_next_generation_s"":""maximum_over_full_trace""}","{""battery_never_creates_energy"":true,""compute_denial_attribution_closes"":true,""electrical_balance_closes"":true,""essential_reserve_architecture_feasible"":true,""executed_le_design"":true,""executed_le_requested"":true,""fdir_never_increases_power"":true,""finite_state"":true,""housekeeping_priority"":true,""no_hidden_clipping"":true,""reserve_never_increases_power"":true,""soc_within_bounds"":true,""warmup_power_deficit_flag"":false}",[]
run,rsim-001-pwr1.1,RSIM-001-PWR1,A0-R_RESERVE_AWARE_ESSENTIAL_LOAD_ADMISSION,ESSENTIAL_RESERVE_FEASIBLE,A0-M_MYOPIC_ADMISSION,non-authoritative reserve-aware admission challenge; unchanged A0 hardware; not attack or spacecraft validation,55fc2d816b210ab18ecf700d22c0a53aa46f86ce,2,diversified_stochastic,W1 — diversified stochastic,E1_REPRESENTATIVE_ANALYTIC_LEO,POWER_CONSTRAINED,1.0,43200.0,10800.0,43200.0,d72f56e049d51081466b7d346d0786669797e4add76101bafbf5f95f7d6cf87f,b348f00169c885d3849e406bf8ee33c9e3461c493394179d38bcd5672eae6285,,,True,,False,585270.420740716,1915791.3029588438,0.0,2501061.72369956,4496842.105263158,0.24373588926534892,2136.0,True,True,34949.95451549756,16177.0,112.0,29961.91323466511,29884.719971587965,970765988.8031496,968264927.07945,2501061.72369956,0.0025763796347903585,36774.410468581365,36774.410468581365,333.44680196161517,322.512012846825,0.0,0,0.0,0.6331708636072049,0.6348063658000875,ecef6bfe2e509c63ca529582b73b19566772b1b89bfcf447ebfb0fe7ea660df2,1.4836723494227044e-06,0.9,0.5141074276183729,0.2,0.9,1041469042.4426944,1451993045.840408,540572896.4864051,500896145.9562893,59366916.55967744,0.0,-1.5081818219186971e-05,1.5209420325845713e-05,0.0019925659423268133,1.8608481850749854,"{""essential_reserve_J"":""maximum_over_full_trace"",""protected_battery_SOC_equivalent"":""maximum_over_full_trace"",""reserve_active"":""any_over_full_trace"",""reserve_denied_compute_W"":""maximum_over_full_trace"",""reserve_limited_compute"":""any_over_full_trace"",""time_until_next_generation_s"":""maximum_over_full_trace""}","{""battery_never_creates_energy"":true,""compute_denial_attribution_closes"":true,""electrical_balance_closes"":true,""essential_reserve_architecture_feasible"":true,""executed_le_design"":true,""executed_le_requested"":true,""fdir_never_increases_power"":true,""finite_state"":true,""housekeeping_priority"":true,""no_hidden_clipping"":true,""reserve_never_increases_power"":true,""soc_within_bounds"":true,""warmup_power_deficit_flag"":false}","[""E1 is a fixed-wall-clock representative environment challenge, not a periodic/steady-state result"",""E1 radiator incidence and Earth-view factors are ASSUMED_EXPLORATORY"",""E1 albedo is a bounded analytic approximation, not a flight environment model""]"
run,rsim-001-pwr1.1,RSIM-001-PWR1,A0-R_RESERVE_AWARE_ESSENTIAL_LOAD_ADMISSION,ESSENTIAL_RESERVE_FEASIBLE,A0-M_MYOPIC_ADMISSION,non-authoritative reserve-aware admission challenge; unchanged A0 hardware; not attack or spacecraft validation,55fc2d816b210ab18ecf700d22c0a53aa46f86ce,2,diversified_stochastic,W1 — diversified stochastic,E1_REPRESENTATIVE_ANALYTIC_LEO,CLOSED_LOOP,1.0,43200.0,10800.0,43200.0,d72f56e049d51081466b7d346d0786669797e4add76101bafbf5f95f7d6cf87f,b348f00169c885d3849e406bf8ee33c9e3461c493394179d38bcd5672eae6285,RSIM canonical-derived monotone FDIR,30.0,True,,False,585270.420740716,1915791.3029588438,0.0,2501061.72369956,4496842.105263158,0.24373588926534892,2136.0,True,True,34949.95451549756,16177.0,112.0,29961.91323466511,29884.719971587965,970765988.8031496,968264927.07945,2501061.72369956,0.0025763796347903585,36774.410468581365,36774.410468581365,333.44680196161517,322.512012846825,0.0,0,0.0,0.6331708636072049,0.6348063658000875,ecef6bfe2e509c63ca529582b73b19566772b1b89bfcf447ebfb0fe7ea660df2,1.4836723494227044e-06,0.9,0.5141074276183729,0.2,0.9,1041469042.4426944,1451993045.840408,540572896.4864051,500896145.9562893,59366916.55967744,0.0,-1.5081818219186971e-05,1.5209420325845713e-05,0.0019925659423268133,1.8608481850749854,"{""essential_reserve_J"":""maximum_over_full_trace"",""protected_battery_SOC_equivalent"":""maximum_over_full_trace"",""reserve_active"":""any_over_full_trace"",""reserve_denied_compute_W"":""maximum_over_full_trace"",""reserve_limited_compute"":""any_over_full_trace"",""time_until_next_generation_s"":""maximum_over_full_trace""}","{""battery_never_creates_energy"":true,""compute_denial_attribution_closes"":true,""electrical_balance_closes"":true,""essential_reserve_architecture_feasible"":true,""executed_le_design"":true,""executed_le_requested"":true,""fdir_never_increases_power"":true,""finite_state"":true,""housekeeping_priority"":true,""no_hidden_clipping"":true,""reserve_never_increases_power"":true,""soc_within_bounds"":true,""warmup_power_deficit_flag"":false}","[""E1 is a fixed-wall-clock representative environment challenge, not a periodic/steady-state result"",""E1 radiator incidence and Earth-view factors are ASSUMED_EXPLORATORY"",""E1 albedo is a bounded analytic approximation, not a flight environment model""]"
run,rsim-001-pwr1.1,RSIM-001-PWR1,A0-R_RESERVE_AWARE_ESSENTIAL_LOAD_ADMISSION,ESSENTIAL_RESERVE_FEASIBLE,A0-M_MYOPIC_ADMISSION,non-authoritative reserve-aware admission challenge; unchanged A0 hardware; not attack or spacecraft validation,55fc2d816b210ab18ecf700d22c0a53aa46f86ce,2,bursty_benign,W2 — bursty benign,E0_CANONICAL,POWER_CONSTRAINED,1.0,43200.0,10800.0,43200.0,a57d59f976cc46dae540a594874e09579575236fdb79f7f35ad2770d6238d1e9,f1e4e90f3f517362d1f0d86129448dbb51a9890353ed63ed0111bae36bf018af,,,True,,False,1055269.1356481574,15252443.357862266,0.0,16307712.493510423,4320000.0,0.2420159385639026,2052.0,True,True,39882.20130904672,16416.0,652.0,29961.913234665106,29458.588774988857,970765988.8031496,954458276.3096391,16307712.493510423,0.01679880906583479,39882.20130904672,39882.20130904672,334.3575869489199,321.8038596018131,0.0,0,0.0,0.6211016274498612,0.6317136646872206,4feb083f7fcf603c4f5577fcd4861544f4dad68a82ec436075f597a779ec6c9c,-5.981773938401602e-07,0.9,0.31491500400934946,0.2,0.9,1005535044.1448203,1439151157.8947375,532846193.0371805,472688851.1076399,74337114.78751841,0.0,-1.0452250080561498e-05,1.4839977211522637e-05,0.0019719973509319177,10.299237505777853,"{""essential_reserve_J"":""maximum_over_full_trace"",""protected_battery_SOC_equivalent"":""maximum_over_full_trace"",""reserve_active"":""any_over_full_trace"",""reserve_denied_compute_W"":""maximum_over_full_trace"",""reserve_limited_compute"":""any_over_full_trace"",""time_until_next_generation_s"":""maximum_over_full_trace""}","{""battery_never_creates_energy"":true,""compute_denial_attribution_closes"":true,""electrical_balance_closes"":true,""essential_reserve_architecture_feasible"":true,""executed_le_design"":true,""executed_le_requested"":true,""fdir_never_increases_power"":true,""finite_state"":true,""housekeeping_priority"":true,""no_hidden_clipping"":true,""reserve_never_increases_power"":true,""soc_within_bounds"":true,""warmup_power_deficit_flag"":false}",[]
run,rsim-001-pwr1.1,RSIM-001-PWR1,A0-R_RESERVE_AWARE_ESSENTIAL_LOAD_ADMISSION,ESSENTIAL_RESERVE_FEASIBLE,A0-M_MYOPIC_ADMISSION,non-authoritative reserve-aware admission challenge; unchanged A0 hardware; not attack or spacecraft validation,55fc2d816b210ab18ecf700d22c0a53aa46f86ce,2,bursty_benign,W2 — bursty benign,E0_CANONICAL,CLOSED_LOOP,1.0,43200.0,10800.0,43200.0,a57d59f976cc46dae540a594874e09579575236fdb79f7f35ad2770d6238d1e9,f1e4e90f3f517362d1f0d86129448dbb51a9890353ed63ed0111bae36bf018af,RSIM canonical-derived monotone FDIR,30.0,True,,False,1055269.1356481574,15252443.357862266,0.0,16307712.493510423,4320000.0,0.2420159385639026,2052.0,True,True,39882.20130904672,16416.0,652.0,29961.913234665106,29458.588774988857,970765988.8031496,954458276.3096391,16307712.493510423,0.01679880906583479,39882.20130904672,39882.20130904672,334.3575869489199,321.8038596018131,0.0,0,0.0,0.6211016274498612,0.6317136646872206,4feb083f7fcf603c4f5577fcd4861544f4dad68a82ec436075f597a779ec6c9c,-5.981773938401602e-07,0.9,0.31491500400934946,0.2,0.9,1005535044.1448203,1439151157.8947375,532846193.0371805,472688851.1076399,74337114.78751841,0.0,-1.0452250080561498e-05,1.4839977211522637e-05,0.0019719973509319177,10.299237505777853,"{""essential_reserve_J"":""maximum_over_full_trace"",""protected_battery_SOC_equivalent"":""maximum_over_full_trace"",""reserve_active"":""any_over_full_trace"",""reserve_denied_compute_W"":""maximum_over_full_trace"",""reserve_limited_compute"":""any_over_full_trace"",""time_until_next_generation_s"":""maximum_over_full_trace""}","{""battery_never_creates_energy"":true,""compute_denial_attribution_closes"":true,""electrical_balance_closes"":true,""essential_reserve_architecture_feasible"":true,""executed_le_design"":true,""executed_le_requested"":true,""fdir_never_increases_power"":true,""finite_state"":true,""housekeeping_priority"":true,""no_hidden_clipping"":true,""reserve_never_increases_power"":true,""soc_within_bounds"":true,""warmup_power_deficit_flag"":false}",[]
run,rsim-001-pwr1.1,RSIM-001-PWR1,A0-R_RESERVE_AWARE_ESSENTIAL_LOAD_ADMISSION,ESSENTIAL_RESERVE_FEASIBLE,A0-M_MYOPIC_ADMISSION,non-authoritative reserve-aware admission challenge; unchanged A0 hardware; not attack or spacecraft validation,55fc2d816b210ab18ecf700d22c0a53aa46f86ce,2,bursty_benign,W2 — bursty benign,E1_REPRESENTATIVE_ANALYTIC_LEO,POWER_CONSTRAINED,1.0,43200.0,10800.0,43200.0,a57d59f976cc46dae540a594874e09579575236fdb79f7f35ad2770d6238d1e9,b348f00169c885d3849e406bf8ee33c9e3461c493394179d38bcd5672eae6285,,,True,,False,1451343.8016741346,18577265.51185709,0.0,20028609.31353122,4496842.105263158,0.24373588926534892,2136.0,True,True,40000.0,16177.0,870.0,29961.913234665106,29343.74628054377,970765988.8031496,950737379.4896183,20028609.31353122,0.02063175836869228,39882.20130904672,39882.20130904672,337.7960360754854,325.8142136315731,0.0,0,0.0,0.6280943228553963,0.6413260060477316,bf568ae66fa8749cd80fcd2bf4974937c638655cdd5c24a0cedf9df1bfc4b0e2,-1.3182434486225247e-06,0.9,0.5769158953646908,0.2,0.9,1016771386.5083208,1451993045.840408,524995144.0926968,491776242.415624,66392446.10500462,0.0,-4.617476406565402e-06,8.218936727644177e-06,0.001976988189933105,6.210082298945224,"{""essential_reserve_J"":""maximum_over_full_trace"",""protected_battery_SOC_equivalent"":""maximum_over_full_trace"",""reserve_active"":""any_over_full_trace"",""reserve_denied_compute_W"":""maximum_over_full_trace"",""reserve_limited_compute"":""any_over_full_trace"",""time_until_next_generation_s"":""maximum_over_full_trace""}","{""battery_never_creates_energy"":true,""compute_denial_attribution_closes"":true,""electrical_balance_closes"":true,""essential_reserve_architecture_feasible"":true,""executed_le_design"":true,""executed_le_requested"":true,""fdir_never_increases_power"":true,""finite_state"":true,""housekeeping_priority"":true,""no_hidden_clipping"":true,""reserve_never_increases_power"":true,""soc_within_bounds"":true,""warmup_power_deficit_flag"":false}","[""E1 is a fixed-wall-clock representative environment challenge, not a periodic/steady-state result"",""E1 radiator incidence and Earth-view factors are ASSUMED_EXPLORATORY"",""E1 albedo is a bounded analytic approximation, not a flight environment model""]"
run,rsim-001-pwr1.1,RSIM-001-PWR1,A0-R_RESERVE_AWARE_ESSENTIAL_LOAD_ADMISSION,ESSENTIAL_RESERVE_FEASIBLE,A0-M_MYOPIC_ADMISSION,non-authoritative reserve-aware admission challenge; unchanged A0 hardware; not attack or spacecraft validation,55fc2d816b210ab18ecf700d22c0a53aa46f86ce,2,bursty_benign,W2 — bursty benign,E1_REPRESENTATIVE_ANALYTIC_LEO,CLOSED_LOOP,1.0,43200.0,10800.0,43200.0,a57d59f976cc46dae540a594874e09579575236fdb79f7f35ad2770d6238d1e9,b348f00169c885d3849e406bf8ee33c9e3461c493394179d38bcd5672eae6285,RSIM canonical-derived monotone FDIR,30.0,True,,False,1451343.8016741346,18577265.51185709,0.0,20028609.31353122,4496842.105263158,0.24373588926534892,2136.0,True,True,40000.0,16177.0,870.0,29961.913234665106,29343.74628054377,970765988.8031496,950737379.4896183,20028609.31353122,0.02063175836869228,39882.20130904672,39882.20130904672,337.7960360754854,325.8142136315731,0.0,0,0.0,0.6280943228553963,0.6413260060477316,bf568ae66fa8749cd80fcd2bf4974937c638655cdd5c24a0cedf9df1bfc4b0e2,-1.3182434486225247e-06,0.9,0.5769158953646908,0.2,0.9,1016771386.5083208,1451993045.840408,524995144.0926968,491776242.415624,66392446.10500462,0.0,-4.617476406565402e-06,8.218936727644177e-06,0.001976988189933105,6.210082298945224,"{""essential_reserve_J"":""maximum_over_full_trace"",""protected_battery_SOC_equivalent"":""maximum_over_full_trace"",""reserve_active"":""any_over_full_trace"",""reserve_denied_compute_W"":""maximum_over_full_trace"",""reserve_limited_compute"":""any_over_full_trace"",""time_until_next_generation_s"":""maximum_over_full_trace""}","{""battery_never_creates_energy"":true,""compute_denial_attribution_closes"":true,""electrical_balance_closes"":true,""essential_reserve_architecture_feasible"":true,""executed_le_design"":true,""executed_le_requested"":true,""fdir_never_increases_power"":true,""finite_state"":true,""housekeeping_priority"":true,""no_hidden_clipping"":true,""reserve_never_increases_power"":true,""soc_within_bounds"":true,""warmup_power_deficit_flag"":false}","[""E1 is a fixed-wall-clock representative environment challenge, not a periodic/steady-state result"",""E1 radiator incidence and Earth-view factors are ASSUMED_EXPLORATORY"",""E1 albedo is a bounded analytic approximation, not a flight environment model""]"
run,rsim-001-pwr1.1,RSIM-001-PWR1,A0-R_RESERVE_AWARE_ESSENTIAL_LOAD_ADMISSION,ESSENTIAL_RESERVE_FEASIBLE,A0-M_MYOPIC_ADMISSION,non-authoritative reserve-aware admission challenge; unchanged A0 hardware; not attack or spacecraft validation,55fc2d816b210ab18ecf700d22c0a53aa46f86ce,2,queue_driven_benign,W3 — queue-driven benign,E0_CANONICAL,POWER_CONSTRAINED,1.0,43200.0,10800.0,43200.0,1fefdc71e1fd25e8f3dfefaa3f21545fe183e9755c6aa3041b630e5ee24d2c37,f1e4e90f3f517362d1f0d86129448dbb51a9890353ed63ed0111bae36bf018af,,,True,,False,757883.4971341537,13715467.069825307,0.0,14473350.56695946,4320000.0,0.2420159385639026,2052.0,True,True,40000.0,16416.0,859.0,29961.913234665106,29515.204883833027,970765988.8031496,956292638.2361901,14473350.56695946,0.01490920647601545,40000.0,40000.0,332.3210680627218,319.79908686559645,0.0,0,0.0,0.6183190246058526,0.6276771934837884,8a8fd15d847514c5a1b7cac9ae10dcc06c4b204c7e213700c70d5eef34031b54,-1.3604435480374377e-06,0.9,0.2,0.2,0.9,985910480.9350162,1439151157.8947375,528941584.0237944,456968896.9112216,89272316.90885484,0.0,-2.975885581690818e-05,2.975885581690818e-05,0.0019680927419185317,8.262718619579744,"{""essential_reserve_J"":""maximum_over_full_trace"",""protected_battery_SOC_equivalent"":""maximum_over_full_trace"",""reserve_active"":""any_over_full_trace"",""reserve_denied_compute_W"":""maximum_over_full_trace"",""reserve_limited_compute"":""any_over_full_trace"",""time_until_next_generation_s"":""maximum_over_full_trace""}","{""battery_never_creates_energy"":true,""compute_denial_attribution_closes"":true,""electrical_balance_closes"":true,""essential_reserve_architecture_feasible"":true,""executed_le_design"":true,""executed_le_requested"":true,""fdir_never_increases_power"":true,""finite_state"":true,""housekeeping_priority"":true,""no_hidden_clipping"":true,""reserve_never_increases_power"":true,""soc_within_bounds"":true,""warmup_power_deficit_flag"":false}",[]
run,rsim-001-pwr1.1,RSIM-001-PWR1,A0-R_RESERVE_AWARE_ESSENTIAL_LOAD_ADMISSION,ESSENTIAL_RESERVE_FEASIBLE,A0-M_MYOPIC_ADMISSION,non-authoritative reserve-aware admission challenge; unchanged A0 hardware; not attack or spacecraft validation,55fc2d816b210ab18ecf700d22c0a53aa46f86ce,2,queue_driven_benign,W3 — queue-driven benign,E0_CANONICAL,CLOSED_LOOP,1.0,43200.0,10800.0,43200.0,1fefdc71e1fd25e8f3dfefaa3f21545fe183e9755c6aa3041b630e5ee24d2c37,f1e4e90f3f517362d1f0d86129448dbb51a9890353ed63ed0111bae36bf018af,RSIM canonical-derived monotone FDIR,30.0,True,,False,757883.4971341537,13715467.069825307,0.0,14473350.56695946,4320000.0,0.2420159385639026,2052.0,True,True,40000.0,16416.0,859.0,29961.913234665106,29515.204883833027,970765988.8031496,956292638.2361901,14473350.56695946,0.01490920647601545,40000.0,40000.0,332.3210680627218,319.79908686559645,0.0,0,0.0,0.6183190246058526,0.6276771934837884,8a8fd15d847514c5a1b7cac9ae10dcc06c4b204c7e213700c70d5eef34031b54,-1.3604435480374377e-06,0.9,0.2,0.2,0.9,985910480.9350162,1439151157.8947375,528941584.0237944,456968896.9112216,89272316.90885484,0.0,-2.975885581690818e-05,2.975885581690818e-05,0.0019680927419185317,8.262718619579744,"{""essential_reserve_J"":""maximum_over_full_trace"",""protected_battery_SOC_equivalent"":""maximum_over_full_trace"",""reserve_active"":""any_over_full_trace"",""reserve_denied_compute_W"":""maximum_over_full_trace"",""reserve_limited_compute"":""any_over_full_trace"",""time_until_next_generation_s"":""maximum_over_full_trace""}","{""battery_never_creates_energy"":true,""compute_denial_attribution_closes"":true,""electrical_balance_closes"":true,""essential_reserve_architecture_feasible"":true,""executed_le_design"":true,""executed_le_requested"":true,""fdir_never_increases_power"":true,""finite_state"":true,""housekeeping_priority"":true,""no_hidden_clipping"":true,""reserve_never_increases_power"":true,""soc_within_bounds"":true,""warmup_power_deficit_flag"":false}",[]
run,rsim-001-pwr1.1,RSIM-001-PWR1,A0-R_RESERVE_AWARE_ESSENTIAL_LOAD_ADMISSION,ESSENTIAL_RESERVE_FEASIBLE,A0-M_MYOPIC_ADMISSION,non-authoritative reserve-aware admission challenge; unchanged A0 hardware; not attack or spacecraft validation,55fc2d816b210ab18ecf700d22c0a53aa46f86ce,2,queue_driven_benign,W3 — queue-driven benign,E1_REPRESENTATIVE_ANALYTIC_LEO,POWER_CONSTRAINED,1.0,43200.0,10800.0,43200.0,1fefdc71e1fd25e8f3dfefaa3f21545fe183e9755c6aa3041b630e5ee24d2c37,b348f00169c885d3849e406bf8ee33c9e3461c493394179d38bcd5672eae6285,,,True,,False,1116983.0526361726,10068277.13445738,0.0,11185260.187093552,4496842.105263158,0.24373588926534892,2136.0,True,True,40000.0,16177.0,968.0,29961.913234665106,29616.68915481654,970765988.8031496,959580728.6160561,11185260.187093552,0.01152209730883112,40000.0,40000.0,337.79904017791046,325.612531332312,0.0,0,0.0,0.6274453886745954,0.6347591453145804,a2627f1a59e2be3c89a8237d3676eebe2571efb128878e5a2e2a7b01d3fbb6a9,7.824774002074264e-07,0.9,0.4402068281633129,0.2,0.9,1006769655.8465745,1451993045.840408,527022363.70407176,479747292.1425028,79847817.9188332,0.0,-2.5127988465101225e-05,2.5672564788692398e-05,0.0019790154095444797,6.213086401370276,"{""essential_reserve_J"":""maximum_over_full_trace"",""protected_battery_SOC_equivalent"":""maximum_over_full_trace"",""reserve_active"":""any_over_full_trace"",""reserve_denied_compute_W"":""maximum_over_full_trace"",""reserve_limited_compute"":""any_over_full_trace"",""time_until_next_generation_s"":""maximum_over_full_trace""}","{""battery_never_creates_energy"":true,""compute_denial_attribution_closes"":true,""electrical_balance_closes"":true,""essential_reserve_architecture_feasible"":true,""executed_le_design"":true,""executed_le_requested"":true,""fdir_never_increases_power"":true,""finite_state"":true,""housekeeping_priority"":true,""no_hidden_clipping"":true,""reserve_never_increases_power"":true,""soc_within_bounds"":true,""warmup_power_deficit_flag"":false}","[""E1 is a fixed-wall-clock representative environment challenge, not a periodic/steady-state result"",""E1 radiator incidence and Earth-view factors are ASSUMED_EXPLORATORY"",""E1 albedo is a bounded analytic approximation, not a flight environment model""]"
run,rsim-001-pwr1.1,RSIM-001-PWR1,A0-R_RESERVE_AWARE_ESSENTIAL_LOAD_ADMISSION,ESSENTIAL_RESERVE_FEASIBLE,A0-M_MYOPIC_ADMISSION,non-authoritative reserve-aware admission challenge; unchanged A0 hardware; not attack or spacecraft validation,55fc2d816b210ab18ecf700d22c0a53aa46f86ce,2,queue_driven_benign,W3 — queue-driven benign,E1_REPRESENTATIVE_ANALYTIC_LEO,CLOSED_LOOP,1.0,43200.0,10800.0,43200.0,1fefdc71e1fd25e8f3dfefaa3f21545fe183e9755c6aa3041b630e5ee24d2c37,b348f00169c885d3849e406bf8ee33c9e3461c493394179d38bcd5672eae6285,RSIM canonical-derived monotone FDIR,30.0,True,,False,1116983.0526361726,10068277.13445738,0.0,11185260.187093552,4496842.105263158,0.24373588926534892,2136.0,True,True,40000.0,16177.0,968.0,29961.913234665106,29616.68915481654,970765988.8031496,959580728.6160561,11185260.187093552,0.01152209730883112,40000.0,40000.0,337.79904017791046,325.612531332312,0.0,0,0.0,0.6274453886745954,0.6347591453145804,a2627f1a59e2be3c89a8237d3676eebe2571efb128878e5a2e2a7b01d3fbb6a9,7.824774002074264e-07,0.9,0.4402068281633129,0.2,0.9,1006769655.8465745,1451993045.840408,527022363.70407176,479747292.1425028,79847817.9188332,0.0,-2.5127988465101225e-05,2.5672564788692398e-05,0.0019790154095444797,6.213086401370276,"{""essential_reserve_J"":""maximum_over_full_trace"",""protected_battery_SOC_equivalent"":""maximum_over_full_trace"",""reserve_active"":""any_over_full_trace"",""reserve_denied_compute_W"":""maximum_over_full_trace"",""reserve_limited_compute"":""any_over_full_trace"",""time_until_next_generation_s"":""maximum_over_full_trace""}","{""battery_never_creates_energy"":true,""compute_denial_attribution_closes"":true,""electrical_balance_closes"":true,""essential_reserve_architecture_feasible"":true,""executed_le_design"":true,""executed_le_requested"":true,""fdir_never_increases_power"":true,""finite_state"":true,""housekeeping_priority"":true,""no_hidden_clipping"":true,""reserve_never_increases_power"":true,""soc_within_bounds"":true,""warmup_power_deficit_flag"":false}","[""E1 is a fixed-wall-clock representative environment challenge, not a periodic/steady-state result"",""E1 radiator incidence and Earth-view factors are ASSUMED_EXPLORATORY"",""E1 albedo is a bounded analytic approximation, not a flight environment model""]"
run,rsim-001-pwr1.1,RSIM-001-PWR1,A0-R_RESERVE_AWARE_ESSENTIAL_LOAD_ADMISSION,ESSENTIAL_RESERVE_FEASIBLE,A0-M_MYOPIC_ADMISSION,non-authoritative reserve-aware admission challenge; unchanged A0 hardware; not attack or spacecraft validation,55fc2d816b210ab18ecf700d22c0a53aa46f86ce,2,power_aware_benign,W4 — power-aware benign,E0_CANONICAL,POWER_CONSTRAINED,1.0,43200.0,10800.0,43200.0,a7bfbd933298556d667b61fe295277e49a8ad72eb0c8d1facbdbf15d50c29088,f1e4e90f3f517362d1f0d86129448dbb51a9890353ed63ed0111bae36bf018af,,,True,,False,0.0,0.0,0.0,0.0,4320000.0,0.2420159385639026,2052.0,True,False,0.0,16416.0,0.0,29961.913234665106,29961.913234665106,970765988.8031496,970765988.8031496,0.0,0.0,39178.507596395044,39178.507596395044,334.4831730202613,322.11288250847196,0.0,0,0.0,0.6863485961600184,0.6863485961600184,2c9d7c7c6a561b2a6f7931cf0bcbbd89d3d00e2b5c318ab979712959db49129c,-5.198808139539324e-07,0.9,0.3384020553283822,0.33834978887173117,0.9,836666545.949374,1439151157.8947375,447204496.65676105,389462049.29261285,110053063.61100422,0.0,-4.220847404212691e-05,4.231482307659462e-05,0.0018863556545514984,10.424823577119241,"{""essential_reserve_J"":""maximum_over_full_trace"",""protected_battery_SOC_equivalent"":""maximum_over_full_trace"",""reserve_active"":""any_over_full_trace"",""reserve_denied_compute_W"":""maximum_over_full_trace"",""reserve_limited_compute"":""any_over_full_trace"",""time_until_next_generation_s"":""maximum_over_full_trace""}","{""battery_never_creates_energy"":true,""compute_denial_attribution_closes"":true,""electrical_balance_closes"":true,""essential_reserve_architecture_feasible"":true,""executed_le_design"":true,""executed_le_requested"":true,""fdir_never_increases_power"":true,""finite_state"":true,""housekeeping_priority"":true,""no_hidden_clipping"":true,""reserve_never_increases_power"":true,""soc_within_bounds"":true,""warmup_power_deficit_flag"":false}",[]
run,rsim-001-pwr1.1,RSIM-001-PWR1,A0-R_RESERVE_AWARE_ESSENTIAL_LOAD_ADMISSION,ESSENTIAL_RESERVE_FEASIBLE,A0-M_MYOPIC_ADMISSION,non-authoritative reserve-aware admission challenge; unchanged A0 hardware; not attack or spacecraft validation,55fc2d816b210ab18ecf700d22c0a53aa46f86ce,2,power_aware_benign,W4 — power-aware benign,E0_CANONICAL,CLOSED_LOOP,1.0,43200.0,10800.0,43200.0,a7bfbd933298556d667b61fe295277e49a8ad72eb0c8d1facbdbf15d50c29088,f1e4e90f3f517362d1f0d86129448dbb51a9890353ed63ed0111bae36bf018af,RSIM canonical-derived monotone FDIR,30.0,True,,False,0.0,0.0,0.0,0.0,4320000.0,0.2420159385639026,2052.0,True,False,0.0,16416.0,0.0,29961.913234665106,29961.913234665106,970765988.8031496,970765988.8031496,0.0,0.0,39178.507596395044,39178.507596395044,334.4831730202613,322.11288250847196,0.0,0,0.0,0.6863485961600184,0.6863485961600184,2c9d7c7c6a561b2a6f7931cf0bcbbd89d3d00e2b5c318ab979712959db49129c,-5.198808139539324e-07,0.9,0.3384020553283822,0.33834978887173117,0.9,836666545.949374,1439151157.8947375,447204496.65676105,389462049.29261285,110053063.61100422,0.0,-4.220847404212691e-05,4.231482307659462e-05,0.0018863556545514984,10.424823577119241,"{""essential_reserve_J"":""maximum_over_full_trace"",""protected_battery_SOC_equivalent"":""maximum_over_full_trace"",""reserve_active"":""any_over_full_trace"",""reserve_denied_compute_W"":""maximum_over_full_trace"",""reserve_limited_compute"":""any_over_full_trace"",""time_until_next_generation_s"":""maximum_over_full_trace""}","{""battery_never_creates_energy"":true,""compute_denial_attribution_closes"":true,""electrical_balance_closes"":true,""essential_reserve_architecture_feasible"":true,""executed_le_design"":true,""executed_le_requested"":true,""fdir_never_increases_power"":true,""finite_state"":true,""housekeeping_priority"":true,""no_hidden_clipping"":true,""reserve_never_increases_power"":true,""soc_within_bounds"":true,""warmup_power_deficit_flag"":false}",[]
run,rsim-001-pwr1.1,RSIM-001-PWR1,A0-R_RESERVE_AWARE_ESSENTIAL_LOAD_ADMISSION,ESSENTIAL_RESERVE_FEASIBLE,A0-M_MYOPIC_ADMISSION,non-authoritative reserve-aware admission challenge; unchanged A0 hardware; not attack or spacecraft validation,55fc2d816b210ab18ecf700d22c0a53aa46f86ce,2,power_aware_benign,W4 — power-aware benign,E1_REPRESENTATIVE_ANALYTIC_LEO,POWER_CONSTRAINED,1.0,43200.0,10800.0,43200.0,a7bfbd933298556d667b61fe295277e49a8ad72eb0c8d1facbdbf15d50c29088,b348f00169c885d3849e406bf8ee33c9e3461c493394179d38bcd5672eae6285,,,True,,False,114583.73410928881,2176889.665853045,0.0,2291473.399962334,4496842.105263158,0.24373588926534892,2136.0,True,True,26149.75229149042,16177.0,263.0,29961.913234665106,29891.18874701195,970765988.8031496,968474515.4031873,2291473.399962334,0.002360479689639184,39178.507596395044,39178.507596395044,341.7401543650162,329.1698311361318,0.0,0,0.0,0.6804506713194591,0.6820606616584056,53ab68a18669103facf2087d93db46c42cc5657df2d6102c991bd0bcaf4467eb,-9.425780262972694e-07,0.9,0.6055602814686902,0.2,0.9,955987843.8345501,1451993045.840408,493130791.7282483,462857052.1063018,95270492.1093165,0.0,-3.286271930846851e-05,3.303374796814751e-05,0.0019451238375686563,10.154200588476044,"{""essential_reserve_J"":""maximum_over_full_trace"",""protected_battery_SOC_equivalent"":""maximum_over_full_trace"",""reserve_active"":""any_over_full_trace"",""reserve_denied_compute_W"":""maximum_over_full_trace"",""reserve_limited_compute"":""any_over_full_trace"",""time_until_next_generation_s"":""maximum_over_full_trace""}","{""battery_never_creates_energy"":true,""compute_denial_attribution_closes"":true,""electrical_balance_closes"":true,""essential_reserve_architecture_feasible"":true,""executed_le_design"":true,""executed_le_requested"":true,""fdir_never_increases_power"":true,""finite_state"":true,""housekeeping_priority"":true,""no_hidden_clipping"":true,""reserve_never_increases_power"":true,""soc_within_bounds"":true,""warmup_power_deficit_flag"":false}","[""E1 is a fixed-wall-clock representative environment challenge, not a periodic/steady-state result"",""E1 radiator incidence and Earth-view factors are ASSUMED_EXPLORATORY"",""E1 albedo is a bounded analytic approximation, not a flight environment model""]"
run,rsim-001-pwr1.1,RSIM-001-PWR1,A0-R_RESERVE_AWARE_ESSENTIAL_LOAD_ADMISSION,ESSENTIAL_RESERVE_FEASIBLE,A0-M_MYOPIC_ADMISSION,non-authoritative reserve-aware admission challenge; unchanged A0 hardware; not attack or spacecraft validation,55fc2d816b210ab18ecf700d22c0a53aa46f86ce,2,power_aware_benign,W4 — power-aware benign,E1_REPRESENTATIVE_ANALYTIC_LEO,CLOSED_LOOP,1.0,43200.0,10800.0,43200.0,a7bfbd933298556d667b61fe295277e49a8ad72eb0c8d1facbdbf15d50c29088,b348f00169c885d3849e406bf8ee33c9e3461c493394179d38bcd5672eae6285,RSIM canonical-derived monotone FDIR,30.0,True,,False,114583.73410928881,2176889.665853045,0.0,2291473.399962334,4496842.105263158,0.24373588926534892,2136.0,True,True,26149.75229149042,16177.0,263.0,29961.913234665106,29891.18874701195,970765988.8031496,968474515.4031873,2291473.399962334,0.002360479689639184,39178.507596395044,39178.507596395044,341.7401543650162,329.1698311361318,0.0,0,0.0,0.6804506713194591,0.6820606616584056,53ab68a18669103facf2087d93db46c42cc5657df2d6102c991bd0bcaf4467eb,-9.425780262972694e-07,0.9,0.6055602814686902,0.2,0.9,955987843.8345501,1451993045.840408,493130791.7282483,462857052.1063018,95270492.1093165,0.0,-3.286271930846851e-05,3.303374796814751e-05,0.0019451238375686563,10.154200588476044,"{""essential_reserve_J"":""maximum_over_full_trace"",""protected_battery_SOC_equivalent"":""maximum_over_full_trace"",""reserve_active"":""any_over_full_trace"",""reserve_denied_compute_W"":""maximum_over_full_trace"",""reserve_limited_compute"":""any_over_full_trace"",""time_until_next_generation_s"":""maximum_over_full_trace""}","{""battery_never_creates_energy"":true,""compute_denial_attribution_closes"":true,""electrical_balance_closes"":true,""essential_reserve_architecture_feasible"":true,""executed_le_design"":true,""executed_le_requested"":true,""fdir_never_increases_power"":true,""finite_state"":true,""housekeeping_priority"":true,""no_hidden_clipping"":true,""reserve_never_increases_power"":true,""soc_within_bounds"":true,""warmup_power_deficit_flag"":false}","[""E1 is a fixed-wall-clock representative environment challenge, not a periodic/steady-state result"",""E1 radiator incidence and Earth-view factors are ASSUMED_EXPLORATORY"",""E1 albedo is a bounded analytic approximation, not a flight environment model""]"
run,rsim-001-pwr1.1,RSIM-001-PWR1,A0-R_RESERVE_AWARE_ESSENTIAL_LOAD_ADMISSION,ESSENTIAL_RESERVE_FEASIBLE,A0-M_MYOPIC_ADMISSION,non-authoritative reserve-aware admission challenge; unchanged A0 hardware; not attack or spacecraft validation,55fc2d816b210ab18ecf700d22c0a53aa46f86ce,2,phase_shaped_candidate,W5 — phase-shaped adversarial candidate,E0_CANONICAL,POWER_CONSTRAINED,1.0,43200.0,10800.0,43200.0,ac08da4b4153414ac9752da3b32c1b2e30f55279c6389abb5ccd89cd01df0425,f1e4e90f3f517362d1f0d86129448dbb51a9890353ed63ed0111bae36bf018af,,,True,,False,0.0,0.0,0.0,0.0,4320000.0,0.2420159385639026,2052.0,True,False,0.0,16416.0,0.0,29961.913234665106,29961.913234665106,970765988.8031496,970765988.8031496,0.0,0.0,40000.0,40000.0,341.4272057227394,327.7390354730782,0.0,0,0.0,0.825770302007264,0.825770302007264,62e66731d0a03b0e2f57c9c19c18b74d4d9348c8dc71b654bf2e09093515d5f7,-1.1044612620025873e-06,0.9,0.5693556591668615,0.5691872155485963,0.9,509369665.871472,1439151157.8947375,271682948.427375,237686717.44409698,66726509.88263126,0.0,-3.924769043806009e-05,3.945713433495257e-05,0.0017108341063221126,17.368856279597367,"{""essential_reserve_J"":""maximum_over_full_trace"",""protected_battery_SOC_equivalent"":""maximum_over_full_trace"",""reserve_active"":""any_over_full_trace"",""reserve_denied_compute_W"":""maximum_over_full_trace"",""reserve_limited_compute"":""any_over_full_trace"",""time_until_next_generation_s"":""maximum_over_full_trace""}","{""battery_never_creates_energy"":true,""compute_denial_attribution_closes"":true,""electrical_balance_closes"":true,""essential_reserve_architecture_feasible"":true,""executed_le_design"":true,""executed_le_requested"":true,""fdir_never_increases_power"":true,""finite_state"":true,""housekeeping_priority"":true,""no_hidden_clipping"":true,""reserve_never_increases_power"":true,""soc_within_bounds"":true,""warmup_power_deficit_flag"":false}",[]
run,rsim-001-pwr1.1,RSIM-001-PWR1,A0-R_RESERVE_AWARE_ESSENTIAL_LOAD_ADMISSION,ESSENTIAL_RESERVE_FEASIBLE,A0-M_MYOPIC_ADMISSION,non-authoritative reserve-aware admission challenge; unchanged A0 hardware; not attack or spacecraft validation,55fc2d816b210ab18ecf700d22c0a53aa46f86ce,2,phase_shaped_candidate,W5 — phase-shaped adversarial candidate,E0_CANONICAL,CLOSED_LOOP,1.0,43200.0,10800.0,43200.0,ac08da4b4153414ac9752da3b32c1b2e30f55279c6389abb5ccd89cd01df0425,f1e4e90f3f517362d1f0d86129448dbb51a9890353ed63ed0111bae36bf018af,RSIM canonical-derived monotone FDIR,30.0,True,,False,0.0,0.0,0.0,0.0,4320000.0,0.2420159385639026,2052.0,True,False,0.0,16416.0,0.0,29961.913234665106,29961.913234665106,970765988.8031496,970765988.8031496,0.0,0.0,40000.0,40000.0,341.4272057227394,327.7390354730782,0.0,0,0.0,0.825770302007264,0.825770302007264,62e66731d0a03b0e2f57c9c19c18b74d4d9348c8dc71b654bf2e09093515d5f7,-1.1044612620025873e-06,0.9,0.5693556591668615,0.5691872155485963,0.9,509369665.871472,1439151157.8947375,271682948.427375,237686717.44409698,66726509.88263126,0.0,-3.924769043806009e-05,3.945713433495257e-05,0.0017108341063221126,17.368856279597367,"{""essential_reserve_J"":""maximum_over_full_trace"",""protected_battery_SOC_equivalent"":""maximum_over_full_trace"",""reserve_active"":""any_over_full_trace"",""reserve_denied_compute_W"":""maximum_over_full_trace"",""reserve_limited_compute"":""any_over_full_trace"",""time_until_next_generation_s"":""maximum_over_full_trace""}","{""battery_never_creates_energy"":true,""compute_denial_attribution_closes"":true,""electrical_balance_closes"":true,""essential_reserve_architecture_feasible"":true,""executed_le_design"":true,""executed_le_requested"":true,""fdir_never_increases_power"":true,""finite_state"":true,""housekeeping_priority"":true,""no_hidden_clipping"":true,""reserve_never_increases_power"":true,""soc_within_bounds"":true,""warmup_power_deficit_flag"":false}",[]
run,rsim-001-pwr1.1,RSIM-001-PWR1,A0-R_RESERVE_AWARE_ESSENTIAL_LOAD_ADMISSION,ESSENTIAL_RESERVE_FEASIBLE,A0-M_MYOPIC_ADMISSION,non-authoritative reserve-aware admission challenge; unchanged A0 hardware; not attack or spacecraft validation,55fc2d816b210ab18ecf700d22c0a53aa46f86ce,2,phase_shaped_candidate,W5 — phase-shaped adversarial candidate,E1_REPRESENTATIVE_ANALYTIC_LEO,POWER_CONSTRAINED,1.0,43200.0,10800.0,43200.0,ac08da4b4153414ac9752da3b32c1b2e30f55279c6389abb5ccd89cd01df0425,b348f00169c885d3849e406bf8ee33c9e3461c493394179d38bcd5672eae6285,,,True,,False,0.0,0.0,0.0,0.0,4496842.105263158,0.24373588926534892,2136.0,True,True,14431.772140444533,16177.0,411.0,29961.913234665106,29961.913234665106,970765988.8031496,970765988.8031496,0.0,0.0,40000.0,40000.0,348.32640856177716,334.4538137376636,144.0,0,0.0,0.7670501435446435,0.7670501435446435,3cc6ed348311528ce1e7e89be16b740748f18d07fc7d2a7e4ad41238a70e5dc9,1.8972132238559425e-06,0.9,0.7026850031946155,0.2,0.9,786939952.4660981,1451993045.840408,403613755.1813851,383326197.28471303,57218276.28487983,0.0,-1.8204279513156507e-05,1.8398025531496387e-05,0.001855606801021793,16.740454785236977,"{""essential_reserve_J"":""maximum_over_full_trace"",""protected_battery_SOC_equivalent"":""maximum_over_full_trace"",""reserve_active"":""any_over_full_trace"",""reserve_denied_compute_W"":""maximum_over_full_trace"",""reserve_limited_compute"":""any_over_full_trace"",""time_until_next_generation_s"":""maximum_over_full_trace""}","{""battery_never_creates_energy"":true,""compute_denial_attribution_closes"":true,""electrical_balance_closes"":true,""essential_reserve_architecture_feasible"":true,""executed_le_design"":true,""executed_le_requested"":true,""fdir_never_increases_power"":true,""finite_state"":true,""housekeeping_priority"":true,""no_hidden_clipping"":true,""reserve_never_increases_power"":true,""soc_within_bounds"":true,""warmup_power_deficit_flag"":false}","[""E1 is a fixed-wall-clock representative environment challenge, not a periodic/steady-state result"",""E1 radiator incidence and Earth-view factors are ASSUMED_EXPLORATORY"",""E1 albedo is a bounded analytic approximation, not a flight environment model""]"
run,rsim-001-pwr1.1,RSIM-001-PWR1,A0-R_RESERVE_AWARE_ESSENTIAL_LOAD_ADMISSION,ESSENTIAL_RESERVE_FEASIBLE,A0-M_MYOPIC_ADMISSION,non-authoritative reserve-aware admission challenge; unchanged A0 hardware; not attack or spacecraft validation,55fc2d816b210ab18ecf700d22c0a53aa46f86ce,2,phase_shaped_candidate,W5 — phase-shaped adversarial candidate,E1_REPRESENTATIVE_ANALYTIC_LEO,CLOSED_LOOP,1.0,43200.0,10800.0,43200.0,ac08da4b4153414ac9752da3b32c1b2e30f55279c6389abb5ccd89cd01df0425,b348f00169c885d3849e406bf8ee33c9e3461c493394179d38bcd5672eae6285,RSIM canonical-derived monotone FDIR,30.0,True,,False,0.0,0.0,2370916.72316997,2370916.72316997,4496842.105263158,0.24373588926534892,2136.0,True,True,14431.772140444533,16177.0,411.0,29961.913234665106,29888.73679259196,970765988.8031496,968395072.0799795,2370916.72316997,0.002442315398887281,40000.0,40000.0,348.19728592401265,334.41982618385634,31.0,1,85.0,0.7670501435446435,0.7664798135974417,e9b1c29863f1f84cc7c8cba398bf01b670bc6e96fa4b543358899f07ec8aee05,1.2555042303574737e-06,0.9,0.7026850031946155,0.2,0.9,786939952.4660983,1451993045.840408,403613755.1813851,383326197.28471327,59589193.00804959,0.0,-1.8001738681050483e-05,1.8195484699390363e-05,0.001855606801021793,16.611332147472467,"{""essential_reserve_J"":""maximum_over_full_trace"",""protected_battery_SOC_equivalent"":""maximum_over_full_trace"",""reserve_active"":""any_over_full_trace"",""reserve_denied_compute_W"":""maximum_over_full_trace"",""reserve_limited_compute"":""any_over_full_trace"",""time_until_next_generation_s"":""maximum_over_full_trace""}","{""battery_never_creates_energy"":true,""compute_denial_attribution_closes"":true,""electrical_balance_closes"":true,""essential_reserve_architecture_feasible"":true,""executed_le_design"":true,""executed_le_requested"":true,""fdir_never_increases_power"":true,""finite_state"":true,""housekeeping_priority"":true,""no_hidden_clipping"":true,""reserve_never_increases_power"":true,""soc_within_bounds"":true,""warmup_power_deficit_flag"":false}","[""E1 is a fixed-wall-clock representative environment challenge, not a periodic/steady-state result"",""E1 radiator incidence and Earth-view factors are ASSUMED_EXPLORATORY"",""E1 albedo is a bounded analytic approximation, not a flight environment model""]"
run,rsim-001-pwr1.1,RSIM-001-PWR1,A0-R_RESERVE_AWARE_ESSENTIAL_LOAD_ADMISSION,ESSENTIAL_RESERVE_FEASIBLE,A0-M_MYOPIC_ADMISSION,non-authoritative reserve-aware admission challenge; unchanged A0 hardware; not attack or spacecraft validation,55fc2d816b210ab18ecf700d22c0a53aa46f86ce,3,constant_reference,W0 — constant reference,E0_CANONICAL,POWER_CONSTRAINED,1.0,43200.0,10800.0,43200.0,3b7462c88e773ce4e00bc8a38ac051614638fa57e798c17e06ef6a70c9d51782,f1e4e90f3f517362d1f0d86129448dbb51a9890353ed63ed0111bae36bf018af,,,True,,False,0.0,0.0,0.0,0.0,4320000.0,0.2420159385639026,2052.0,True,False,0.0,16416.0,0.0,29957.927344173884,29957.927344173884,970636845.9512335,970636845.9512335,0.0,0.0,29957.927344173873,29957.927344173873,324.05017019761067,313.4845129241173,0.0,0,0.0,0.62,0.62,236fa2c3208e920eb12cffe1392d90d8dd87c57bd3b0da823df8dd63a29ec5fe,-6.502626547444379e-06,0.9,0.22862884403878883,0.22862884403878883,0.9,1035436845.9512376,1439151157.8947375,552232984.5073246,483203861.443913,74554388.28321223,0.0,-1.5818346582818776e-05,1.8416169041302055e-05,0.001991384142402062,0.0,"{""essential_reserve_J"":""maximum_over_full_trace"",""protected_battery_SOC_equivalent"":""maximum_over_full_trace"",""reserve_active"":""any_over_full_trace"",""reserve_denied_compute_W"":""maximum_over_full_trace"",""reserve_limited_compute"":""any_over_full_trace"",""time_until_next_generation_s"":""maximum_over_full_trace""}","{""battery_never_creates_energy"":true,""compute_denial_attribution_closes"":true,""electrical_balance_closes"":true,""essential_reserve_architecture_feasible"":true,""executed_le_design"":true,""executed_le_requested"":true,""fdir_never_increases_power"":true,""finite_state"":true,""housekeeping_priority"":true,""no_hidden_clipping"":true,""reserve_never_increases_power"":true,""soc_within_bounds"":true,""warmup_power_deficit_flag"":false}",[]
run,rsim-001-pwr1.1,RSIM-001-PWR1,A0-R_RESERVE_AWARE_ESSENTIAL_LOAD_ADMISSION,ESSENTIAL_RESERVE_FEASIBLE,A0-M_MYOPIC_ADMISSION,non-authoritative reserve-aware admission challenge; unchanged A0 hardware; not attack or spacecraft validation,55fc2d816b210ab18ecf700d22c0a53aa46f86ce,3,constant_reference,W0 — constant reference,E0_CANONICAL,CLOSED_LOOP,1.0,43200.0,10800.0,43200.0,3b7462c88e773ce4e00bc8a38ac051614638fa57e798c17e06ef6a70c9d51782,f1e4e90f3f517362d1f0d86129448dbb51a9890353ed63ed0111bae36bf018af,RSIM canonical-derived monotone FDIR,30.0,True,,False,0.0,0.0,0.0,0.0,4320000.0,0.2420159385639026,2052.0,True,False,0.0,16416.0,0.0,29957.927344173884,29957.927344173884,970636845.9512335,970636845.9512335,0.0,0.0,29957.927344173873,29957.927344173873,324.05017019761067,313.4845129241173,0.0,0,0.0,0.62,0.62,236fa2c3208e920eb12cffe1392d90d8dd87c57bd3b0da823df8dd63a29ec5fe,-6.502626547444379e-06,0.9,0.22862884403878883,0.22862884403878883,0.9,1035436845.9512376,1439151157.8947375,552232984.5073246,483203861.443913,74554388.28321223,0.0,-1.5818346582818776e-05,1.8416169041302055e-05,0.001991384142402062,0.0,"{""essential_reserve_J"":""maximum_over_full_trace"",""protected_battery_SOC_equivalent"":""maximum_over_full_trace"",""reserve_active"":""any_over_full_trace"",""reserve_denied_compute_W"":""maximum_over_full_trace"",""reserve_limited_compute"":""any_over_full_trace"",""time_until_next_generation_s"":""maximum_over_full_trace""}","{""battery_never_creates_energy"":true,""compute_denial_attribution_closes"":true,""electrical_balance_closes"":true,""essential_reserve_architecture_feasible"":true,""executed_le_design"":true,""executed_le_requested"":true,""fdir_never_increases_power"":true,""finite_state"":true,""housekeeping_priority"":true,""no_hidden_clipping"":true,""reserve_never_increases_power"":true,""soc_within_bounds"":true,""warmup_power_deficit_flag"":false}",[]
run,rsim-001-pwr1.1,RSIM-001-PWR1,A0-R_RESERVE_AWARE_ESSENTIAL_LOAD_ADMISSION,ESSENTIAL_RESERVE_FEASIBLE,A0-M_MYOPIC_ADMISSION,non-authoritative reserve-aware admission challenge; unchanged A0 hardware; not attack or spacecraft validation,55fc2d816b210ab18ecf700d22c0a53aa46f86ce,3,constant_reference,W0 — constant reference,E1_REPRESENTATIVE_ANALYTIC_LEO,POWER_CONSTRAINED,1.0,43200.0,10800.0,43200.0,3b7462c88e773ce4e00bc8a38ac051614638fa57e798c17e06ef6a70c9d51782,b348f00169c885d3849e406bf8ee33c9e3461c493394179d38bcd5672eae6285,,,True,,False,0.0,0.0,0.0,0.0,4496842.105263158,0.24373588926534892,2136.0,True,False,0.0,16177.0,0.0,29957.927344173884,29957.927344173884,970636845.9512335,970636845.9512335,0.0,0.0,29957.927344173873,29957.927344173873,331.57819789529736,320.96518654065875,0.0,0,0.0,0.6325617283950616,0.6325617283950616,236fa2c3208e920eb12cffe1392d90d8dd87c57bd3b0da823df8dd63a29ec5fe,4.923422238789499e-07,0.9,0.49920581576391243,0.20114581426259925,0.9,1047177179.2597787,1451993045.840408,544193042.7860008,502984136.4737779,58936989.45692541,0.0,-1.65931269293651e-05,1.754722325131297e-05,0.0019961860886264092,0.0,"{""essential_reserve_J"":""maximum_over_full_trace"",""protected_battery_SOC_equivalent"":""maximum_over_full_trace"",""reserve_active"":""any_over_full_trace"",""reserve_denied_compute_W"":""maximum_over_full_trace"",""reserve_limited_compute"":""any_over_full_trace"",""time_until_next_generation_s"":""maximum_over_full_trace""}","{""battery_never_creates_energy"":true,""compute_denial_attribution_closes"":true,""electrical_balance_closes"":true,""essential_reserve_architecture_feasible"":true,""executed_le_design"":true,""executed_le_requested"":true,""fdir_never_increases_power"":true,""finite_state"":true,""housekeeping_priority"":true,""no_hidden_clipping"":true,""reserve_never_increases_power"":true,""soc_within_bounds"":true,""warmup_power_deficit_flag"":false}","[""E1 is a fixed-wall-clock representative environment challenge, not a periodic/steady-state result"",""E1 radiator incidence and Earth-view factors are ASSUMED_EXPLORATORY"",""E1 albedo is a bounded analytic approximation, not a flight environment model""]"
run,rsim-001-pwr1.1,RSIM-001-PWR1,A0-R_RESERVE_AWARE_ESSENTIAL_LOAD_ADMISSION,ESSENTIAL_RESERVE_FEASIBLE,A0-M_MYOPIC_ADMISSION,non-authoritative reserve-aware admission challenge; unchanged A0 hardware; not attack or spacecraft validation,55fc2d816b210ab18ecf700d22c0a53aa46f86ce,3,constant_reference,W0 — constant reference,E1_REPRESENTATIVE_ANALYTIC_LEO,CLOSED_LOOP,1.0,43200.0,10800.0,43200.0,3b7462c88e773ce4e00bc8a38ac051614638fa57e798c17e06ef6a70c9d51782,b348f00169c885d3849e406bf8ee33c9e3461c493394179d38bcd5672eae6285,RSIM canonical-derived monotone FDIR,30.0,True,,False,0.0,0.0,0.0,0.0,4496842.105263158,0.24373588926534892,2136.0,True,False,0.0,16177.0,0.0,29957.927344173884,29957.927344173884,970636845.9512335,970636845.9512335,0.0,0.0,29957.927344173873,29957.927344173873,331.57819789529736,320.96518654065875,0.0,0,0.0,0.6325617283950616,0.6325617283950616,236fa2c3208e920eb12cffe1392d90d8dd87c57bd3b0da823df8dd63a29ec5fe,4.923422238789499e-07,0.9,0.49920581576391243,0.20114581426259925,0.9,1047177179.2597787,1451993045.840408,544193042.7860008,502984136.4737779,58936989.45692541,0.0,-1.65931269293651e-05,1.754722325131297e-05,0.0019961860886264092,0.0,"{""essential_reserve_J"":""maximum_over_full_trace"",""protected_battery_SOC_equivalent"":""maximum_over_full_trace"",""reserve_active"":""any_over_full_trace"",""reserve_denied_compute_W"":""maximum_over_full_trace"",""reserve_limited_compute"":""any_over_full_trace"",""time_until_next_generation_s"":""maximum_over_full_trace""}","{""battery_never_creates_energy"":true,""compute_denial_attribution_closes"":true,""electrical_balance_closes"":true,""essential_reserve_architecture_feasible"":true,""executed_le_design"":true,""executed_le_requested"":true,""fdir_never_increases_power"":true,""finite_state"":true,""housekeeping_priority"":true,""no_hidden_clipping"":true,""reserve_never_increases_power"":true,""soc_within_bounds"":true,""warmup_power_deficit_flag"":false}","[""E1 is a fixed-wall-clock representative environment challenge, not a periodic/steady-state result"",""E1 radiator incidence and Earth-view factors are ASSUMED_EXPLORATORY"",""E1 albedo is a bounded analytic approximation, not a flight environment model""]"
run,rsim-001-pwr1.1,RSIM-001-PWR1,A0-R_RESERVE_AWARE_ESSENTIAL_LOAD_ADMISSION,ESSENTIAL_RESERVE_FEASIBLE,A0-M_MYOPIC_ADMISSION,non-authoritative reserve-aware admission challenge; unchanged A0 hardware; not attack or spacecraft validation,55fc2d816b210ab18ecf700d22c0a53aa46f86ce,3,diversified_stochastic,W1 — diversified stochastic,E0_CANONICAL,POWER_CONSTRAINED,1.0,43200.0,10800.0,43200.0,a198339af0d10119a6da5d3dc07e21fadba7af2d0ef7465c45fd0984c2e58a73,f1e4e90f3f517362d1f0d86129448dbb51a9890353ed63ed0111bae36bf018af,,,True,,False,0.0,0.0,0.0,0.0,4320000.0,0.2420159385639026,2052.0,True,False,0.0,16416.0,0.0,29957.92734417387,29957.92734417387,970636845.9512335,970636845.9512335,0.0,0.0,36578.739888566626,36578.739888566626,325.9122628654445,315.03180677329124,0.0,0,0.0,0.6213919310990089,0.6213919310990089,7a34be8f38281add725a9dff26b7b502594577b8724991ba6a1c21af3b5cd2f2,-2.4348082661163062e-08,0.9,0.22652704710645052,0.207481938279395,0.9,1036810429.8147266,1439151157.8947375,553027827.8483452,483782601.96638143,72939855.55138583,0.0,-1.609974424354732e-05,1.6202946426346898e-05,0.0019921789857430825,1.8620926678338492,"{""essential_reserve_J"":""maximum_over_full_trace"",""protected_battery_SOC_equivalent"":""maximum_over_full_trace"",""reserve_active"":""any_over_full_trace"",""reserve_denied_compute_W"":""maximum_over_full_trace"",""reserve_limited_compute"":""any_over_full_trace"",""time_until_next_generation_s"":""maximum_over_full_trace""}","{""battery_never_creates_energy"":true,""compute_denial_attribution_closes"":true,""electrical_balance_closes"":true,""essential_reserve_architecture_feasible"":true,""executed_le_design"":true,""executed_le_requested"":true,""fdir_never_increases_power"":true,""finite_state"":true,""housekeeping_priority"":true,""no_hidden_clipping"":true,""reserve_never_increases_power"":true,""soc_within_bounds"":true,""warmup_power_deficit_flag"":false}",[]
run,rsim-001-pwr1.1,RSIM-001-PWR1,A0-R_RESERVE_AWARE_ESSENTIAL_LOAD_ADMISSION,ESSENTIAL_RESERVE_FEASIBLE,A0-M_MYOPIC_ADMISSION,non-authoritative reserve-aware admission challenge; unchanged A0 hardware; not attack or spacecraft validation,55fc2d816b210ab18ecf700d22c0a53aa46f86ce,3,diversified_stochastic,W1 — diversified stochastic,E0_CANONICAL,CLOSED_LOOP,1.0,43200.0,10800.0,43200.0,a198339af0d10119a6da5d3dc07e21fadba7af2d0ef7465c45fd0984c2e58a73,f1e4e90f3f517362d1f0d86129448dbb51a9890353ed63ed0111bae36bf018af,RSIM canonical-derived monotone FDIR,30.0,True,,False,0.0,0.0,0.0,0.0,4320000.0,0.2420159385639026,2052.0,True,False,0.0,16416.0,0.0,29957.92734417387,29957.92734417387,970636845.9512335,970636845.9512335,0.0,0.0,36578.739888566626,36578.739888566626,325.9122628654445,315.03180677329124,0.0,0,0.0,0.6213919310990089,0.6213919310990089,7a34be8f38281add725a9dff26b7b502594577b8724991ba6a1c21af3b5cd2f2,-2.4348082661163062e-08,0.9,0.22652704710645052,0.207481938279395,0.9,1036810429.8147266,1439151157.8947375,553027827.8483452,483782601.96638143,72939855.55138583,0.0,-1.609974424354732e-05,1.6202946426346898e-05,0.0019921789857430825,1.8620926678338492,"{""essential_reserve_J"":""maximum_over_full_trace"",""protected_battery_SOC_equivalent"":""maximum_over_full_trace"",""reserve_active"":""any_over_full_trace"",""reserve_denied_compute_W"":""maximum_over_full_trace"",""reserve_limited_compute"":""any_over_full_trace"",""time_until_next_generation_s"":""maximum_over_full_trace""}","{""battery_never_creates_energy"":true,""compute_denial_attribution_closes"":true,""electrical_balance_closes"":true,""essential_reserve_architecture_feasible"":true,""executed_le_design"":true,""executed_le_requested"":true,""fdir_never_increases_power"":true,""finite_state"":true,""housekeeping_priority"":true,""no_hidden_clipping"":true,""reserve_never_increases_power"":true,""soc_within_bounds"":true,""warmup_power_deficit_flag"":false}",[]
run,rsim-001-pwr1.1,RSIM-001-PWR1,A0-R_RESERVE_AWARE_ESSENTIAL_LOAD_ADMISSION,ESSENTIAL_RESERVE_FEASIBLE,A0-M_MYOPIC_ADMISSION,non-authoritative reserve-aware admission challenge; unchanged A0 hardware; not attack or spacecraft validation,55fc2d816b210ab18ecf700d22c0a53aa46f86ce,3,diversified_stochastic,W1 — diversified stochastic,E1_REPRESENTATIVE_ANALYTIC_LEO,POWER_CONSTRAINED,1.0,43200.0,10800.0,43200.0,a198339af0d10119a6da5d3dc07e21fadba7af2d0ef7465c45fd0984c2e58a73,b348f00169c885d3849e406bf8ee33c9e3461c493394179d38bcd5672eae6285,,,True,,False,584487.5889866141,1922980.3614902948,0.0,2507467.950476909,4496842.105263158,0.24373588926534892,2136.0,True,True,35856.55532000035,16177.0,114.0,29957.92734417387,29880.53635804804,970636845.9512335,968129378.0007566,2507467.950476909,0.0025833224453987898,36578.739888566626,36578.739888566626,333.51534099768344,322.5514312356493,0.0,0,0.0,0.6331428858066313,0.6347827342920795,72bab548e1fba091c9958b82bcdbc3d235a0331efdcde9709b0302b0626292b8,3.7425797927426174e-07,0.9,0.5143541850018758,0.2,0.9,1041188293.9080515,1451993045.840408,540419836.6534016,500768457.2546499,59724857.22241269,0.0,-1.607268450243282e-05,1.6098383184726117e-05,0.0019924128824938096,1.9371431023860737,"{""essential_reserve_J"":""maximum_over_full_trace"",""protected_battery_SOC_equivalent"":""maximum_over_full_trace"",""reserve_active"":""any_over_full_trace"",""reserve_denied_compute_W"":""maximum_over_full_trace"",""reserve_limited_compute"":""any_over_full_trace"",""time_until_next_generation_s"":""maximum_over_full_trace""}","{""battery_never_creates_energy"":true,""compute_denial_attribution_closes"":true,""electrical_balance_closes"":true,""essential_reserve_architecture_feasible"":true,""executed_le_design"":true,""executed_le_requested"":true,""fdir_never_increases_power"":true,""finite_state"":true,""housekeeping_priority"":true,""no_hidden_clipping"":true,""reserve_never_increases_power"":true,""soc_within_bounds"":true,""warmup_power_deficit_flag"":false}","[""E1 is a fixed-wall-clock representative environment challenge, not a periodic/steady-state result"",""E1 radiator incidence and Earth-view factors are ASSUMED_EXPLORATORY"",""E1 albedo is a bounded analytic approximation, not a flight environment model""]"
run,rsim-001-pwr1.1,RSIM-001-PWR1,A0-R_RESERVE_AWARE_ESSENTIAL_LOAD_ADMISSION,ESSENTIAL_RESERVE_FEASIBLE,A0-M_MYOPIC_ADMISSION,non-authoritative reserve-aware admission challenge; unchanged A0 hardware; not attack or spacecraft validation,55fc2d816b210ab18ecf700d22c0a53aa46f86ce,3,diversified_stochastic,W1 — diversified stochastic,E1_REPRESENTATIVE_ANALYTIC_LEO,CLOSED_LOOP,1.0,43200.0,10800.0,43200.0,a198339af0d10119a6da5d3dc07e21fadba7af2d0ef7465c45fd0984c2e58a73,b348f00169c885d3849e406bf8ee33c9e3461c493394179d38bcd5672eae6285,RSIM canonical-derived monotone FDIR,30.0,True,,False,584487.5889866141,1922980.3614902948,0.0,2507467.950476909,4496842.105263158,0.24373588926534892,2136.0,True,True,35856.55532000035,16177.0,114.0,29957.92734417387,29880.53635804804,970636845.9512335,968129378.0007566,2507467.950476909,0.0025833224453987898,36578.739888566626,36578.739888566626,333.51534099768344,322.5514312356493,0.0,0,0.0,0.6331428858066313,0.6347827342920795,72bab548e1fba091c9958b82bcdbc3d235a0331efdcde9709b0302b0626292b8,3.7425797927426174e-07,0.9,0.5143541850018758,0.2,0.9,1041188293.9080515,1451993045.840408,540419836.6534016,500768457.2546499,59724857.22241269,0.0,-1.607268450243282e-05,1.6098383184726117e-05,0.0019924128824938096,1.9371431023860737,"{""essential_reserve_J"":""maximum_over_full_trace"",""protected_battery_SOC_equivalent"":""maximum_over_full_trace"",""reserve_active"":""any_over_full_trace"",""reserve_denied_compute_W"":""maximum_over_full_trace"",""reserve_limited_compute"":""any_over_full_trace"",""time_until_next_generation_s"":""maximum_over_full_trace""}","{""battery_never_creates_energy"":true,""compute_denial_attribution_closes"":true,""electrical_balance_closes"":true,""essential_reserve_architecture_feasible"":true,""executed_le_design"":true,""executed_le_requested"":true,""fdir_never_increases_power"":true,""finite_state"":true,""housekeeping_priority"":true,""no_hidden_clipping"":true,""reserve_never_increases_power"":true,""soc_within_bounds"":true,""warmup_power_deficit_flag"":false}","[""E1 is a fixed-wall-clock representative environment challenge, not a periodic/steady-state result"",""E1 radiator incidence and Earth-view factors are ASSUMED_EXPLORATORY"",""E1 albedo is a bounded analytic approximation, not a flight environment model""]"
run,rsim-001-pwr1.1,RSIM-001-PWR1,A0-R_RESERVE_AWARE_ESSENTIAL_LOAD_ADMISSION,ESSENTIAL_RESERVE_FEASIBLE,A0-M_MYOPIC_ADMISSION,non-authoritative reserve-aware admission challenge; unchanged A0 hardware; not attack or spacecraft validation,55fc2d816b210ab18ecf700d22c0a53aa46f86ce,3,bursty_benign,W2 — bursty benign,E0_CANONICAL,POWER_CONSTRAINED,1.0,43200.0,10800.0,43200.0,bba462e3fe73099d7c78bd136582955246cafd056fdedbf4b4183e1b2c641ba9,f1e4e90f3f517362d1f0d86129448dbb51a9890353ed63ed0111bae36bf018af,,,True,,False,506323.1806858,14988297.713546108,0.0,15494620.894231908,4320000.0,0.2420159385639026,2052.0,True,True,40000.0,16416.0,509.0,29957.927344173877,29479.698304228445,970636845.9512335,955142225.0570016,15494620.894231908,0.01596335535670607,40000.0,40000.0,330.3357291119834,318.0012454329464,0.0,0,0.0,0.6178920149204598,0.6279156556658935,a9dd1f93ec708a2804e6685a1c6502d97ccf9a08e415af03333c481e49b09311,1.6431608855782542e-06,0.9,0.2,0.2,0.9,1005583020.7211487,1439151157.8947375,538777853.9168518,466805166.804297,111207320.10871643,0.0,-2.1750224732386414e-05,2.3166528535512043e-05,0.0019779290118115893,6.285558914372757,"{""essential_reserve_J"":""maximum_over_full_trace"",""protected_battery_SOC_equivalent"":""maximum_over_full_trace"",""reserve_active"":""any_over_full_trace"",""reserve_denied_compute_W"":""maximum_over_full_trace"",""reserve_limited_compute"":""any_over_full_trace"",""time_until_next_generation_s"":""maximum_over_full_trace""}","{""battery_never_creates_energy"":true,""compute_denial_attribution_closes"":true,""electrical_balance_closes"":true,""essential_reserve_architecture_feasible"":true,""executed_le_design"":true,""executed_le_requested"":true,""fdir_never_increases_power"":true,""finite_state"":true,""housekeeping_priority"":true,""no_hidden_clipping"":true,""reserve_never_increases_power"":true,""soc_within_bounds"":true,""warmup_power_deficit_flag"":false}",[]
run,rsim-001-pwr1.1,RSIM-001-PWR1,A0-R_RESERVE_AWARE_ESSENTIAL_LOAD_ADMISSION,ESSENTIAL_RESERVE_FEASIBLE,A0-M_MYOPIC_ADMISSION,non-authoritative reserve-aware admission challenge; unchanged A0 hardware; not attack or spacecraft validation,55fc2d816b210ab18ecf700d22c0a53aa46f86ce,3,bursty_benign,W2 — bursty benign,E0_CANONICAL,CLOSED_LOOP,1.0,43200.0,10800.0,43200.0,bba462e3fe73099d7c78bd136582955246cafd056fdedbf4b4183e1b2c641ba9,f1e4e90f3f517362d1f0d86129448dbb51a9890353ed63ed0111bae36bf018af,RSIM canonical-derived monotone FDIR,30.0,True,,False,506323.1806858,14988297.713546108,0.0,15494620.894231908,4320000.0,0.2420159385639026,2052.0,True,True,40000.0,16416.0,509.0,29957.927344173877,29479.698304228445,970636845.9512335,955142225.0570016,15494620.894231908,0.01596335535670607,40000.0,40000.0,330.3357291119834,318.0012454329464,0.0,0,0.0,0.6178920149204598,0.6279156556658935,a9dd1f93ec708a2804e6685a1c6502d97ccf9a08e415af03333c481e49b09311,1.6431608855782542e-06,0.9,0.2,0.2,0.9,1005583020.7211487,1439151157.8947375,538777853.9168518,466805166.804297,111207320.10871643,0.0,-2.1750224732386414e-05,2.3166528535512043e-05,0.0019779290118115893,6.285558914372757,"{""essential_reserve_J"":""maximum_over_full_trace"",""protected_battery_SOC_equivalent"":""maximum_over_full_trace"",""reserve_active"":""any_over_full_trace"",""reserve_denied_compute_W"":""maximum_over_full_trace"",""reserve_limited_compute"":""any_over_full_trace"",""time_until_next_generation_s"":""maximum_over_full_trace""}","{""battery_never_creates_energy"":true,""compute_denial_attribution_closes"":true,""electrical_balance_closes"":true,""essential_reserve_architecture_feasible"":true,""executed_le_design"":true,""executed_le_requested"":true,""fdir_never_increases_power"":true,""finite_state"":true,""housekeeping_priority"":true,""no_hidden_clipping"":true,""reserve_never_increases_power"":true,""soc_within_bounds"":true,""warmup_power_deficit_flag"":false}",[]
run,rsim-001-pwr1.1,RSIM-001-PWR1,A0-R_RESERVE_AWARE_ESSENTIAL_LOAD_ADMISSION,ESSENTIAL_RESERVE_FEASIBLE,A0-M_MYOPIC_ADMISSION,non-authoritative reserve-aware admission challenge; unchanged A0 hardware; not attack or spacecraft validation,55fc2d816b210ab18ecf700d22c0a53aa46f86ce,3,bursty_benign,W2 — bursty benign,E1_REPRESENTATIVE_ANALYTIC_LEO,POWER_CONSTRAINED,1.0,43200.0,10800.0,43200.0,bba462e3fe73099d7c78bd136582955246cafd056fdedbf4b4183e1b2c641ba9,b348f00169c885d3849e406bf8ee33c9e3461c493394179d38bcd5672eae6285,,,True,,False,419999.9999999663,7526078.972023571,0.0,7946078.972023537,4496842.105263158,0.24373588926534892,2136.0,True,True,40000.0,16177.0,203.0,29957.927344173877,29712.677993185494,970636845.9512335,962690766.97921,7946078.972023537,0.008186459235674598,40000.0,40000.0,339.45876057681977,326.5931451377775,0.0,0,0.0,0.6384789802739137,0.6437490052635095,462b96de980e082c6c6718d7a39adbbe5d26da7511e2f0e18d3205bb15f83c80,-1.9114645510853734e-06,0.9,0.44261029906701627,0.2,0.9,987327038.8556311,1451993045.840408,517177495.0233539,470149543.83227724,92459928.31179766,0.0,-1.787022210919531e-05,1.9385565792617854e-05,0.001969170540863762,7.880562681522406,"{""essential_reserve_J"":""maximum_over_full_trace"",""protected_battery_SOC_equivalent"":""maximum_over_full_trace"",""reserve_active"":""any_over_full_trace"",""reserve_denied_compute_W"":""maximum_over_full_trace"",""reserve_limited_compute"":""any_over_full_trace"",""time_until_next_generation_s"":""maximum_over_full_trace""}","{""battery_never_creates_energy"":true,""compute_denial_attribution_closes"":true,""electrical_balance_closes"":true,""essential_reserve_architecture_feasible"":true,""executed_le_design"":true,""executed_le_requested"":true,""fdir_never_increases_power"":true,""finite_state"":true,""housekeeping_priority"":true,""no_hidden_clipping"":true,""reserve_never_increases_power"":true,""soc_within_bounds"":true,""warmup_power_deficit_flag"":false}","[""E1 is a fixed-wall-clock representative environment challenge, not a periodic/steady-state result"",""E1 radiator incidence and Earth-view factors are ASSUMED_EXPLORATORY"",""E1 albedo is a bounded analytic approximation, not a flight environment model""]"
run,rsim-001-pwr1.1,RSIM-001-PWR1,A0-R_RESERVE_AWARE_ESSENTIAL_LOAD_ADMISSION,ESSENTIAL_RESERVE_FEASIBLE,A0-M_MYOPIC_ADMISSION,non-authoritative reserve-aware admission challenge; unchanged A0 hardware; not attack or spacecraft validation,55fc2d816b210ab18ecf700d22c0a53aa46f86ce,3,bursty_benign,W2 — bursty benign,E1_REPRESENTATIVE_ANALYTIC_LEO,CLOSED_LOOP,1.0,43200.0,10800.0,43200.0,bba462e3fe73099d7c78bd136582955246cafd056fdedbf4b4183e1b2c641ba9,b348f00169c885d3849e406bf8ee33c9e3461c493394179d38bcd5672eae6285,RSIM canonical-derived monotone FDIR,30.0,True,,False,419999.9999999663,7526078.972023571,0.0,7946078.972023537,4496842.105263158,0.24373588926534892,2136.0,True,True,40000.0,16177.0,203.0,29957.927344173877,29712.677993185494,970636845.9512335,962690766.97921,7946078.972023537,0.008186459235674598,40000.0,40000.0,339.45876057681977,326.5931451377775,0.0,0,0.0,0.6384789802739137,0.6437490052635095,462b96de980e082c6c6718d7a39adbbe5d26da7511e2f0e18d3205bb15f83c80,-1.9114645510853734e-06,0.9,0.44261029906701627,0.2,0.9,987327038.8556311,1451993045.840408,517177495.0233539,470149543.83227724,92459928.31179766,0.0,-1.787022210919531e-05,1.9385565792617854e-05,0.001969170540863762,7.880562681522406,"{""essential_reserve_J"":""maximum_over_full_trace"",""protected_battery_SOC_equivalent"":""maximum_over_full_trace"",""reserve_active"":""any_over_full_trace"",""reserve_denied_compute_W"":""maximum_over_full_trace"",""reserve_limited_compute"":""any_over_full_trace"",""time_until_next_generation_s"":""maximum_over_full_trace""}","{""battery_never_creates_energy"":true,""compute_denial_attribution_closes"":true,""electrical_balance_closes"":true,""essential_reserve_architecture_feasible"":true,""executed_le_design"":true,""executed_le_requested"":true,""fdir_never_increases_power"":true,""finite_state"":true,""housekeeping_priority"":true,""no_hidden_clipping"":true,""reserve_never_increases_power"":true,""soc_within_bounds"":true,""warmup_power_deficit_flag"":false}","[""E1 is a fixed-wall-clock representative environment challenge, not a periodic/steady-state result"",""E1 radiator incidence and Earth-view factors are ASSUMED_EXPLORATORY"",""E1 albedo is a bounded analytic approximation, not a flight environment model""]"
run,rsim-001-pwr1.1,RSIM-001-PWR1,A0-R_RESERVE_AWARE_ESSENTIAL_LOAD_ADMISSION,ESSENTIAL_RESERVE_FEASIBLE,A0-M_MYOPIC_ADMISSION,non-authoritative reserve-aware admission challenge; unchanged A0 hardware; not attack or spacecraft validation,55fc2d816b210ab18ecf700d22c0a53aa46f86ce,3,queue_driven_benign,W3 — queue-driven benign,E0_CANONICAL,POWER_CONSTRAINED,1.0,43200.0,10800.0,43200.0,6774df9a5da6a0e7711e084bd232d098dde4673532d34dfe02bda8ae4c721802,f1e4e90f3f517362d1f0d86129448dbb51a9890353ed63ed0111bae36bf018af,,,True,,False,874941.9965332766,13582158.057536522,0.0,14457100.0540698,4320000.0,0.2420159385639026,2052.0,True,True,39118.58863997802,16416.0,372.0,29957.927344173877,29511.720552381594,970636845.9512335,956179745.8971637,14457100.0540698,0.014894448025926424,39118.58863997802,39118.58863997802,330.13800806646327,317.68348274395873,0.0,0,0.0,0.610442614733145,0.619672291471575,dacf6e906e7f7612c94f5bf582cd53fe6219ad5aa6000692d7b9eb34d476c0b1,-4.0236045606434345e-07,0.9,0.2,0.2,0.9,1006049356.2803268,1439151157.8947375,539011021.6964476,467038334.58387935,100135991.57243156,0.0,-3.8579169995500706e-05,3.94156227230269e-05,0.001978162179591185,6.087837868852603,"{""essential_reserve_J"":""maximum_over_full_trace"",""protected_battery_SOC_equivalent"":""maximum_over_full_trace"",""reserve_active"":""any_over_full_trace"",""reserve_denied_compute_W"":""maximum_over_full_trace"",""reserve_limited_compute"":""any_over_full_trace"",""time_until_next_generation_s"":""maximum_over_full_trace""}","{""battery_never_creates_energy"":true,""compute_denial_attribution_closes"":true,""electrical_balance_closes"":true,""essential_reserve_architecture_feasible"":true,""executed_le_design"":true,""executed_le_requested"":true,""fdir_never_increases_power"":true,""finite_state"":true,""housekeeping_priority"":true,""no_hidden_clipping"":true,""reserve_never_increases_power"":true,""soc_within_bounds"":true,""warmup_power_deficit_flag"":false}",[]
run,rsim-001-pwr1.1,RSIM-001-PWR1,A0-R_RESERVE_AWARE_ESSENTIAL_LOAD_ADMISSION,ESSENTIAL_RESERVE_FEASIBLE,A0-M_MYOPIC_ADMISSION,non-authoritative reserve-aware admission challenge; unchanged A0 hardware; not attack or spacecraft validation,55fc2d816b210ab18ecf700d22c0a53aa46f86ce,3,queue_driven_benign,W3 — queue-driven benign,E0_CANONICAL,CLOSED_LOOP,1.0,43200.0,10800.0,43200.0,6774df9a5da6a0e7711e084bd232d098dde4673532d34dfe02bda8ae4c721802,f1e4e90f3f517362d1f0d86129448dbb51a9890353ed63ed0111bae36bf018af,RSIM canonical-derived monotone FDIR,30.0,True,,False,874941.9965332766,13582158.057536522,0.0,14457100.0540698,4320000.0,0.2420159385639026,2052.0,True,True,39118.58863997802,16416.0,372.0,29957.927344173877,29511.720552381594,970636845.9512335,956179745.8971637,14457100.0540698,0.014894448025926424,39118.58863997802,39118.58863997802,330.13800806646327,317.68348274395873,0.0,0,0.0,0.610442614733145,0.619672291471575,dacf6e906e7f7612c94f5bf582cd53fe6219ad5aa6000692d7b9eb34d476c0b1,-4.0236045606434345e-07,0.9,0.2,0.2,0.9,1006049356.2803268,1439151157.8947375,539011021.6964476,467038334.58387935,100135991.57243156,0.0,-3.8579169995500706e-05,3.94156227230269e-05,0.001978162179591185,6.087837868852603,"{""essential_reserve_J"":""maximum_over_full_trace"",""protected_battery_SOC_equivalent"":""maximum_over_full_trace"",""reserve_active"":""any_over_full_trace"",""reserve_denied_compute_W"":""maximum_over_full_trace"",""reserve_limited_compute"":""any_over_full_trace"",""time_until_next_generation_s"":""maximum_over_full_trace""}","{""battery_never_creates_energy"":true,""compute_denial_attribution_closes"":true,""electrical_balance_closes"":true,""essential_reserve_architecture_feasible"":true,""executed_le_design"":true,""executed_le_requested"":true,""fdir_never_increases_power"":true,""finite_state"":true,""housekeeping_priority"":true,""no_hidden_clipping"":true,""reserve_never_increases_power"":true,""soc_within_bounds"":true,""warmup_power_deficit_flag"":false}",[]
run,rsim-001-pwr1.1,RSIM-001-PWR1,A0-R_RESERVE_AWARE_ESSENTIAL_LOAD_ADMISSION,ESSENTIAL_RESERVE_FEASIBLE,A0-M_MYOPIC_ADMISSION,non-authoritative reserve-aware admission challenge; unchanged A0 hardware; not attack or spacecraft validation,55fc2d816b210ab18ecf700d22c0a53aa46f86ce,3,queue_driven_benign,W3 — queue-driven benign,E1_REPRESENTATIVE_ANALYTIC_LEO,POWER_CONSTRAINED,1.0,43200.0,10800.0,43200.0,6774df9a5da6a0e7711e084bd232d098dde4673532d34dfe02bda8ae4c721802,b348f00169c885d3849e406bf8ee33c9e3461c493394179d38bcd5672eae6285,,,True,,False,682172.9744672354,7077604.325067239,0.0,7759777.2995344745,4496842.105263158,0.24373588926534892,2136.0,True,True,39118.58863997802,16177.0,209.0,29957.927344173877,29718.428044805525,970636845.9512335,962877068.6516991,7759777.2995344745,0.007994521670903414,39118.58863997802,39118.58863997802,337.4207322559902,324.4951031076567,0.0,0,0.0,0.6309086506032401,0.6359931113141866,ddafc7568c4a9ab00b727b331630bfa66e911e75ad0bbb9edbbb0d5df00b5313,1.622234321985161e-06,0.9,0.4463009566164244,0.2,0.9,1023293097.6199088,1451993045.840408,534970791.16189903,488322306.45800984,80038156.8356083,0.0,-3.5385057344683446e-05,3.677182985484251e-05,0.0019869638370023073,5.8425343606928095,"{""essential_reserve_J"":""maximum_over_full_trace"",""protected_battery_SOC_equivalent"":""maximum_over_full_trace"",""reserve_active"":""any_over_full_trace"",""reserve_denied_compute_W"":""maximum_over_full_trace"",""reserve_limited_compute"":""any_over_full_trace"",""time_until_next_generation_s"":""maximum_over_full_trace""}","{""battery_never_creates_energy"":true,""compute_denial_attribution_closes"":true,""electrical_balance_closes"":true,""essential_reserve_architecture_feasible"":true,""executed_le_design"":true,""executed_le_requested"":true,""fdir_never_increases_power"":true,""finite_state"":true,""housekeeping_priority"":true,""no_hidden_clipping"":true,""reserve_never_increases_power"":true,""soc_within_bounds"":true,""warmup_power_deficit_flag"":false}","[""E1 is a fixed-wall-clock representative environment challenge, not a periodic/steady-state result"",""E1 radiator incidence and Earth-view factors are ASSUMED_EXPLORATORY"",""E1 albedo is a bounded analytic approximation, not a flight environment model""]"
run,rsim-001-pwr1.1,RSIM-001-PWR1,A0-R_RESERVE_AWARE_ESSENTIAL_LOAD_ADMISSION,ESSENTIAL_RESERVE_FEASIBLE,A0-M_MYOPIC_ADMISSION,non-authoritative reserve-aware admission challenge; unchanged A0 hardware; not attack or spacecraft validation,55fc2d816b210ab18ecf700d22c0a53aa46f86ce,3,queue_driven_benign,W3 — queue-driven benign,E1_REPRESENTATIVE_ANALYTIC_LEO,CLOSED_LOOP,1.0,43200.0,10800.0,43200.0,6774df9a5da6a0e7711e084bd232d098dde4673532d34dfe02bda8ae4c721802,b348f00169c885d3849e406bf8ee33c9e3461c493394179d38bcd5672eae6285,RSIM canonical-derived monotone FDIR,30.0,True,,False,682172.9744672354,7077604.325067239,0.0,7759777.2995344745,4496842.105263158,0.24373588926534892,2136.0,True,True,39118.58863997802,16177.0,209.0,29957.927344173877,29718.428044805525,970636845.9512335,962877068.6516991,7759777.2995344745,0.007994521670903414,39118.58863997802,39118.58863997802,337.4207322559902,324.4951031076567,0.0,0,0.0,0.6309086506032401,0.6359931113141866,ddafc7568c4a9ab00b727b331630bfa66e911e75ad0bbb9edbbb0d5df00b5313,1.622234321985161e-06,0.9,0.4463009566164244,0.2,0.9,1023293097.6199088,1451993045.840408,534970791.16189903,488322306.45800984,80038156.8356083,0.0,-3.5385057344683446e-05,3.677182985484251e-05,0.0019869638370023073,5.8425343606928095,"{""essential_reserve_J"":""maximum_over_full_trace"",""protected_battery_SOC_equivalent"":""maximum_over_full_trace"",""reserve_active"":""any_over_full_trace"",""reserve_denied_compute_W"":""maximum_over_full_trace"",""reserve_limited_compute"":""any_over_full_trace"",""time_until_next_generation_s"":""maximum_over_full_trace""}","{""battery_never_creates_energy"":true,""compute_denial_attribution_closes"":true,""electrical_balance_closes"":true,""essential_reserve_architecture_feasible"":true,""executed_le_design"":true,""executed_le_requested"":true,""fdir_never_increases_power"":true,""finite_state"":true,""housekeeping_priority"":true,""no_hidden_clipping"":true,""reserve_never_increases_power"":true,""soc_within_bounds"":true,""warmup_power_deficit_flag"":false}","[""E1 is a fixed-wall-clock representative environment challenge, not a periodic/steady-state result"",""E1 radiator incidence and Earth-view factors are ASSUMED_EXPLORATORY"",""E1 albedo is a bounded analytic approximation, not a flight environment model""]"
run,rsim-001-pwr1.1,RSIM-001-PWR1,A0-R_RESERVE_AWARE_ESSENTIAL_LOAD_ADMISSION,ESSENTIAL_RESERVE_FEASIBLE,A0-M_MYOPIC_ADMISSION,non-authoritative reserve-aware admission challenge; unchanged A0 hardware; not attack or spacecraft validation,55fc2d816b210ab18ecf700d22c0a53aa46f86ce,3,power_aware_benign,W4 — power-aware benign,E0_CANONICAL,POWER_CONSTRAINED,1.0,43200.0,10800.0,43200.0,e8cdfd98b8b260397f97d535970b44e1ad923716efc48e740d9ee0e19e8404fd,f1e4e90f3f517362d1f0d86129448dbb51a9890353ed63ed0111bae36bf018af,,,True,,False,0.0,0.0,0.0,0.0,4320000.0,0.2420159385639026,2052.0,True,False,0.0,16416.0,0.0,29957.927344173877,29957.927344173877,970636845.9512335,970636845.9512335,0.0,0.0,39055.07911678523,39055.07911678523,334.489764234852,322.12060285287293,0.0,0,0.0,0.6863612934645993,0.6863612934645993,bdd970845df16b8488daf5bf583a6eb86093c91e31a34f5690ddbc04c65fbaec,5.308270374371205e-07,0.9,0.3386419942422746,0.3383690277238275,0.9,836588275.9689189,1439151157.8947375,447153026.6319786,389435249.3369403,110114205.36659898,0.0,-4.035911479149945e-05,4.035911479149945e-05,0.001886304184526716,10.439594037241307,"{""essential_reserve_J"":""maximum_over_full_trace"",""protected_battery_SOC_equivalent"":""maximum_over_full_trace"",""reserve_active"":""any_over_full_trace"",""reserve_denied_compute_W"":""maximum_over_full_trace"",""reserve_limited_compute"":""any_over_full_trace"",""time_until_next_generation_s"":""maximum_over_full_trace""}","{""battery_never_creates_energy"":true,""compute_denial_attribution_closes"":true,""electrical_balance_closes"":true,""essential_reserve_architecture_feasible"":true,""executed_le_design"":true,""executed_le_requested"":true,""fdir_never_increases_power"":true,""finite_state"":true,""housekeeping_priority"":true,""no_hidden_clipping"":true,""reserve_never_increases_power"":true,""soc_within_bounds"":true,""warmup_power_deficit_flag"":false}",[]
run,rsim-001-pwr1.1,RSIM-001-PWR1,A0-R_RESERVE_AWARE_ESSENTIAL_LOAD_ADMISSION,ESSENTIAL_RESERVE_FEASIBLE,A0-M_MYOPIC_ADMISSION,non-authoritative reserve-aware admission challenge; unchanged A0 hardware; not attack or spacecraft validation,55fc2d816b210ab18ecf700d22c0a53aa46f86ce,3,power_aware_benign,W4 — power-aware benign,E0_CANONICAL,CLOSED_LOOP,1.0,43200.0,10800.0,43200.0,e8cdfd98b8b260397f97d535970b44e1ad923716efc48e740d9ee0e19e8404fd,f1e4e90f3f517362d1f0d86129448dbb51a9890353ed63ed0111bae36bf018af,RSIM canonical-derived monotone FDIR,30.0,True,,False,0.0,0.0,0.0,0.0,4320000.0,0.2420159385639026,2052.0,True,False,0.0,16416.0,0.0,29957.927344173877,29957.927344173877,970636845.9512335,970636845.9512335,0.0,0.0,39055.07911678523,39055.07911678523,334.489764234852,322.12060285287293,0.0,0,0.0,0.6863612934645993,0.6863612934645993,bdd970845df16b8488daf5bf583a6eb86093c91e31a34f5690ddbc04c65fbaec,5.308270374371205e-07,0.9,0.3386419942422746,0.3383690277238275,0.9,836588275.9689189,1439151157.8947375,447153026.6319786,389435249.3369403,110114205.36659898,0.0,-4.035911479149945e-05,4.035911479149945e-05,0.001886304184526716,10.439594037241307,"{""essential_reserve_J"":""maximum_over_full_trace"",""protected_battery_SOC_equivalent"":""maximum_over_full_trace"",""reserve_active"":""any_over_full_trace"",""reserve_denied_compute_W"":""maximum_over_full_trace"",""reserve_limited_compute"":""any_over_full_trace"",""time_until_next_generation_s"":""maximum_over_full_trace""}","{""battery_never_creates_energy"":true,""compute_denial_attribution_closes"":true,""electrical_balance_closes"":true,""essential_reserve_architecture_feasible"":true,""executed_le_design"":true,""executed_le_requested"":true,""fdir_never_increases_power"":true,""finite_state"":true,""housekeeping_priority"":true,""no_hidden_clipping"":true,""reserve_never_increases_power"":true,""soc_within_bounds"":true,""warmup_power_deficit_flag"":false}",[]
run,rsim-001-pwr1.1,RSIM-001-PWR1,A0-R_RESERVE_AWARE_ESSENTIAL_LOAD_ADMISSION,ESSENTIAL_RESERVE_FEASIBLE,A0-M_MYOPIC_ADMISSION,non-authoritative reserve-aware admission challenge; unchanged A0 hardware; not attack or spacecraft validation,55fc2d816b210ab18ecf700d22c0a53aa46f86ce,3,power_aware_benign,W4 — power-aware benign,E1_REPRESENTATIVE_ANALYTIC_LEO,POWER_CONSTRAINED,1.0,43200.0,10800.0,43200.0,e8cdfd98b8b260397f97d535970b44e1ad923716efc48e740d9ee0e19e8404fd,b348f00169c885d3849e406bf8ee33c9e3461c493394179d38bcd5672eae6285,,,True,,False,114613.7072184644,2185421.2713328335,0.0,2300034.978551298,4496842.105263158,0.24373588926534892,2136.0,True,True,26089.67942800927,16177.0,264.0,29957.927344173877,29886.93861026797,970636845.9512335,968336810.9726822,2300034.978551298,0.0023696143291338186,39055.07911678523,39055.07911678523,341.72990460087595,329.16423700004793,0.0,0,0.0,0.6804930669418884,0.6821094031576477,cdfb40a5009a0f7569a2c0b810e318f7300764805b0cd8bf9f60b023407165a6,7.640742296644021e-07,0.9,0.6056540604674563,0.2,0.9,955805949.5027705,1451993045.840408,493035023.4719752,462770926.0307953,95388250.66200359,0.0,-3.204726681360626e-05,3.2049220408225665e-05,0.0019450280693123832,10.15170670557859,"{""essential_reserve_J"":""maximum_over_full_trace"",""protected_battery_SOC_equivalent"":""maximum_over_full_trace"",""reserve_active"":""any_over_full_trace"",""reserve_denied_compute_W"":""maximum_over_full_trace"",""reserve_limited_compute"":""any_over_full_trace"",""time_until_next_generation_s"":""maximum_over_full_trace""}","{""battery_never_creates_energy"":true,""compute_denial_attribution_closes"":true,""electrical_balance_closes"":true,""essential_reserve_architecture_feasible"":true,""executed_le_design"":true,""executed_le_requested"":true,""fdir_never_increases_power"":true,""finite_state"":true,""housekeeping_priority"":true,""no_hidden_clipping"":true,""reserve_never_increases_power"":true,""soc_within_bounds"":true,""warmup_power_deficit_flag"":false}","[""E1 is a fixed-wall-clock representative environment challenge, not a periodic/steady-state result"",""E1 radiator incidence and Earth-view factors are ASSUMED_EXPLORATORY"",""E1 albedo is a bounded analytic approximation, not a flight environment model""]"
run,rsim-001-pwr1.1,RSIM-001-PWR1,A0-R_RESERVE_AWARE_ESSENTIAL_LOAD_ADMISSION,ESSENTIAL_RESERVE_FEASIBLE,A0-M_MYOPIC_ADMISSION,non-authoritative reserve-aware admission challenge; unchanged A0 hardware; not attack or spacecraft validation,55fc2d816b210ab18ecf700d22c0a53aa46f86ce,3,power_aware_benign,W4 — power-aware benign,E1_REPRESENTATIVE_ANALYTIC_LEO,CLOSED_LOOP,1.0,43200.0,10800.0,43200.0,e8cdfd98b8b260397f97d535970b44e1ad923716efc48e740d9ee0e19e8404fd,b348f00169c885d3849e406bf8ee33c9e3461c493394179d38bcd5672eae6285,RSIM canonical-derived monotone FDIR,30.0,True,,False,114613.7072184644,2185421.2713328335,0.0,2300034.978551298,4496842.105263158,0.24373588926534892,2136.0,True,True,26089.67942800927,16177.0,264.0,29957.927344173877,29886.93861026797,970636845.9512335,968336810.9726822,2300034.978551298,0.0023696143291338186,39055.07911678523,39055.07911678523,341.72990460087595,329.16423700004793,0.0,0,0.0,0.6804930669418884,0.6821094031576477,cdfb40a5009a0f7569a2c0b810e318f7300764805b0cd8bf9f60b023407165a6,7.640742296644021e-07,0.9,0.6056540604674563,0.2,0.9,955805949.5027705,1451993045.840408,493035023.4719752,462770926.0307953,95388250.66200359,0.0,-3.204726681360626e-05,3.2049220408225665e-05,0.0019450280693123832,10.15170670557859,"{""essential_reserve_J"":""maximum_over_full_trace"",""protected_battery_SOC_equivalent"":""maximum_over_full_trace"",""reserve_active"":""any_over_full_trace"",""reserve_denied_compute_W"":""maximum_over_full_trace"",""reserve_limited_compute"":""any_over_full_trace"",""time_until_next_generation_s"":""maximum_over_full_trace""}","{""battery_never_creates_energy"":true,""compute_denial_attribution_closes"":true,""electrical_balance_closes"":true,""essential_reserve_architecture_feasible"":true,""executed_le_design"":true,""executed_le_requested"":true,""fdir_never_increases_power"":true,""finite_state"":true,""housekeeping_priority"":true,""no_hidden_clipping"":true,""reserve_never_increases_power"":true,""soc_within_bounds"":true,""warmup_power_deficit_flag"":false}","[""E1 is a fixed-wall-clock representative environment challenge, not a periodic/steady-state result"",""E1 radiator incidence and Earth-view factors are ASSUMED_EXPLORATORY"",""E1 albedo is a bounded analytic approximation, not a flight environment model""]"
run,rsim-001-pwr1.1,RSIM-001-PWR1,A0-R_RESERVE_AWARE_ESSENTIAL_LOAD_ADMISSION,ESSENTIAL_RESERVE_FEASIBLE,A0-M_MYOPIC_ADMISSION,non-authoritative reserve-aware admission challenge; unchanged A0 hardware; not attack or spacecraft validation,55fc2d816b210ab18ecf700d22c0a53aa46f86ce,3,phase_shaped_candidate,W5 — phase-shaped adversarial candidate,E0_CANONICAL,POWER_CONSTRAINED,1.0,43200.0,10800.0,43200.0,415f5fff464087e8ea9bd1a274ab42a6ac966da4f080ef3bbbfb1aed335984ee,f1e4e90f3f517362d1f0d86129448dbb51a9890353ed63ed0111bae36bf018af,,,True,,False,0.0,0.0,0.0,0.0,4320000.0,0.2420159385639026,2052.0,True,False,0.0,16416.0,0.0,29957.92734417387,29957.92734417387,970636845.9512335,970636845.9512335,0.0,0.0,40000.0,40000.0,341.42373364091657,327.7350008421396,0.0,0,0.0,0.825829228227804,0.825829228227804,a7612895c407f83a07037f7e0c37749c717d9aad06087240125c3de6951ce90f,3.267246029281523e-07,0.9,0.569592724414762,0.5694385776398846,0.9,509374558.05737025,1439151157.8947375,271673207.21824473,237701350.83912557,66764769.97224262,0.0,-4.091960909136105e-05,4.111037742404733e-05,0.0017108243651129823,17.373563443305898,"{""essential_reserve_J"":""maximum_over_full_trace"",""protected_battery_SOC_equivalent"":""maximum_over_full_trace"",""reserve_active"":""any_over_full_trace"",""reserve_denied_compute_W"":""maximum_over_full_trace"",""reserve_limited_compute"":""any_over_full_trace"",""time_until_next_generation_s"":""maximum_over_full_trace""}","{""battery_never_creates_energy"":true,""compute_denial_attribution_closes"":true,""electrical_balance_closes"":true,""essential_reserve_architecture_feasible"":true,""executed_le_design"":true,""executed_le_requested"":true,""fdir_never_increases_power"":true,""finite_state"":true,""housekeeping_priority"":true,""no_hidden_clipping"":true,""reserve_never_increases_power"":true,""soc_within_bounds"":true,""warmup_power_deficit_flag"":false}",[]
run,rsim-001-pwr1.1,RSIM-001-PWR1,A0-R_RESERVE_AWARE_ESSENTIAL_LOAD_ADMISSION,ESSENTIAL_RESERVE_FEASIBLE,A0-M_MYOPIC_ADMISSION,non-authoritative reserve-aware admission challenge; unchanged A0 hardware; not attack or spacecraft validation,55fc2d816b210ab18ecf700d22c0a53aa46f86ce,3,phase_shaped_candidate,W5 — phase-shaped adversarial candidate,E0_CANONICAL,CLOSED_LOOP,1.0,43200.0,10800.0,43200.0,415f5fff464087e8ea9bd1a274ab42a6ac966da4f080ef3bbbfb1aed335984ee,f1e4e90f3f517362d1f0d86129448dbb51a9890353ed63ed0111bae36bf018af,RSIM canonical-derived monotone FDIR,30.0,True,,False,0.0,0.0,0.0,0.0,4320000.0,0.2420159385639026,2052.0,True,False,0.0,16416.0,0.0,29957.92734417387,29957.92734417387,970636845.9512335,970636845.9512335,0.0,0.0,40000.0,40000.0,341.42373364091657,327.7350008421396,0.0,0,0.0,0.825829228227804,0.825829228227804,a7612895c407f83a07037f7e0c37749c717d9aad06087240125c3de6951ce90f,3.267246029281523e-07,0.9,0.569592724414762,0.5694385776398846,0.9,509374558.05737025,1439151157.8947375,271673207.21824473,237701350.83912557,66764769.97224262,0.0,-4.091960909136105e-05,4.111037742404733e-05,0.0017108243651129823,17.373563443305898,"{""essential_reserve_J"":""maximum_over_full_trace"",""protected_battery_SOC_equivalent"":""maximum_over_full_trace"",""reserve_active"":""any_over_full_trace"",""reserve_denied_compute_W"":""maximum_over_full_trace"",""reserve_limited_compute"":""any_over_full_trace"",""time_until_next_generation_s"":""maximum_over_full_trace""}","{""battery_never_creates_energy"":true,""compute_denial_attribution_closes"":true,""electrical_balance_closes"":true,""essential_reserve_architecture_feasible"":true,""executed_le_design"":true,""executed_le_requested"":true,""fdir_never_increases_power"":true,""finite_state"":true,""housekeeping_priority"":true,""no_hidden_clipping"":true,""reserve_never_increases_power"":true,""soc_within_bounds"":true,""warmup_power_deficit_flag"":false}",[]
run,rsim-001-pwr1.1,RSIM-001-PWR1,A0-R_RESERVE_AWARE_ESSENTIAL_LOAD_ADMISSION,ESSENTIAL_RESERVE_FEASIBLE,A0-M_MYOPIC_ADMISSION,non-authoritative reserve-aware admission challenge; unchanged A0 hardware; not attack or spacecraft validation,55fc2d816b210ab18ecf700d22c0a53aa46f86ce,3,phase_shaped_candidate,W5 — phase-shaped adversarial candidate,E1_REPRESENTATIVE_ANALYTIC_LEO,POWER_CONSTRAINED,1.0,43200.0,10800.0,43200.0,415f5fff464087e8ea9bd1a274ab42a6ac966da4f080ef3bbbfb1aed335984ee,b348f00169c885d3849e406bf8ee33c9e3461c493394179d38bcd5672eae6285,,,True,,False,0.0,0.0,0.0,0.0,4496842.105263158,0.24373588926534892,2136.0,True,True,14520.7293483023,16177.0,410.0,29957.92734417387,29957.92734417387,970636845.9512335,970636845.9512335,0.0,0.0,40000.0,40000.0,348.3295505623343,334.4576461929069,148.0,0,0.0,0.767056338699925,0.767056338699925,1643bf37b301024c97d5822aaaf195b0c9b95413a4e058126a4ff17b7a4bfc53,1.0838075468200259e-06,0.9,0.702624045547704,0.2,0.9,786891734.0805748,1451993045.840408,403592779.76408654,383298954.31648815,57299208.38842553,0.0,-1.845310089265695e-05,1.8721347259997856e-05,0.0018555858256044946,16.75135266703694,"{""essential_reserve_J"":""maximum_over_full_trace"",""protected_battery_SOC_equivalent"":""maximum_over_full_trace"",""reserve_active"":""any_over_full_trace"",""reserve_denied_compute_W"":""maximum_over_full_trace"",""reserve_limited_compute"":""any_over_full_trace"",""time_until_next_generation_s"":""maximum_over_full_trace""}","{""battery_never_creates_energy"":true,""compute_denial_attribution_closes"":true,""electrical_balance_closes"":true,""essential_reserve_architecture_feasible"":true,""executed_le_design"":true,""executed_le_requested"":true,""fdir_never_increases_power"":true,""finite_state"":true,""housekeeping_priority"":true,""no_hidden_clipping"":true,""reserve_never_increases_power"":true,""soc_within_bounds"":true,""warmup_power_deficit_flag"":false}","[""E1 is a fixed-wall-clock representative environment challenge, not a periodic/steady-state result"",""E1 radiator incidence and Earth-view factors are ASSUMED_EXPLORATORY"",""E1 albedo is a bounded analytic approximation, not a flight environment model""]"
run,rsim-001-pwr1.1,RSIM-001-PWR1,A0-R_RESERVE_AWARE_ESSENTIAL_LOAD_ADMISSION,ESSENTIAL_RESERVE_FEASIBLE,A0-M_MYOPIC_ADMISSION,non-authoritative reserve-aware admission challenge; unchanged A0 hardware; not attack or spacecraft validation,55fc2d816b210ab18ecf700d22c0a53aa46f86ce,3,phase_shaped_candidate,W5 — phase-shaped adversarial candidate,E1_REPRESENTATIVE_ANALYTIC_LEO,CLOSED_LOOP,1.0,43200.0,10800.0,43200.0,415f5fff464087e8ea9bd1a274ab42a6ac966da4f080ef3bbbfb1aed335984ee,b348f00169c885d3849e406bf8ee33c9e3461c493394179d38bcd5672eae6285,RSIM canonical-derived monotone FDIR,30.0,True,,False,0.0,0.0,2370460.131328502,2370460.131328502,4496842.105263158,0.24373588926534892,2136.0,True,True,14520.7293483023,16177.0,410.0,29957.92734417387,29884.764994441513,970636845.9512335,968266385.8199049,2370460.131328502,0.0024421699435955664,40000.0,40000.0,348.2008194958821,334.42109425158606,31.0,1,85.0,0.767056338699925,0.7664860579692871,35429a706620cf3631f67e48b24c278dfa686ac7d1d18d8c57d3e4717b0ce7fa,8.502502168994397e-07,0.9,0.702624045547704,0.2,0.9,786891734.080575,1451993045.840408,403592779.76408654,383298954.3164884,59669668.51975377,0.0,-1.819727822294226e-05,1.8465524590283167e-05,0.0018555858256044946,16.62262160058475,"{""essential_reserve_J"":""maximum_over_full_trace"",""protected_battery_SOC_equivalent"":""maximum_over_full_trace"",""reserve_active"":""any_over_full_trace"",""reserve_denied_compute_W"":""maximum_over_full_trace"",""reserve_limited_compute"":""any_over_full_trace"",""time_until_next_generation_s"":""maximum_over_full_trace""}","{""battery_never_creates_energy"":true,""compute_denial_attribution_closes"":true,""electrical_balance_closes"":true,""essential_reserve_architecture_feasible"":true,""executed_le_design"":true,""executed_le_requested"":true,""fdir_never_increases_power"":true,""finite_state"":true,""housekeeping_priority"":true,""no_hidden_clipping"":true,""reserve_never_increases_power"":true,""soc_within_bounds"":true,""warmup_power_deficit_flag"":false}","[""E1 is a fixed-wall-clock representative environment challenge, not a periodic/steady-state result"",""E1 radiator incidence and Earth-view factors are ASSUMED_EXPLORATORY"",""E1 albedo is a bounded analytic approximation, not a flight environment model""]"
run,rsim-001-pwr1.1,RSIM-001-PWR1,A0-R_RESERVE_AWARE_ESSENTIAL_LOAD_ADMISSION,ESSENTIAL_RESERVE_FEASIBLE,A0-M_MYOPIC_ADMISSION,non-authoritative reserve-aware admission challenge; unchanged A0 hardware; not attack or spacecraft validation,55fc2d816b210ab18ecf700d22c0a53aa46f86ce,4,constant_reference,W0 — constant reference,E0_CANONICAL,POWER_CONSTRAINED,1.0,43200.0,10800.0,43200.0,3983d203bdd99e9874e866b7f8e5ab79b123d1db4e66f0e4cd6b46d5d68757ad,f1e4e90f3f517362d1f0d86129448dbb51a9890353ed63ed0111bae36bf018af,,,True,,False,0.0,0.0,0.0,0.0,4320000.0,0.2420159385639026,2052.0,True,False,0.0,16416.0,0.0,29958.611080718983,29958.611080718983,970658999.0152949,970658999.0152949,0.0,0.0,29958.61108071898,29958.61108071898,324.05157329277387,313.48568547297754,0.0,0,0.0,0.62,0.62,c41ba70774ef4912330f798afd47954f0ba5c380068adb087cd8f12a82a53c30,-2.7358432816981804e-06,0.9,0.2286144801223639,0.2286144801223639,0.9,1035458999.0153346,1439151157.8947375,552244799.474824,483214199.5405104,74525192.87664351,0.0,2.8734561055898666e-05,3.2960932003334165e-05,0.001991395957369561,0.0,"{""essential_reserve_J"":""maximum_over_full_trace"",""protected_battery_SOC_equivalent"":""maximum_over_full_trace"",""reserve_active"":""any_over_full_trace"",""reserve_denied_compute_W"":""maximum_over_full_trace"",""reserve_limited_compute"":""any_over_full_trace"",""time_until_next_generation_s"":""maximum_over_full_trace""}","{""battery_never_creates_energy"":true,""compute_denial_attribution_closes"":true,""electrical_balance_closes"":true,""essential_reserve_architecture_feasible"":true,""executed_le_design"":true,""executed_le_requested"":true,""fdir_never_increases_power"":true,""finite_state"":true,""housekeeping_priority"":true,""no_hidden_clipping"":true,""reserve_never_increases_power"":true,""soc_within_bounds"":true,""warmup_power_deficit_flag"":false}",[]
run,rsim-001-pwr1.1,RSIM-001-PWR1,A0-R_RESERVE_AWARE_ESSENTIAL_LOAD_ADMISSION,ESSENTIAL_RESERVE_FEASIBLE,A0-M_MYOPIC_ADMISSION,non-authoritative reserve-aware admission challenge; unchanged A0 hardware; not attack or spacecraft validation,55fc2d816b210ab18ecf700d22c0a53aa46f86ce,4,constant_reference,W0 — constant reference,E0_CANONICAL,CLOSED_LOOP,1.0,43200.0,10800.0,43200.0,3983d203bdd99e9874e866b7f8e5ab79b123d1db4e66f0e4cd6b46d5d68757ad,f1e4e90f3f517362d1f0d86129448dbb51a9890353ed63ed0111bae36bf018af,RSIM canonical-derived monotone FDIR,30.0,True,,False,0.0,0.0,0.0,0.0,4320000.0,0.2420159385639026,2052.0,True,False,0.0,16416.0,0.0,29958.611080718983,29958.611080718983,970658999.0152949,970658999.0152949,0.0,0.0,29958.61108071898,29958.61108071898,324.05157329277387,313.48568547297754,0.0,0,0.0,0.62,0.62,c41ba70774ef4912330f798afd47954f0ba5c380068adb087cd8f12a82a53c30,-2.7358432816981804e-06,0.9,0.2286144801223639,0.2286144801223639,0.9,1035458999.0153346,1439151157.8947375,552244799.474824,483214199.5405104,74525192.87664351,0.0,2.8734561055898666e-05,3.2960932003334165e-05,0.001991395957369561,0.0,"{""essential_reserve_J"":""maximum_over_full_trace"",""protected_battery_SOC_equivalent"":""maximum_over_full_trace"",""reserve_active"":""any_over_full_trace"",""reserve_denied_compute_W"":""maximum_over_full_trace"",""reserve_limited_compute"":""any_over_full_trace"",""time_until_next_generation_s"":""maximum_over_full_trace""}","{""battery_never_creates_energy"":true,""compute_denial_attribution_closes"":true,""electrical_balance_closes"":true,""essential_reserve_architecture_feasible"":true,""executed_le_design"":true,""executed_le_requested"":true,""fdir_never_increases_power"":true,""finite_state"":true,""housekeeping_priority"":true,""no_hidden_clipping"":true,""reserve_never_increases_power"":true,""soc_within_bounds"":true,""warmup_power_deficit_flag"":false}",[]
run,rsim-001-pwr1.1,RSIM-001-PWR1,A0-R_RESERVE_AWARE_ESSENTIAL_LOAD_ADMISSION,ESSENTIAL_RESERVE_FEASIBLE,A0-M_MYOPIC_ADMISSION,non-authoritative reserve-aware admission challenge; unchanged A0 hardware; not attack or spacecraft validation,55fc2d816b210ab18ecf700d22c0a53aa46f86ce,4,constant_reference,W0 — constant reference,E1_REPRESENTATIVE_ANALYTIC_LEO,POWER_CONSTRAINED,1.0,43200.0,10800.0,43200.0,3983d203bdd99e9874e866b7f8e5ab79b123d1db4e66f0e4cd6b46d5d68757ad,b348f00169c885d3849e406bf8ee33c9e3461c493394179d38bcd5672eae6285,,,True,,False,0.0,0.0,0.0,0.0,4496842.105263158,0.24373588926534892,2136.0,True,False,0.0,16177.0,0.0,29958.611080718983,29958.611080718983,970658999.0152949,970658999.0152949,0.0,0.0,29958.61108071898,29958.61108071898,331.5795283623332,320.9662888926303,0.0,0,0.0,0.6325617283950616,0.6325617283950616,c41ba70774ef4912330f798afd47954f0ba5c380068adb087cd8f12a82a53c30,-2.9767556952720042e-06,0.9,0.4991972408137829,0.20113086234959776,0.9,1047199583.5070925,1451993045.840408,544204685.7397798,502994897.7673127,58907185.166862056,0.0,2.8654430934693664e-05,3.53421492036432e-05,0.001996197731580188,0.0,"{""essential_reserve_J"":""maximum_over_full_trace"",""protected_battery_SOC_equivalent"":""maximum_over_full_trace"",""reserve_active"":""any_over_full_trace"",""reserve_denied_compute_W"":""maximum_over_full_trace"",""reserve_limited_compute"":""any_over_full_trace"",""time_until_next_generation_s"":""maximum_over_full_trace""}","{""battery_never_creates_energy"":true,""compute_denial_attribution_closes"":true,""electrical_balance_closes"":true,""essential_reserve_architecture_feasible"":true,""executed_le_design"":true,""executed_le_requested"":true,""fdir_never_increases_power"":true,""finite_state"":true,""housekeeping_priority"":true,""no_hidden_clipping"":true,""reserve_never_increases_power"":true,""soc_within_bounds"":true,""warmup_power_deficit_flag"":false}","[""E1 is a fixed-wall-clock representative environment challenge, not a periodic/steady-state result"",""E1 radiator incidence and Earth-view factors are ASSUMED_EXPLORATORY"",""E1 albedo is a bounded analytic approximation, not a flight environment model""]"
run,rsim-001-pwr1.1,RSIM-001-PWR1,A0-R_RESERVE_AWARE_ESSENTIAL_LOAD_ADMISSION,ESSENTIAL_RESERVE_FEASIBLE,A0-M_MYOPIC_ADMISSION,non-authoritative reserve-aware admission challenge; unchanged A0 hardware; not attack or spacecraft validation,55fc2d816b210ab18ecf700d22c0a53aa46f86ce,4,constant_reference,W0 — constant reference,E1_REPRESENTATIVE_ANALYTIC_LEO,CLOSED_LOOP,1.0,43200.0,10800.0,43200.0,3983d203bdd99e9874e866b7f8e5ab79b123d1db4e66f0e4cd6b46d5d68757ad,b348f00169c885d3849e406bf8ee33c9e3461c493394179d38bcd5672eae6285,RSIM canonical-derived monotone FDIR,30.0,True,,False,0.0,0.0,0.0,0.0,4496842.105263158,0.24373588926534892,2136.0,True,False,0.0,16177.0,0.0,29958.611080718983,29958.611080718983,970658999.0152949,970658999.0152949,0.0,0.0,29958.61108071898,29958.61108071898,331.5795283623332,320.9662888926303,0.0,0,0.0,0.6325617283950616,0.6325617283950616,c41ba70774ef4912330f798afd47954f0ba5c380068adb087cd8f12a82a53c30,-2.9767556952720042e-06,0.9,0.4991972408137829,0.20113086234959776,0.9,1047199583.5070925,1451993045.840408,544204685.7397798,502994897.7673127,58907185.166862056,0.0,2.8654430934693664e-05,3.53421492036432e-05,0.001996197731580188,0.0,"{""essential_reserve_J"":""maximum_over_full_trace"",""protected_battery_SOC_equivalent"":""maximum_over_full_trace"",""reserve_active"":""any_over_full_trace"",""reserve_denied_compute_W"":""maximum_over_full_trace"",""reserve_limited_compute"":""any_over_full_trace"",""time_until_next_generation_s"":""maximum_over_full_trace""}","{""battery_never_creates_energy"":true,""compute_denial_attribution_closes"":true,""electrical_balance_closes"":true,""essential_reserve_architecture_feasible"":true,""executed_le_design"":true,""executed_le_requested"":true,""fdir_never_increases_power"":true,""finite_state"":true,""housekeeping_priority"":true,""no_hidden_clipping"":true,""reserve_never_increases_power"":true,""soc_within_bounds"":true,""warmup_power_deficit_flag"":false}","[""E1 is a fixed-wall-clock representative environment challenge, not a periodic/steady-state result"",""E1 radiator incidence and Earth-view factors are ASSUMED_EXPLORATORY"",""E1 albedo is a bounded analytic approximation, not a flight environment model""]"
run,rsim-001-pwr1.1,RSIM-001-PWR1,A0-R_RESERVE_AWARE_ESSENTIAL_LOAD_ADMISSION,ESSENTIAL_RESERVE_FEASIBLE,A0-M_MYOPIC_ADMISSION,non-authoritative reserve-aware admission challenge; unchanged A0 hardware; not attack or spacecraft validation,55fc2d816b210ab18ecf700d22c0a53aa46f86ce,4,diversified_stochastic,W1 — diversified stochastic,E0_CANONICAL,POWER_CONSTRAINED,1.0,43200.0,10800.0,43200.0,77ea95a9d2d9f8b3340622fde2f278745c7414136950002f991037a5720489ac,f1e4e90f3f517362d1f0d86129448dbb51a9890353ed63ed0111bae36bf018af,,,True,,False,0.0,0.0,0.0,0.0,4320000.0,0.2420159385639026,2052.0,True,False,0.0,16416.0,0.0,29958.611080718976,29958.611080718976,970658999.0152949,970658999.0152949,0.0,0.0,36575.716856476916,36575.716856476916,326.00052688966633,314.97222805060454,0.0,0,0.0,0.6215341477750969,0.6215341477750969,8a330c3c27aaadd942a18649ac51715da6a10b938f89ec041a522b5b335d50a0,-1.0166877473238856e-07,0.9,0.22565420360724564,0.20690384055775585,0.9,1036570190.8320773,1439151157.8947375,552952580.4227829,483617610.4092942,72954416.09462276,0.0,-1.7417674825992435e-05,1.743133907439187e-05,0.0019921037383175202,1.9489535968924656,"{""essential_reserve_J"":""maximum_over_full_trace"",""protected_battery_SOC_equivalent"":""maximum_over_full_trace"",""reserve_active"":""any_over_full_trace"",""reserve_denied_compute_W"":""maximum_over_full_trace"",""reserve_limited_compute"":""any_over_full_trace"",""time_until_next_generation_s"":""maximum_over_full_trace""}","{""battery_never_creates_energy"":true,""compute_denial_attribution_closes"":true,""electrical_balance_closes"":true,""essential_reserve_architecture_feasible"":true,""executed_le_design"":true,""executed_le_requested"":true,""fdir_never_increases_power"":true,""finite_state"":true,""housekeeping_priority"":true,""no_hidden_clipping"":true,""reserve_never_increases_power"":true,""soc_within_bounds"":true,""warmup_power_deficit_flag"":false}",[]
run,rsim-001-pwr1.1,RSIM-001-PWR1,A0-R_RESERVE_AWARE_ESSENTIAL_LOAD_ADMISSION,ESSENTIAL_RESERVE_FEASIBLE,A0-M_MYOPIC_ADMISSION,non-authoritative reserve-aware admission challenge; unchanged A0 hardware; not attack or spacecraft validation,55fc2d816b210ab18ecf700d22c0a53aa46f86ce,4,diversified_stochastic,W1 — diversified stochastic,E0_CANONICAL,CLOSED_LOOP,1.0,43200.0,10800.0,43200.0,77ea95a9d2d9f8b3340622fde2f278745c7414136950002f991037a5720489ac,f1e4e90f3f517362d1f0d86129448dbb51a9890353ed63ed0111bae36bf018af,RSIM canonical-derived monotone FDIR,30.0,True,,False,0.0,0.0,0.0,0.0,4320000.0,0.2420159385639026,2052.0,True,False,0.0,16416.0,0.0,29958.611080718976,29958.611080718976,970658999.0152949,970658999.0152949,0.0,0.0,36575.716856476916,36575.716856476916,326.00052688966633,314.97222805060454,0.0,0,0.0,0.6215341477750969,0.6215341477750969,8a330c3c27aaadd942a18649ac51715da6a10b938f89ec041a522b5b335d50a0,-1.0166877473238856e-07,0.9,0.22565420360724564,0.20690384055775585,0.9,1036570190.8320773,1439151157.8947375,552952580.4227829,483617610.4092942,72954416.09462276,0.0,-1.7417674825992435e-05,1.743133907439187e-05,0.0019921037383175202,1.9489535968924656,"{""essential_reserve_J"":""maximum_over_full_trace"",""protected_battery_SOC_equivalent"":""maximum_over_full_trace"",""reserve_active"":""any_over_full_trace"",""reserve_denied_compute_W"":""maximum_over_full_trace"",""reserve_limited_compute"":""any_over_full_trace"",""time_until_next_generation_s"":""maximum_over_full_trace""}","{""battery_never_creates_energy"":true,""compute_denial_attribution_closes"":true,""electrical_balance_closes"":true,""essential_reserve_architecture_feasible"":true,""executed_le_design"":true,""executed_le_requested"":true,""fdir_never_increases_power"":true,""finite_state"":true,""housekeeping_priority"":true,""no_hidden_clipping"":true,""reserve_never_increases_power"":true,""soc_within_bounds"":true,""warmup_power_deficit_flag"":false}",[]
run,rsim-001-pwr1.1,RSIM-001-PWR1,A0-R_RESERVE_AWARE_ESSENTIAL_LOAD_ADMISSION,ESSENTIAL_RESERVE_FEASIBLE,A0-M_MYOPIC_ADMISSION,non-authoritative reserve-aware admission challenge; unchanged A0 hardware; not attack or spacecraft validation,55fc2d816b210ab18ecf700d22c0a53aa46f86ce,4,diversified_stochastic,W1 — diversified stochastic,E1_REPRESENTATIVE_ANALYTIC_LEO,POWER_CONSTRAINED,1.0,43200.0,10800.0,43200.0,77ea95a9d2d9f8b3340622fde2f278745c7414136950002f991037a5720489ac,b348f00169c885d3849e406bf8ee33c9e3461c493394179d38bcd5672eae6285,,,True,,False,586973.277941494,1912166.7366971131,0.0,2499140.0146386074,4496842.105263158,0.24373588926534892,2136.0,True,True,34571.35794051505,16177.0,114.0,29958.611080718976,29881.477129649884,970658999.0152949,968159859.0006562,2499140.0146386074,0.002574683814989519,36575.716856476916,36575.716856476916,333.5444703048599,322.57178586922413,0.0,0,0.0,0.6331836211713969,0.6348180769997108,9fd8df4901294a72864d0a2ca50e96ca069e8e421dc1bc967b559f964a8b966e,-8.458941920252983e-07,0.9,0.5144042007756824,0.2,0.9,1041158239.0429926,1451993045.840408,540402237.9568436,500756001.08614886,59596215.08991565,0.0,-1.4512719189951895e-05,1.469687003918807e-05,0.001992395283797252,1.964941942526707,"{""essential_reserve_J"":""maximum_over_full_trace"",""protected_battery_SOC_equivalent"":""maximum_over_full_trace"",""reserve_active"":""any_over_full_trace"",""reserve_denied_compute_W"":""maximum_over_full_trace"",""reserve_limited_compute"":""any_over_full_trace"",""time_until_next_generation_s"":""maximum_over_full_trace""}","{""battery_never_creates_energy"":true,""compute_denial_attribution_closes"":true,""electrical_balance_closes"":true,""essential_reserve_architecture_feasible"":true,""executed_le_design"":true,""executed_le_requested"":true,""fdir_never_increases_power"":true,""finite_state"":true,""housekeeping_priority"":true,""no_hidden_clipping"":true,""reserve_never_increases_power"":true,""soc_within_bounds"":true,""warmup_power_deficit_flag"":false}","[""E1 is a fixed-wall-clock representative environment challenge, not a periodic/steady-state result"",""E1 radiator incidence and Earth-view factors are ASSUMED_EXPLORATORY"",""E1 albedo is a bounded analytic approximation, not a flight environment model""]"
run,rsim-001-pwr1.1,RSIM-001-PWR1,A0-R_RESERVE_AWARE_ESSENTIAL_LOAD_ADMISSION,ESSENTIAL_RESERVE_FEASIBLE,A0-M_MYOPIC_ADMISSION,non-authoritative reserve-aware admission challenge; unchanged A0 hardware; not attack or spacecraft validation,55fc2d816b210ab18ecf700d22c0a53aa46f86ce,4,diversified_stochastic,W1 — diversified stochastic,E1_REPRESENTATIVE_ANALYTIC_LEO,CLOSED_LOOP,1.0,43200.0,10800.0,43200.0,77ea95a9d2d9f8b3340622fde2f278745c7414136950002f991037a5720489ac,b348f00169c885d3849e406bf8ee33c9e3461c493394179d38bcd5672eae6285,RSIM canonical-derived monotone FDIR,30.0,True,,False,586973.277941494,1912166.7366971131,0.0,2499140.0146386074,4496842.105263158,0.24373588926534892,2136.0,True,True,34571.35794051505,16177.0,114.0,29958.611080718976,29881.477129649884,970658999.0152949,968159859.0006562,2499140.0146386074,0.002574683814989519,36575.716856476916,36575.716856476916,333.5444703048599,322.57178586922413,0.0,0,0.0,0.6331836211713969,0.6348180769997108,9fd8df4901294a72864d0a2ca50e96ca069e8e421dc1bc967b559f964a8b966e,-8.458941920252983e-07,0.9,0.5144042007756824,0.2,0.9,1041158239.0429926,1451993045.840408,540402237.9568436,500756001.08614886,59596215.08991565,0.0,-1.4512719189951895e-05,1.469687003918807e-05,0.001992395283797252,1.964941942526707,"{""essential_reserve_J"":""maximum_over_full_trace"",""protected_battery_SOC_equivalent"":""maximum_over_full_trace"",""reserve_active"":""any_over_full_trace"",""reserve_denied_compute_W"":""maximum_over_full_trace"",""reserve_limited_compute"":""any_over_full_trace"",""time_until_next_generation_s"":""maximum_over_full_trace""}","{""battery_never_creates_energy"":true,""compute_denial_attribution_closes"":true,""electrical_balance_closes"":true,""essential_reserve_architecture_feasible"":true,""executed_le_design"":true,""executed_le_requested"":true,""fdir_never_increases_power"":true,""finite_state"":true,""housekeeping_priority"":true,""no_hidden_clipping"":true,""reserve_never_increases_power"":true,""soc_within_bounds"":true,""warmup_power_deficit_flag"":false}","[""E1 is a fixed-wall-clock representative environment challenge, not a periodic/steady-state result"",""E1 radiator incidence and Earth-view factors are ASSUMED_EXPLORATORY"",""E1 albedo is a bounded analytic approximation, not a flight environment model""]"
run,rsim-001-pwr1.1,RSIM-001-PWR1,A0-R_RESERVE_AWARE_ESSENTIAL_LOAD_ADMISSION,ESSENTIAL_RESERVE_FEASIBLE,A0-M_MYOPIC_ADMISSION,non-authoritative reserve-aware admission challenge; unchanged A0 hardware; not attack or spacecraft validation,55fc2d816b210ab18ecf700d22c0a53aa46f86ce,4,bursty_benign,W2 — bursty benign,E0_CANONICAL,POWER_CONSTRAINED,1.0,43200.0,10800.0,43200.0,d84d99bcd64ea8bbdc7379b45bd98ad5b0f6d7feee9a9598fccc2205ebbda012,f1e4e90f3f517362d1f0d86129448dbb51a9890353ed63ed0111bae36bf018af,,,True,,False,418873.43867739337,6751895.376205347,0.0,7170768.814882739,4320000.0,0.2420159385639026,2052.0,True,True,39943.67193387135,16416.0,203.0,29958.611080718976,29737.291055568272,970658999.0152949,963488230.2004122,7170768.814882739,0.007387526229249689,39943.67193387135,39943.67193387135,331.42618181736935,319.1357976530044,0.0,0,0.0,0.6231788802864279,0.6278168940584508,309a4a6cee07544a467bdda5e1629941edca5c52bf4caba5f0b97fa669563f27,-8.620054359198548e-08,0.9,0.2,0.2,0.9,995908638.2510691,1439151157.8947375,533940662.6818031,461967975.56926584,96217133.20522995,0.0,-1.0127404493687209e-05,1.5869767594267614e-05,0.0019730918205765405,7.374608524595487,"{""essential_reserve_J"":""maximum_over_full_trace"",""protected_battery_SOC_equivalent"":""maximum_over_full_trace"",""reserve_active"":""any_over_full_trace"",""reserve_denied_compute_W"":""maximum_over_full_trace"",""reserve_limited_compute"":""any_over_full_trace"",""time_until_next_generation_s"":""maximum_over_full_trace""}","{""battery_never_creates_energy"":true,""compute_denial_attribution_closes"":true,""electrical_balance_closes"":true,""essential_reserve_architecture_feasible"":true,""executed_le_design"":true,""executed_le_requested"":true,""fdir_never_increases_power"":true,""finite_state"":true,""housekeeping_priority"":true,""no_hidden_clipping"":true,""reserve_never_increases_power"":true,""soc_within_bounds"":true,""warmup_power_deficit_flag"":false}",[]
run,rsim-001-pwr1.1,RSIM-001-PWR1,A0-R_RESERVE_AWARE_ESSENTIAL_LOAD_ADMISSION,ESSENTIAL_RESERVE_FEASIBLE,A0-M_MYOPIC_ADMISSION,non-authoritative reserve-aware admission challenge; unchanged A0 hardware; not attack or spacecraft validation,55fc2d816b210ab18ecf700d22c0a53aa46f86ce,4,bursty_benign,W2 — bursty benign,E0_CANONICAL,CLOSED_LOOP,1.0,43200.0,10800.0,43200.0,d84d99bcd64ea8bbdc7379b45bd98ad5b0f6d7feee9a9598fccc2205ebbda012,f1e4e90f3f517362d1f0d86129448dbb51a9890353ed63ed0111bae36bf018af,RSIM canonical-derived monotone FDIR,30.0,True,,False,418873.43867739337,6751895.376205347,0.0,7170768.814882739,4320000.0,0.2420159385639026,2052.0,True,True,39943.67193387135,16416.0,203.0,29958.611080718976,29737.291055568272,970658999.0152949,963488230.2004122,7170768.814882739,0.007387526229249689,39943.67193387135,39943.67193387135,331.42618181736935,319.1357976530044,0.0,0,0.0,0.6231788802864279,0.6278168940584508,309a4a6cee07544a467bdda5e1629941edca5c52bf4caba5f0b97fa669563f27,-8.620054359198548e-08,0.9,0.2,0.2,0.9,995908638.2510691,1439151157.8947375,533940662.6818031,461967975.56926584,96217133.20522995,0.0,-1.0127404493687209e-05,1.5869767594267614e-05,0.0019730918205765405,7.374608524595487,"{""essential_reserve_J"":""maximum_over_full_trace"",""protected_battery_SOC_equivalent"":""maximum_over_full_trace"",""reserve_active"":""any_over_full_trace"",""reserve_denied_compute_W"":""maximum_over_full_trace"",""reserve_limited_compute"":""any_over_full_trace"",""time_until_next_generation_s"":""maximum_over_full_trace""}","{""battery_never_creates_energy"":true,""compute_denial_attribution_closes"":true,""electrical_balance_closes"":true,""essential_reserve_architecture_feasible"":true,""executed_le_design"":true,""executed_le_requested"":true,""fdir_never_increases_power"":true,""finite_state"":true,""housekeeping_priority"":true,""no_hidden_clipping"":true,""reserve_never_increases_power"":true,""soc_within_bounds"":true,""warmup_power_deficit_flag"":false}",[]
run,rsim-001-pwr1.1,RSIM-001-PWR1,A0-R_RESERVE_AWARE_ESSENTIAL_LOAD_ADMISSION,ESSENTIAL_RESERVE_FEASIBLE,A0-M_MYOPIC_ADMISSION,non-authoritative reserve-aware admission challenge; unchanged A0 hardware; not attack or spacecraft validation,55fc2d816b210ab18ecf700d22c0a53aa46f86ce,4,bursty_benign,W2 — bursty benign,E1_REPRESENTATIVE_ANALYTIC_LEO,POWER_CONSTRAINED,1.0,43200.0,10800.0,43200.0,d84d99bcd64ea8bbdc7379b45bd98ad5b0f6d7feee9a9598fccc2205ebbda012,b348f00169c885d3849e406bf8ee33c9e3461c493394179d38bcd5672eae6285,,,True,,False,339603.58500269474,2225149.5907270764,0.0,2564753.175729771,4496842.105263158,0.24373588926534892,2136.0,True,True,40000.0,16177.0,339.0,29958.611080718976,29879.45203208534,970658999.0152949,968094245.839565,2564753.175729771,0.002642280325357966,39943.67193387135,39943.67193387135,338.74674898803636,326.63399957992647,0.0,0,0.0,0.6331512875578262,0.6348286828966169,dd46d41d6fddf8b964319274417e905361a2fb16050866f0b30225e05057b3af,-3.021264092240017e-07,0.9,0.3989805310421678,0.2,0.9,1030756341.7796204,1451993045.840408,541135111.9445164,489621229.8351039,88777192.29997432,0.0,-1.118817181122722e-06,1.4138472124614054e-05,0.0019931281577849243,7.16722062570318,"{""essential_reserve_J"":""maximum_over_full_trace"",""protected_battery_SOC_equivalent"":""maximum_over_full_trace"",""reserve_active"":""any_over_full_trace"",""reserve_denied_compute_W"":""maximum_over_full_trace"",""reserve_limited_compute"":""any_over_full_trace"",""time_until_next_generation_s"":""maximum_over_full_trace""}","{""battery_never_creates_energy"":true,""compute_denial_attribution_closes"":true,""electrical_balance_closes"":true,""essential_reserve_architecture_feasible"":true,""executed_le_design"":true,""executed_le_requested"":true,""fdir_never_increases_power"":true,""finite_state"":true,""housekeeping_priority"":true,""no_hidden_clipping"":true,""reserve_never_increases_power"":true,""soc_within_bounds"":true,""warmup_power_deficit_flag"":false}","[""E1 is a fixed-wall-clock representative environment challenge, not a periodic/steady-state result"",""E1 radiator incidence and Earth-view factors are ASSUMED_EXPLORATORY"",""E1 albedo is a bounded analytic approximation, not a flight environment model""]"
run,rsim-001-pwr1.1,RSIM-001-PWR1,A0-R_RESERVE_AWARE_ESSENTIAL_LOAD_ADMISSION,ESSENTIAL_RESERVE_FEASIBLE,A0-M_MYOPIC_ADMISSION,non-authoritative reserve-aware admission challenge; unchanged A0 hardware; not attack or spacecraft validation,55fc2d816b210ab18ecf700d22c0a53aa46f86ce,4,bursty_benign,W2 — bursty benign,E1_REPRESENTATIVE_ANALYTIC_LEO,CLOSED_LOOP,1.0,43200.0,10800.0,43200.0,d84d99bcd64ea8bbdc7379b45bd98ad5b0f6d7feee9a9598fccc2205ebbda012,b348f00169c885d3849e406bf8ee33c9e3461c493394179d38bcd5672eae6285,RSIM canonical-derived monotone FDIR,30.0,True,,False,339603.58500269474,2225149.5907270764,0.0,2564753.175729771,4496842.105263158,0.24373588926534892,2136.0,True,True,40000.0,16177.0,339.0,29958.611080718976,29879.45203208534,970658999.0152949,968094245.839565,2564753.175729771,0.002642280325357966,39943.67193387135,39943.67193387135,338.74674898803636,326.63399957992647,0.0,0,0.0,0.6331512875578262,0.6348286828966169,dd46d41d6fddf8b964319274417e905361a2fb16050866f0b30225e05057b3af,-3.021264092240017e-07,0.9,0.3989805310421678,0.2,0.9,1030756341.7796204,1451993045.840408,541135111.9445164,489621229.8351039,88777192.29997432,0.0,-1.118817181122722e-06,1.4138472124614054e-05,0.0019931281577849243,7.16722062570318,"{""essential_reserve_J"":""maximum_over_full_trace"",""protected_battery_SOC_equivalent"":""maximum_over_full_trace"",""reserve_active"":""any_over_full_trace"",""reserve_denied_compute_W"":""maximum_over_full_trace"",""reserve_limited_compute"":""any_over_full_trace"",""time_until_next_generation_s"":""maximum_over_full_trace""}","{""battery_never_creates_energy"":true,""compute_denial_attribution_closes"":true,""electrical_balance_closes"":true,""essential_reserve_architecture_feasible"":true,""executed_le_design"":true,""executed_le_requested"":true,""fdir_never_increases_power"":true,""finite_state"":true,""housekeeping_priority"":true,""no_hidden_clipping"":true,""reserve_never_increases_power"":true,""soc_within_bounds"":true,""warmup_power_deficit_flag"":false}","[""E1 is a fixed-wall-clock representative environment challenge, not a periodic/steady-state result"",""E1 radiator incidence and Earth-view factors are ASSUMED_EXPLORATORY"",""E1 albedo is a bounded analytic approximation, not a flight environment model""]"
run,rsim-001-pwr1.1,RSIM-001-PWR1,A0-R_RESERVE_AWARE_ESSENTIAL_LOAD_ADMISSION,ESSENTIAL_RESERVE_FEASIBLE,A0-M_MYOPIC_ADMISSION,non-authoritative reserve-aware admission challenge; unchanged A0 hardware; not attack or spacecraft validation,55fc2d816b210ab18ecf700d22c0a53aa46f86ce,4,queue_driven_benign,W3 — queue-driven benign,E0_CANONICAL,POWER_CONSTRAINED,1.0,43200.0,10800.0,43200.0,95d6ccbd50e52c66e7943607251eca1c08caa648a79b5ce7ef69222d57ec1a3c,f1e4e90f3f517362d1f0d86129448dbb51a9890353ed63ed0111bae36bf018af,,,True,,False,973999.9999999177,12064445.29586115,0.0,13038445.295861067,4320000.0,0.2420159385639026,2052.0,True,True,40000.0,16416.0,477.0,29958.61108071898,29556.189929612156,970658999.0152949,957620553.7194338,13038445.295861067,0.01343257035590067,40000.0,40000.0,331.2797100722995,319.03054314185783,0.0,0,0.0,0.6199520099037238,0.6283929423124878,d38038118ddd234d597f782af0190adcd4d483c93aab26baa49ceeb204a93816,1.3062272046227008e-06,0.9,0.20680289427721515,0.2,0.9,991383646.4506596,1439151157.8947375,531328436.3664057,460055210.08425385,89154916.0917026,0.0,-9.478912033955567e-06,1.5278670161933405e-05,0.001970479594261143,7.2281367795256415,"{""essential_reserve_J"":""maximum_over_full_trace"",""protected_battery_SOC_equivalent"":""maximum_over_full_trace"",""reserve_active"":""any_over_full_trace"",""reserve_denied_compute_W"":""maximum_over_full_trace"",""reserve_limited_compute"":""any_over_full_trace"",""time_until_next_generation_s"":""maximum_over_full_trace""}","{""battery_never_creates_energy"":true,""compute_denial_attribution_closes"":true,""electrical_balance_closes"":true,""essential_reserve_architecture_feasible"":true,""executed_le_design"":true,""executed_le_requested"":true,""fdir_never_increases_power"":true,""finite_state"":true,""housekeeping_priority"":true,""no_hidden_clipping"":true,""reserve_never_increases_power"":true,""soc_within_bounds"":true,""warmup_power_deficit_flag"":false}",[]
run,rsim-001-pwr1.1,RSIM-001-PWR1,A0-R_RESERVE_AWARE_ESSENTIAL_LOAD_ADMISSION,ESSENTIAL_RESERVE_FEASIBLE,A0-M_MYOPIC_ADMISSION,non-authoritative reserve-aware admission challenge; unchanged A0 hardware; not attack or spacecraft validation,55fc2d816b210ab18ecf700d22c0a53aa46f86ce,4,queue_driven_benign,W3 — queue-driven benign,E0_CANONICAL,CLOSED_LOOP,1.0,43200.0,10800.0,43200.0,95d6ccbd50e52c66e7943607251eca1c08caa648a79b5ce7ef69222d57ec1a3c,f1e4e90f3f517362d1f0d86129448dbb51a9890353ed63ed0111bae36bf018af,RSIM canonical-derived monotone FDIR,30.0,True,,False,973999.9999999177,12064445.29586115,0.0,13038445.295861067,4320000.0,0.2420159385639026,2052.0,True,True,40000.0,16416.0,477.0,29958.61108071898,29556.189929612156,970658999.0152949,957620553.7194338,13038445.295861067,0.01343257035590067,40000.0,40000.0,331.2797100722995,319.03054314185783,0.0,0,0.0,0.6199520099037238,0.6283929423124878,d38038118ddd234d597f782af0190adcd4d483c93aab26baa49ceeb204a93816,1.3062272046227008e-06,0.9,0.20680289427721515,0.2,0.9,991383646.4506596,1439151157.8947375,531328436.3664057,460055210.08425385,89154916.0917026,0.0,-9.478912033955567e-06,1.5278670161933405e-05,0.001970479594261143,7.2281367795256415,"{""essential_reserve_J"":""maximum_over_full_trace"",""protected_battery_SOC_equivalent"":""maximum_over_full_trace"",""reserve_active"":""any_over_full_trace"",""reserve_denied_compute_W"":""maximum_over_full_trace"",""reserve_limited_compute"":""any_over_full_trace"",""time_until_next_generation_s"":""maximum_over_full_trace""}","{""battery_never_creates_energy"":true,""compute_denial_attribution_closes"":true,""electrical_balance_closes"":true,""essential_reserve_architecture_feasible"":true,""executed_le_design"":true,""executed_le_requested"":true,""fdir_never_increases_power"":true,""finite_state"":true,""housekeeping_priority"":true,""no_hidden_clipping"":true,""reserve_never_increases_power"":true,""soc_within_bounds"":true,""warmup_power_deficit_flag"":false}",[]
run,rsim-001-pwr1.1,RSIM-001-PWR1,A0-R_RESERVE_AWARE_ESSENTIAL_LOAD_ADMISSION,ESSENTIAL_RESERVE_FEASIBLE,A0-M_MYOPIC_ADMISSION,non-authoritative reserve-aware admission challenge; unchanged A0 hardware; not attack or spacecraft validation,55fc2d816b210ab18ecf700d22c0a53aa46f86ce,4,queue_driven_benign,W3 — queue-driven benign,E1_REPRESENTATIVE_ANALYTIC_LEO,POWER_CONSTRAINED,1.0,43200.0,10800.0,43200.0,95d6ccbd50e52c66e7943607251eca1c08caa648a79b5ce7ef69222d57ec1a3c,b348f00169c885d3849e406bf8ee33c9e3461c493394179d38bcd5672eae6285,,,True,,False,917999.9999999305,9056536.894956872,0.0,9974536.894956803,4496842.105263158,0.24373588926534892,2136.0,True,True,40000.0,16177.0,492.0,29958.61108071898,29650.755003714137,970658999.0152949,960684462.1203381,9974536.894956803,0.010276046381969032,40000.0,40000.0,337.65346278927825,324.8684380731585,0.0,0,0.0,0.6337953288352409,0.6403758608835739,260393f3e820ae7900b00ffc4219188a67a3a25ebfd9952be7e80e3f38192006,3.662130438897293e-07,0.9,0.4523795438703834,0.2,0.9,1019331089.8503649,1451993045.840408,532677292.80674183,486653797.0436231,80776423.54289073,0.0,-2.8557660698425025e-06,8.688263278600061e-06,0.00198467033864715,6.073934426945073,"{""essential_reserve_J"":""maximum_over_full_trace"",""protected_battery_SOC_equivalent"":""maximum_over_full_trace"",""reserve_active"":""any_over_full_trace"",""reserve_denied_compute_W"":""maximum_over_full_trace"",""reserve_limited_compute"":""any_over_full_trace"",""time_until_next_generation_s"":""maximum_over_full_trace""}","{""battery_never_creates_energy"":true,""compute_denial_attribution_closes"":true,""electrical_balance_closes"":true,""essential_reserve_architecture_feasible"":true,""executed_le_design"":true,""executed_le_requested"":true,""fdir_never_increases_power"":true,""finite_state"":true,""housekeeping_priority"":true,""no_hidden_clipping"":true,""reserve_never_increases_power"":true,""soc_within_bounds"":true,""warmup_power_deficit_flag"":false}","[""E1 is a fixed-wall-clock representative environment challenge, not a periodic/steady-state result"",""E1 radiator incidence and Earth-view factors are ASSUMED_EXPLORATORY"",""E1 albedo is a bounded analytic approximation, not a flight environment model""]"
run,rsim-001-pwr1.1,RSIM-001-PWR1,A0-R_RESERVE_AWARE_ESSENTIAL_LOAD_ADMISSION,ESSENTIAL_RESERVE_FEASIBLE,A0-M_MYOPIC_ADMISSION,non-authoritative reserve-aware admission challenge; unchanged A0 hardware; not attack or spacecraft validation,55fc2d816b210ab18ecf700d22c0a53aa46f86ce,4,queue_driven_benign,W3 — queue-driven benign,E1_REPRESENTATIVE_ANALYTIC_LEO,CLOSED_LOOP,1.0,43200.0,10800.0,43200.0,95d6ccbd50e52c66e7943607251eca1c08caa648a79b5ce7ef69222d57ec1a3c,b348f00169c885d3849e406bf8ee33c9e3461c493394179d38bcd5672eae6285,RSIM canonical-derived monotone FDIR,30.0,True,,False,917999.9999999305,9056536.894956872,0.0,9974536.894956803,4496842.105263158,0.24373588926534892,2136.0,True,True,40000.0,16177.0,492.0,29958.61108071898,29650.755003714137,970658999.0152949,960684462.1203381,9974536.894956803,0.010276046381969032,40000.0,40000.0,337.65346278927825,324.8684380731585,0.0,0,0.0,0.6337953288352409,0.6403758608835739,260393f3e820ae7900b00ffc4219188a67a3a25ebfd9952be7e80e3f38192006,3.662130438897293e-07,0.9,0.4523795438703834,0.2,0.9,1019331089.8503649,1451993045.840408,532677292.80674183,486653797.0436231,80776423.54289073,0.0,-2.8557660698425025e-06,8.688263278600061e-06,0.00198467033864715,6.073934426945073,"{""essential_reserve_J"":""maximum_over_full_trace"",""protected_battery_SOC_equivalent"":""maximum_over_full_trace"",""reserve_active"":""any_over_full_trace"",""reserve_denied_compute_W"":""maximum_over_full_trace"",""reserve_limited_compute"":""any_over_full_trace"",""time_until_next_generation_s"":""maximum_over_full_trace""}","{""battery_never_creates_energy"":true,""compute_denial_attribution_closes"":true,""electrical_balance_closes"":true,""essential_reserve_architecture_feasible"":true,""executed_le_design"":true,""executed_le_requested"":true,""fdir_never_increases_power"":true,""finite_state"":true,""housekeeping_priority"":true,""no_hidden_clipping"":true,""reserve_never_increases_power"":true,""soc_within_bounds"":true,""warmup_power_deficit_flag"":false}","[""E1 is a fixed-wall-clock representative environment challenge, not a periodic/steady-state result"",""E1 radiator incidence and Earth-view factors are ASSUMED_EXPLORATORY"",""E1 albedo is a bounded analytic approximation, not a flight environment model""]"
run,rsim-001-pwr1.1,RSIM-001-PWR1,A0-R_RESERVE_AWARE_ESSENTIAL_LOAD_ADMISSION,ESSENTIAL_RESERVE_FEASIBLE,A0-M_MYOPIC_ADMISSION,non-authoritative reserve-aware admission challenge; unchanged A0 hardware; not attack or spacecraft validation,55fc2d816b210ab18ecf700d22c0a53aa46f86ce,4,power_aware_benign,W4 — power-aware benign,E0_CANONICAL,POWER_CONSTRAINED,1.0,43200.0,10800.0,43200.0,54777d7ca1eadafb0e1e2f22b84294f0a5a4e1c431784b653c52d1421ca04ad0,f1e4e90f3f517362d1f0d86129448dbb51a9890353ed63ed0111bae36bf018af,,,True,,False,0.0,0.0,0.0,0.0,4320000.0,0.2420159385639026,2052.0,True,False,0.0,16416.0,0.0,29958.61108071898,29958.61108071898,970658999.0152949,970658999.0152949,0.0,0.0,39024.842113890976,39024.842113890976,334.49803913626204,322.1261334759809,0.0,0,0.0,0.6863943970251403,0.6863943970251403,6eafdbffd441befa30027e319906726beb6745ca07d1fd9ac7d98ddc5afb40ae,4.741632437799126e-07,0.9,0.33854135344984126,0.3382771623621189,0.9,836507877.2357955,1439151157.8947375,447118001.11417806,389389876.1216175,110134801.49922602,0.0,-4.189267929177731e-05,4.209327744320035e-05,0.0018862691590089153,10.44646584348817,"{""essential_reserve_J"":""maximum_over_full_trace"",""protected_battery_SOC_equivalent"":""maximum_over_full_trace"",""reserve_active"":""any_over_full_trace"",""reserve_denied_compute_W"":""maximum_over_full_trace"",""reserve_limited_compute"":""any_over_full_trace"",""time_until_next_generation_s"":""maximum_over_full_trace""}","{""battery_never_creates_energy"":true,""compute_denial_attribution_closes"":true,""electrical_balance_closes"":true,""essential_reserve_architecture_feasible"":true,""executed_le_design"":true,""executed_le_requested"":true,""fdir_never_increases_power"":true,""finite_state"":true,""housekeeping_priority"":true,""no_hidden_clipping"":true,""reserve_never_increases_power"":true,""soc_within_bounds"":true,""warmup_power_deficit_flag"":false}",[]
run,rsim-001-pwr1.1,RSIM-001-PWR1,A0-R_RESERVE_AWARE_ESSENTIAL_LOAD_ADMISSION,ESSENTIAL_RESERVE_FEASIBLE,A0-M_MYOPIC_ADMISSION,non-authoritative reserve-aware admission challenge; unchanged A0 hardware; not attack or spacecraft validation,55fc2d816b210ab18ecf700d22c0a53aa46f86ce,4,power_aware_benign,W4 — power-aware benign,E0_CANONICAL,CLOSED_LOOP,1.0,43200.0,10800.0,43200.0,54777d7ca1eadafb0e1e2f22b84294f0a5a4e1c431784b653c52d1421ca04ad0,f1e4e90f3f517362d1f0d86129448dbb51a9890353ed63ed0111bae36bf018af,RSIM canonical-derived monotone FDIR,30.0,True,,False,0.0,0.0,0.0,0.0,4320000.0,0.2420159385639026,2052.0,True,False,0.0,16416.0,0.0,29958.61108071898,29958.61108071898,970658999.0152949,970658999.0152949,0.0,0.0,39024.842113890976,39024.842113890976,334.49803913626204,322.1261334759809,0.0,0,0.0,0.6863943970251403,0.6863943970251403,6eafdbffd441befa30027e319906726beb6745ca07d1fd9ac7d98ddc5afb40ae,4.741632437799126e-07,0.9,0.33854135344984126,0.3382771623621189,0.9,836507877.2357955,1439151157.8947375,447118001.11417806,389389876.1216175,110134801.49922602,0.0,-4.189267929177731e-05,4.209327744320035e-05,0.0018862691590089153,10.44646584348817,"{""essential_reserve_J"":""maximum_over_full_trace"",""protected_battery_SOC_equivalent"":""maximum_over_full_trace"",""reserve_active"":""any_over_full_trace"",""reserve_denied_compute_W"":""maximum_over_full_trace"",""reserve_limited_compute"":""any_over_full_trace"",""time_until_next_generation_s"":""maximum_over_full_trace""}","{""battery_never_creates_energy"":true,""compute_denial_attribution_closes"":true,""electrical_balance_closes"":true,""essential_reserve_architecture_feasible"":true,""executed_le_design"":true,""executed_le_requested"":true,""fdir_never_increases_power"":true,""finite_state"":true,""housekeeping_priority"":true,""no_hidden_clipping"":true,""reserve_never_increases_power"":true,""soc_within_bounds"":true,""warmup_power_deficit_flag"":false}",[]
run,rsim-001-pwr1.1,RSIM-001-PWR1,A0-R_RESERVE_AWARE_ESSENTIAL_LOAD_ADMISSION,ESSENTIAL_RESERVE_FEASIBLE,A0-M_MYOPIC_ADMISSION,non-authoritative reserve-aware admission challenge; unchanged A0 hardware; not attack or spacecraft validation,55fc2d816b210ab18ecf700d22c0a53aa46f86ce,4,power_aware_benign,W4 — power-aware benign,E1_REPRESENTATIVE_ANALYTIC_LEO,POWER_CONSTRAINED,1.0,43200.0,10800.0,43200.0,54777d7ca1eadafb0e1e2f22b84294f0a5a4e1c431784b653c52d1421ca04ad0,b348f00169c885d3849e406bf8ee33c9e3461c493394179d38bcd5672eae6285,,,True,,False,113745.10713707865,2167302.9407060076,0.0,2281048.0478430865,4496842.105263158,0.24373588926534892,2136.0,True,True,26258.54641241913,16177.0,264.0,29958.61108071898,29888.208363192956,970658999.0152949,968377950.9674518,2281048.0478430865,0.0023499993820251426,39024.842113890976,39024.842113890976,341.7590385491009,329.18589825490056,0.0,0,0.0,0.6804909934515675,0.6820939137273098,30bcbe22905f8383cba352e443155b25024d83369f1a9a29bcccb1bd070aed42,-6.007530828355812e-07,0.9,0.6055859835437643,0.2,0.9,955858060.7828494,1451993045.840408,493064578.88282126,462793481.90002817,95396558.11185199,0.0,-3.304473239040817e-05,3.306592361695948e-05,0.0019450576247232293,10.179510186767743,"{""essential_reserve_J"":""maximum_over_full_trace"",""protected_battery_SOC_equivalent"":""maximum_over_full_trace"",""reserve_active"":""any_over_full_trace"",""reserve_denied_compute_W"":""maximum_over_full_trace"",""reserve_limited_compute"":""any_over_full_trace"",""time_until_next_generation_s"":""maximum_over_full_trace""}","{""battery_never_creates_energy"":true,""compute_denial_attribution_closes"":true,""electrical_balance_closes"":true,""essential_reserve_architecture_feasible"":true,""executed_le_design"":true,""executed_le_requested"":true,""fdir_never_increases_power"":true,""finite_state"":true,""housekeeping_priority"":true,""no_hidden_clipping"":true,""reserve_never_increases_power"":true,""soc_within_bounds"":true,""warmup_power_deficit_flag"":false}","[""E1 is a fixed-wall-clock representative environment challenge, not a periodic/steady-state result"",""E1 radiator incidence and Earth-view factors are ASSUMED_EXPLORATORY"",""E1 albedo is a bounded analytic approximation, not a flight environment model""]"
run,rsim-001-pwr1.1,RSIM-001-PWR1,A0-R_RESERVE_AWARE_ESSENTIAL_LOAD_ADMISSION,ESSENTIAL_RESERVE_FEASIBLE,A0-M_MYOPIC_ADMISSION,non-authoritative reserve-aware admission challenge; unchanged A0 hardware; not attack or spacecraft validation,55fc2d816b210ab18ecf700d22c0a53aa46f86ce,4,power_aware_benign,W4 — power-aware benign,E1_REPRESENTATIVE_ANALYTIC_LEO,CLOSED_LOOP,1.0,43200.0,10800.0,43200.0,54777d7ca1eadafb0e1e2f22b84294f0a5a4e1c431784b653c52d1421ca04ad0,b348f00169c885d3849e406bf8ee33c9e3461c493394179d38bcd5672eae6285,RSIM canonical-derived monotone FDIR,30.0,True,,False,113745.10713707865,2167302.9407060076,0.0,2281048.0478430865,4496842.105263158,0.24373588926534892,2136.0,True,True,26258.54641241913,16177.0,264.0,29958.61108071898,29888.208363192956,970658999.0152949,968377950.9674518,2281048.0478430865,0.0023499993820251426,39024.842113890976,39024.842113890976,341.7590385491009,329.18589825490056,0.0,0,0.0,0.6804909934515675,0.6820939137273098,30bcbe22905f8383cba352e443155b25024d83369f1a9a29bcccb1bd070aed42,-6.007530828355812e-07,0.9,0.6055859835437643,0.2,0.9,955858060.7828494,1451993045.840408,493064578.88282126,462793481.90002817,95396558.11185199,0.0,-3.304473239040817e-05,3.306592361695948e-05,0.0019450576247232293,10.179510186767743,"{""essential_reserve_J"":""maximum_over_full_trace"",""protected_battery_SOC_equivalent"":""maximum_over_full_trace"",""reserve_active"":""any_over_full_trace"",""reserve_denied_compute_W"":""maximum_over_full_trace"",""reserve_limited_compute"":""any_over_full_trace"",""time_until_next_generation_s"":""maximum_over_full_trace""}","{""battery_never_creates_energy"":true,""compute_denial_attribution_closes"":true,""electrical_balance_closes"":true,""essential_reserve_architecture_feasible"":true,""executed_le_design"":true,""executed_le_requested"":true,""fdir_never_increases_power"":true,""finite_state"":true,""housekeeping_priority"":true,""no_hidden_clipping"":true,""reserve_never_increases_power"":true,""soc_within_bounds"":true,""warmup_power_deficit_flag"":false}","[""E1 is a fixed-wall-clock representative environment challenge, not a periodic/steady-state result"",""E1 radiator incidence and Earth-view factors are ASSUMED_EXPLORATORY"",""E1 albedo is a bounded analytic approximation, not a flight environment model""]"
run,rsim-001-pwr1.1,RSIM-001-PWR1,A0-R_RESERVE_AWARE_ESSENTIAL_LOAD_ADMISSION,ESSENTIAL_RESERVE_FEASIBLE,A0-M_MYOPIC_ADMISSION,non-authoritative reserve-aware admission challenge; unchanged A0 hardware; not attack or spacecraft validation,55fc2d816b210ab18ecf700d22c0a53aa46f86ce,4,phase_shaped_candidate,W5 — phase-shaped adversarial candidate,E0_CANONICAL,POWER_CONSTRAINED,1.0,43200.0,10800.0,43200.0,1f0e92e570d915491afbf560f6b9d1e593d102867adf8d3226753aca64eda60c,f1e4e90f3f517362d1f0d86129448dbb51a9890353ed63ed0111bae36bf018af,,,True,,False,0.0,0.0,0.0,0.0,4320000.0,0.2420159385639026,2052.0,True,False,0.0,16416.0,0.0,29958.611080718983,29958.611080718983,970658999.0152949,970658999.0152949,0.0,0.0,40000.0,40000.0,341.4287425067863,327.73901797958143,0.0,0,0.0,0.8258090325015975,0.8258090325015975,2439f5b49df6c91ec5e7b1f31c46b9ca668e241b09b26f6f07d0dc4e9caffa03,7.838139026716817e-07,0.9,0.5694795039354185,0.5693483762746634,0.9,509282838.3090519,1439151157.8947375,271633167.9027535,237649670.40629837,66804769.91426583,0.0,-4.188355342193972e-05,4.201341653242707e-05,0.0017107843257974911,17.37716921401244,"{""essential_reserve_J"":""maximum_over_full_trace"",""protected_battery_SOC_equivalent"":""maximum_over_full_trace"",""reserve_active"":""any_over_full_trace"",""reserve_denied_compute_W"":""maximum_over_full_trace"",""reserve_limited_compute"":""any_over_full_trace"",""time_until_next_generation_s"":""maximum_over_full_trace""}","{""battery_never_creates_energy"":true,""compute_denial_attribution_closes"":true,""electrical_balance_closes"":true,""essential_reserve_architecture_feasible"":true,""executed_le_design"":true,""executed_le_requested"":true,""fdir_never_increases_power"":true,""finite_state"":true,""housekeeping_priority"":true,""no_hidden_clipping"":true,""reserve_never_increases_power"":true,""soc_within_bounds"":true,""warmup_power_deficit_flag"":false}",[]
run,rsim-001-pwr1.1,RSIM-001-PWR1,A0-R_RESERVE_AWARE_ESSENTIAL_LOAD_ADMISSION,ESSENTIAL_RESERVE_FEASIBLE,A0-M_MYOPIC_ADMISSION,non-authoritative reserve-aware admission challenge; unchanged A0 hardware; not attack or spacecraft validation,55fc2d816b210ab18ecf700d22c0a53aa46f86ce,4,phase_shaped_candidate,W5 — phase-shaped adversarial candidate,E0_CANONICAL,CLOSED_LOOP,1.0,43200.0,10800.0,43200.0,1f0e92e570d915491afbf560f6b9d1e593d102867adf8d3226753aca64eda60c,f1e4e90f3f517362d1f0d86129448dbb51a9890353ed63ed0111bae36bf018af,RSIM canonical-derived monotone FDIR,30.0,True,,False,0.0,0.0,0.0,0.0,4320000.0,0.2420159385639026,2052.0,True,False,0.0,16416.0,0.0,29958.611080718983,29958.611080718983,970658999.0152949,970658999.0152949,0.0,0.0,40000.0,40000.0,341.4287425067863,327.73901797958143,0.0,0,0.0,0.8258090325015975,0.8258090325015975,2439f5b49df6c91ec5e7b1f31c46b9ca668e241b09b26f6f07d0dc4e9caffa03,7.838139026716817e-07,0.9,0.5694795039354185,0.5693483762746634,0.9,509282838.3090519,1439151157.8947375,271633167.9027535,237649670.40629837,66804769.91426583,0.0,-4.188355342193972e-05,4.201341653242707e-05,0.0017107843257974911,17.37716921401244,"{""essential_reserve_J"":""maximum_over_full_trace"",""protected_battery_SOC_equivalent"":""maximum_over_full_trace"",""reserve_active"":""any_over_full_trace"",""reserve_denied_compute_W"":""maximum_over_full_trace"",""reserve_limited_compute"":""any_over_full_trace"",""time_until_next_generation_s"":""maximum_over_full_trace""}","{""battery_never_creates_energy"":true,""compute_denial_attribution_closes"":true,""electrical_balance_closes"":true,""essential_reserve_architecture_feasible"":true,""executed_le_design"":true,""executed_le_requested"":true,""fdir_never_increases_power"":true,""finite_state"":true,""housekeeping_priority"":true,""no_hidden_clipping"":true,""reserve_never_increases_power"":true,""soc_within_bounds"":true,""warmup_power_deficit_flag"":false}",[]
run,rsim-001-pwr1.1,RSIM-001-PWR1,A0-R_RESERVE_AWARE_ESSENTIAL_LOAD_ADMISSION,ESSENTIAL_RESERVE_FEASIBLE,A0-M_MYOPIC_ADMISSION,non-authoritative reserve-aware admission challenge; unchanged A0 hardware; not attack or spacecraft validation,55fc2d816b210ab18ecf700d22c0a53aa46f86ce,4,phase_shaped_candidate,W5 — phase-shaped adversarial candidate,E1_REPRESENTATIVE_ANALYTIC_LEO,POWER_CONSTRAINED,1.0,43200.0,10800.0,43200.0,1f0e92e570d915491afbf560f6b9d1e593d102867adf8d3226753aca64eda60c,b348f00169c885d3849e406bf8ee33c9e3461c493394179d38bcd5672eae6285,,,True,,False,0.0,0.0,0.0,0.0,4496842.105263158,0.24373588926534892,2136.0,True,True,14451.141124654047,16177.0,412.0,29958.611080718983,29958.611080718983,970658999.0152949,970658999.0152949,0.0,0.0,40000.0,40000.0,348.32954601816533,334.4545983689926,143.0,0,0.0,0.7670353474031959,0.7670353474031959,66a778cf2cdb2c0a2e54bf137645d31f84476f93d7e7c1c1b6830c1690956f6b,-3.157784703944344e-06,0.9,0.702650350290878,0.2,0.9,786945200.9317448,1451993045.840408,403618160.88749397,383327040.0442507,57323598.67372443,0.0,-2.0421082354005193e-05,2.0421082354005193e-05,0.0018556112067279018,16.750017655832153,"{""essential_reserve_J"":""maximum_over_full_trace"",""protected_battery_SOC_equivalent"":""maximum_over_full_trace"",""reserve_active"":""any_over_full_trace"",""reserve_denied_compute_W"":""maximum_over_full_trace"",""reserve_limited_compute"":""any_over_full_trace"",""time_until_next_generation_s"":""maximum_over_full_trace""}","{""battery_never_creates_energy"":true,""compute_denial_attribution_closes"":true,""electrical_balance_closes"":true,""essential_reserve_architecture_feasible"":true,""executed_le_design"":true,""executed_le_requested"":true,""fdir_never_increases_power"":true,""finite_state"":true,""housekeeping_priority"":true,""no_hidden_clipping"":true,""reserve_never_increases_power"":true,""soc_within_bounds"":true,""warmup_power_deficit_flag"":false}","[""E1 is a fixed-wall-clock representative environment challenge, not a periodic/steady-state result"",""E1 radiator incidence and Earth-view factors are ASSUMED_EXPLORATORY"",""E1 albedo is a bounded analytic approximation, not a flight environment model""]"
run,rsim-001-pwr1.1,RSIM-001-PWR1,A0-R_RESERVE_AWARE_ESSENTIAL_LOAD_ADMISSION,ESSENTIAL_RESERVE_FEASIBLE,A0-M_MYOPIC_ADMISSION,non-authoritative reserve-aware admission challenge; unchanged A0 hardware; not attack or spacecraft validation,55fc2d816b210ab18ecf700d22c0a53aa46f86ce,4,phase_shaped_candidate,W5 — phase-shaped adversarial candidate,E1_REPRESENTATIVE_ANALYTIC_LEO,CLOSED_LOOP,1.0,43200.0,10800.0,43200.0,1f0e92e570d915491afbf560f6b9d1e593d102867adf8d3226753aca64eda60c,b348f00169c885d3849e406bf8ee33c9e3461c493394179d38bcd5672eae6285,RSIM canonical-derived monotone FDIR,30.0,True,,False,0.0,0.0,2370913.2523074015,2370913.2523074015,4496842.105263158,0.24373588926534892,2136.0,True,True,14451.141124654047,16177.0,412.0,29958.611080718983,29885.43474577122,970658999.0152949,968288085.7629875,2370913.2523074015,0.002442581024554064,40000.0,40000.0,348.2044984509952,334.4191450707912,31.0,1,85.0,0.7670353474031959,0.7664649190458896,e2b22a3fabb79c92898907f873ce5dc8196f3dccf12ae7d6baa5da82fb191b0f,-2.531237896619132e-06,0.9,0.702650350290878,0.2,0.9,786945200.9317449,1451993045.840408,403618160.88749397,383327040.0442509,59694511.92603162,0.0,-2.0228043922543293e-05,2.0228043922543293e-05,0.0018556112067279018,16.624970088661996,"{""essential_reserve_J"":""maximum_over_full_trace"",""protected_battery_SOC_equivalent"":""maximum_over_full_trace"",""reserve_active"":""any_over_full_trace"",""reserve_denied_compute_W"":""maximum_over_full_trace"",""reserve_limited_compute"":""any_over_full_trace"",""time_until_next_generation_s"":""maximum_over_full_trace""}","{""battery_never_creates_energy"":true,""compute_denial_attribution_closes"":true,""electrical_balance_closes"":true,""essential_reserve_architecture_feasible"":true,""executed_le_design"":true,""executed_le_requested"":true,""fdir_never_increases_power"":true,""finite_state"":true,""housekeeping_priority"":true,""no_hidden_clipping"":true,""reserve_never_increases_power"":true,""soc_within_bounds"":true,""warmup_power_deficit_flag"":false}","[""E1 is a fixed-wall-clock representative environment challenge, not a periodic/steady-state result"",""E1 radiator incidence and Earth-view factors are ASSUMED_EXPLORATORY"",""E1 albedo is a bounded analytic approximation, not a flight environment model""]"
run,rsim-001-pwr1.1,RSIM-001-PWR1,A0-R_RESERVE_AWARE_ESSENTIAL_LOAD_ADMISSION,ESSENTIAL_RESERVE_FEASIBLE,A0-M_MYOPIC_ADMISSION,non-authoritative reserve-aware admission challenge; unchanged A0 hardware; not attack or spacecraft validation,55fc2d816b210ab18ecf700d22c0a53aa46f86ce,5,constant_reference,W0 — constant reference,E0_CANONICAL,POWER_CONSTRAINED,1.0,43200.0,10800.0,43200.0,48338dfbdd84972e673044cec76e3031af9d10b93025ff1ca688e604a49eb591,f1e4e90f3f517362d1f0d86129448dbb51a9890353ed63ed0111bae36bf018af,,,True,,False,0.0,0.0,0.0,0.0,4320000.0,0.2420159385639026,2052.0,True,False,0.0,16416.0,0.0,29954.90285855765,29954.90285855765,970538852.6172678,970538852.6172678,0.0,0.0,29954.90285855765,29954.90285855765,324.04396348559067,313.4793260269897,0.0,0,0.0,0.62,0.62,fd9857e1b073687212812f557e490f86f2881d0a83fda4345493de2b3dcbcfcb,-1.3561020750785246e-08,0.9,0.22869238233969005,0.22869238233969005,0.9,1035338852.6172245,1439151157.8947375,552180721.3958762,483158131.22134835,74683533.18234108,0.0,-6.130826659500599e-05,6.133654824225232e-05,0.0019913318792906137,0.0,"{""essential_reserve_J"":""maximum_over_full_trace"",""protected_battery_SOC_equivalent"":""maximum_over_full_trace"",""reserve_active"":""any_over_full_trace"",""reserve_denied_compute_W"":""maximum_over_full_trace"",""reserve_limited_compute"":""any_over_full_trace"",""time_until_next_generation_s"":""maximum_over_full_trace""}","{""battery_never_creates_energy"":true,""compute_denial_attribution_closes"":true,""electrical_balance_closes"":true,""essential_reserve_architecture_feasible"":true,""executed_le_design"":true,""executed_le_requested"":true,""fdir_never_increases_power"":true,""finite_state"":true,""housekeeping_priority"":true,""no_hidden_clipping"":true,""reserve_never_increases_power"":true,""soc_within_bounds"":true,""warmup_power_deficit_flag"":false}",[]
run,rsim-001-pwr1.1,RSIM-001-PWR1,A0-R_RESERVE_AWARE_ESSENTIAL_LOAD_ADMISSION,ESSENTIAL_RESERVE_FEASIBLE,A0-M_MYOPIC_ADMISSION,non-authoritative reserve-aware admission challenge; unchanged A0 hardware; not attack or spacecraft validation,55fc2d816b210ab18ecf700d22c0a53aa46f86ce,5,constant_reference,W0 — constant reference,E0_CANONICAL,CLOSED_LOOP,1.0,43200.0,10800.0,43200.0,48338dfbdd84972e673044cec76e3031af9d10b93025ff1ca688e604a49eb591,f1e4e90f3f517362d1f0d86129448dbb51a9890353ed63ed0111bae36bf018af,RSIM canonical-derived monotone FDIR,30.0,True,,False,0.0,0.0,0.0,0.0,4320000.0,0.2420159385639026,2052.0,True,False,0.0,16416.0,0.0,29954.90285855765,29954.90285855765,970538852.6172678,970538852.6172678,0.0,0.0,29954.90285855765,29954.90285855765,324.04396348559067,313.4793260269897,0.0,0,0.0,0.62,0.62,fd9857e1b073687212812f557e490f86f2881d0a83fda4345493de2b3dcbcfcb,-1.3561020750785246e-08,0.9,0.22869238233969005,0.22869238233969005,0.9,1035338852.6172245,1439151157.8947375,552180721.3958762,483158131.22134835,74683533.18234108,0.0,-6.130826659500599e-05,6.133654824225232e-05,0.0019913318792906137,0.0,"{""essential_reserve_J"":""maximum_over_full_trace"",""protected_battery_SOC_equivalent"":""maximum_over_full_trace"",""reserve_active"":""any_over_full_trace"",""reserve_denied_compute_W"":""maximum_over_full_trace"",""reserve_limited_compute"":""any_over_full_trace"",""time_until_next_generation_s"":""maximum_over_full_trace""}","{""battery_never_creates_energy"":true,""compute_denial_attribution_closes"":true,""electrical_balance_closes"":true,""essential_reserve_architecture_feasible"":true,""executed_le_design"":true,""executed_le_requested"":true,""fdir_never_increases_power"":true,""finite_state"":true,""housekeeping_priority"":true,""no_hidden_clipping"":true,""reserve_never_increases_power"":true,""soc_within_bounds"":true,""warmup_power_deficit_flag"":false}",[]
run,rsim-001-pwr1.1,RSIM-001-PWR1,A0-R_RESERVE_AWARE_ESSENTIAL_LOAD_ADMISSION,ESSENTIAL_RESERVE_FEASIBLE,A0-M_MYOPIC_ADMISSION,non-authoritative reserve-aware admission challenge; unchanged A0 hardware; not attack or spacecraft validation,55fc2d816b210ab18ecf700d22c0a53aa46f86ce,5,constant_reference,W0 — constant reference,E1_REPRESENTATIVE_ANALYTIC_LEO,POWER_CONSTRAINED,1.0,43200.0,10800.0,43200.0,48338dfbdd84972e673044cec76e3031af9d10b93025ff1ca688e604a49eb591,b348f00169c885d3849e406bf8ee33c9e3461c493394179d38bcd5672eae6285,,,True,,False,0.0,0.0,0.0,0.0,4496842.105263158,0.24373588926534892,2136.0,True,False,0.0,16177.0,0.0,29954.90285855765,29954.90285855765,970538852.6172678,970538852.6172678,0.0,0.0,29954.90285855765,29954.90285855765,331.57231247394503,320.9603101786311,0.0,0,0.0,0.6325617283950616,0.6325617283950616,fd9857e1b073687212812f557e490f86f2881d0a83fda4345493de2b3dcbcfcb,2.619020960992202e-06,0.9,0.4992437467670996,0.2012119535465776,0.9,1047078074.825264,1451993045.840408,544141540.57146,502936534.2538041,59068827.73170513,0.0,-5.578708805842325e-05,5.696466541849077e-05,0.001996134586411868,0.0,"{""essential_reserve_J"":""maximum_over_full_trace"",""protected_battery_SOC_equivalent"":""maximum_over_full_trace"",""reserve_active"":""any_over_full_trace"",""reserve_denied_compute_W"":""maximum_over_full_trace"",""reserve_limited_compute"":""any_over_full_trace"",""time_until_next_generation_s"":""maximum_over_full_trace""}","{""battery_never_creates_energy"":true,""compute_denial_attribution_closes"":true,""electrical_balance_closes"":true,""essential_reserve_architecture_feasible"":true,""executed_le_design"":true,""executed_le_requested"":true,""fdir_never_increases_power"":true,""finite_state"":true,""housekeeping_priority"":true,""no_hidden_clipping"":true,""reserve_never_increases_power"":true,""soc_within_bounds"":true,""warmup_power_deficit_flag"":false}","[""E1 is a fixed-wall-clock representative environment challenge, not a periodic/steady-state result"",""E1 radiator incidence and Earth-view factors are ASSUMED_EXPLORATORY"",""E1 albedo is a bounded analytic approximation, not a flight environment model""]"
run,rsim-001-pwr1.1,RSIM-001-PWR1,A0-R_RESERVE_AWARE_ESSENTIAL_LOAD_ADMISSION,ESSENTIAL_RESERVE_FEASIBLE,A0-M_MYOPIC_ADMISSION,non-authoritative reserve-aware admission challenge; unchanged A0 hardware; not attack or spacecraft validation,55fc2d816b210ab18ecf700d22c0a53aa46f86ce,5,constant_reference,W0 — constant reference,E1_REPRESENTATIVE_ANALYTIC_LEO,CLOSED_LOOP,1.0,43200.0,10800.0,43200.0,48338dfbdd84972e673044cec76e3031af9d10b93025ff1ca688e604a49eb591,b348f00169c885d3849e406bf8ee33c9e3461c493394179d38bcd5672eae6285,RSIM canonical-derived monotone FDIR,30.0,True,,False,0.0,0.0,0.0,0.0,4496842.105263158,0.24373588926534892,2136.0,True,False,0.0,16177.0,0.0,29954.90285855765,29954.90285855765,970538852.6172678,970538852.6172678,0.0,0.0,29954.90285855765,29954.90285855765,331.57231247394503,320.9603101786311,0.0,0,0.0,0.6325617283950616,0.6325617283950616,fd9857e1b073687212812f557e490f86f2881d0a83fda4345493de2b3dcbcfcb,2.619020960992202e-06,0.9,0.4992437467670996,0.2012119535465776,0.9,1047078074.825264,1451993045.840408,544141540.57146,502936534.2538041,59068827.73170513,0.0,-5.578708805842325e-05,5.696466541849077e-05,0.001996134586411868,0.0,"{""essential_reserve_J"":""maximum_over_full_trace"",""protected_battery_SOC_equivalent"":""maximum_over_full_trace"",""reserve_active"":""any_over_full_trace"",""reserve_denied_compute_W"":""maximum_over_full_trace"",""reserve_limited_compute"":""any_over_full_trace"",""time_until_next_generation_s"":""maximum_over_full_trace""}","{""battery_never_creates_energy"":true,""compute_denial_attribution_closes"":true,""electrical_balance_closes"":true,""essential_reserve_architecture_feasible"":true,""executed_le_design"":true,""executed_le_requested"":true,""fdir_never_increases_power"":true,""finite_state"":true,""housekeeping_priority"":true,""no_hidden_clipping"":true,""reserve_never_increases_power"":true,""soc_within_bounds"":true,""warmup_power_deficit_flag"":false}","[""E1 is a fixed-wall-clock representative environment challenge, not a periodic/steady-state result"",""E1 radiator incidence and Earth-view factors are ASSUMED_EXPLORATORY"",""E1 albedo is a bounded analytic approximation, not a flight environment model""]"
run,rsim-001-pwr1.1,RSIM-001-PWR1,A0-R_RESERVE_AWARE_ESSENTIAL_LOAD_ADMISSION,ESSENTIAL_RESERVE_FEASIBLE,A0-M_MYOPIC_ADMISSION,non-authoritative reserve-aware admission challenge; unchanged A0 hardware; not attack or spacecraft validation,55fc2d816b210ab18ecf700d22c0a53aa46f86ce,5,diversified_stochastic,W1 — diversified stochastic,E0_CANONICAL,POWER_CONSTRAINED,1.0,43200.0,10800.0,43200.0,1b55ce0a4d2071f4a378b9aa88b282af04301e6a26facbb440a61c10972fc723,f1e4e90f3f517362d1f0d86129448dbb51a9890353ed63ed0111bae36bf018af,,,True,,False,0.0,0.0,0.0,0.0,4320000.0,0.2420159385639026,2052.0,True,False,0.0,16416.0,0.0,29954.90285855765,29954.90285855765,970538852.6172678,970538852.6172678,0.0,0.0,36701.57755227942,36701.57755227942,325.934097175033,315.05572801357073,0.0,0,0.0,0.6216066777207112,0.6216066777207112,510f3507db5eb800554501a05dac89bd089dfde73f8a57542e692c4736f27b97,-1.3596950338978786e-06,0.9,0.2272361626535966,0.20682750629273028,0.9,1036475775.584995,1439151157.8947375,552824045.7681923,483651729.81680286,72850836.46934548,0.0,-1.510136280558072e-05,1.523577157058753e-05,0.00199197520366293,1.8901336894423366,"{""essential_reserve_J"":""maximum_over_full_trace"",""protected_battery_SOC_equivalent"":""maximum_over_full_trace"",""reserve_active"":""any_over_full_trace"",""reserve_denied_compute_W"":""maximum_over_full_trace"",""reserve_limited_compute"":""any_over_full_trace"",""time_until_next_generation_s"":""maximum_over_full_trace""}","{""battery_never_creates_energy"":true,""compute_denial_attribution_closes"":true,""electrical_balance_closes"":true,""essential_reserve_architecture_feasible"":true,""executed_le_design"":true,""executed_le_requested"":true,""fdir_never_increases_power"":true,""finite_state"":true,""housekeeping_priority"":true,""no_hidden_clipping"":true,""reserve_never_increases_power"":true,""soc_within_bounds"":true,""warmup_power_deficit_flag"":false}",[]
run,rsim-001-pwr1.1,RSIM-001-PWR1,A0-R_RESERVE_AWARE_ESSENTIAL_LOAD_ADMISSION,ESSENTIAL_RESERVE_FEASIBLE,A0-M_MYOPIC_ADMISSION,non-authoritative reserve-aware admission challenge; unchanged A0 hardware; not attack or spacecraft validation,55fc2d816b210ab18ecf700d22c0a53aa46f86ce,5,diversified_stochastic,W1 — diversified stochastic,E0_CANONICAL,CLOSED_LOOP,1.0,43200.0,10800.0,43200.0,1b55ce0a4d2071f4a378b9aa88b282af04301e6a26facbb440a61c10972fc723,f1e4e90f3f517362d1f0d86129448dbb51a9890353ed63ed0111bae36bf018af,RSIM canonical-derived monotone FDIR,30.0,True,,False,0.0,0.0,0.0,0.0,4320000.0,0.2420159385639026,2052.0,True,False,0.0,16416.0,0.0,29954.90285855765,29954.90285855765,970538852.6172678,970538852.6172678,0.0,0.0,36701.57755227942,36701.57755227942,325.934097175033,315.05572801357073,0.0,0,0.0,0.6216066777207112,0.6216066777207112,510f3507db5eb800554501a05dac89bd089dfde73f8a57542e692c4736f27b97,-1.3596950338978786e-06,0.9,0.2272361626535966,0.20682750629273028,0.9,1036475775.584995,1439151157.8947375,552824045.7681923,483651729.81680286,72850836.46934548,0.0,-1.510136280558072e-05,1.523577157058753e-05,0.00199197520366293,1.8901336894423366,"{""essential_reserve_J"":""maximum_over_full_trace"",""protected_battery_SOC_equivalent"":""maximum_over_full_trace"",""reserve_active"":""any_over_full_trace"",""reserve_denied_compute_W"":""maximum_over_full_trace"",""reserve_limited_compute"":""any_over_full_trace"",""time_until_next_generation_s"":""maximum_over_full_trace""}","{""battery_never_creates_energy"":true,""compute_denial_attribution_closes"":true,""electrical_balance_closes"":true,""essential_reserve_architecture_feasible"":true,""executed_le_design"":true,""executed_le_requested"":true,""fdir_never_increases_power"":true,""finite_state"":true,""housekeeping_priority"":true,""no_hidden_clipping"":true,""reserve_never_increases_power"":true,""soc_within_bounds"":true,""warmup_power_deficit_flag"":false}",[]
run,rsim-001-pwr1.1,RSIM-001-PWR1,A0-R_RESERVE_AWARE_ESSENTIAL_LOAD_ADMISSION,ESSENTIAL_RESERVE_FEASIBLE,A0-M_MYOPIC_ADMISSION,non-authoritative reserve-aware admission challenge; unchanged A0 hardware; not attack or spacecraft validation,55fc2d816b210ab18ecf700d22c0a53aa46f86ce,5,diversified_stochastic,W1 — diversified stochastic,E1_REPRESENTATIVE_ANALYTIC_LEO,POWER_CONSTRAINED,1.0,43200.0,10800.0,43200.0,1b55ce0a4d2071f4a378b9aa88b282af04301e6a26facbb440a61c10972fc723,b348f00169c885d3849e406bf8ee33c9e3461c493394179d38bcd5672eae6285,,,True,,False,573408.2235632391,1766687.1897193722,0.0,2340095.4132826114,4496842.105263158,0.24373588926534892,2136.0,True,True,35393.56331481196,16177.0,111.0,29954.90285855765,29882.677691481025,970538852.6172678,968198757.2039852,2340095.4132826114,0.002411130071683414,36701.57755227942,36701.57755227942,333.4912641058402,322.53939773234845,0.0,0,0.0,0.6332400956320328,0.6347706101387591,a194ebc9236e36aa7e489bfe8485ab0eeff03c5db8ed481d3fd7175a7ea73ea7,-3.9148835639934987e-07,0.9,0.514852806576107,0.2,0.9,1041271345.0825505,1451993045.840408,540435728.5731151,500835616.50943553,59519018.62769296,0.0,-1.49587413034169e-05,1.4972878489061259e-05,0.001992428774413523,1.9189516318951405,"{""essential_reserve_J"":""maximum_over_full_trace"",""protected_battery_SOC_equivalent"":""maximum_over_full_trace"",""reserve_active"":""any_over_full_trace"",""reserve_denied_compute_W"":""maximum_over_full_trace"",""reserve_limited_compute"":""any_over_full_trace"",""time_until_next_generation_s"":""maximum_over_full_trace""}","{""battery_never_creates_energy"":true,""compute_denial_attribution_closes"":true,""electrical_balance_closes"":true,""essential_reserve_architecture_feasible"":true,""executed_le_design"":true,""executed_le_requested"":true,""fdir_never_increases_power"":true,""finite_state"":true,""housekeeping_priority"":true,""no_hidden_clipping"":true,""reserve_never_increases_power"":true,""soc_within_bounds"":true,""warmup_power_deficit_flag"":false}","[""E1 is a fixed-wall-clock representative environment challenge, not a periodic/steady-state result"",""E1 radiator incidence and Earth-view factors are ASSUMED_EXPLORATORY"",""E1 albedo is a bounded analytic approximation, not a flight environment model""]"
run,rsim-001-pwr1.1,RSIM-001-PWR1,A0-R_RESERVE_AWARE_ESSENTIAL_LOAD_ADMISSION,ESSENTIAL_RESERVE_FEASIBLE,A0-M_MYOPIC_ADMISSION,non-authoritative reserve-aware admission challenge; unchanged A0 hardware; not attack or spacecraft validation,55fc2d816b210ab18ecf700d22c0a53aa46f86ce,5,diversified_stochastic,W1 — diversified stochastic,E1_REPRESENTATIVE_ANALYTIC_LEO,CLOSED_LOOP,1.0,43200.0,10800.0,43200.0,1b55ce0a4d2071f4a378b9aa88b282af04301e6a26facbb440a61c10972fc723,b348f00169c885d3849e406bf8ee33c9e3461c493394179d38bcd5672eae6285,RSIM canonical-derived monotone FDIR,30.0,True,,False,573408.2235632391,1766687.1897193722,0.0,2340095.4132826114,4496842.105263158,0.24373588926534892,2136.0,True,True,35393.56331481196,16177.0,111.0,29954.90285855765,29882.677691481025,970538852.6172678,968198757.2039852,2340095.4132826114,0.002411130071683414,36701.57755227942,36701.57755227942,333.4912641058402,322.53939773234845,0.0,0,0.0,0.6332400956320328,0.6347706101387591,a194ebc9236e36aa7e489bfe8485ab0eeff03c5db8ed481d3fd7175a7ea73ea7,-3.9148835639934987e-07,0.9,0.514852806576107,0.2,0.9,1041271345.0825505,1451993045.840408,540435728.5731151,500835616.50943553,59519018.62769296,0.0,-1.49587413034169e-05,1.4972878489061259e-05,0.001992428774413523,1.9189516318951405,"{""essential_reserve_J"":""maximum_over_full_trace"",""protected_battery_SOC_equivalent"":""maximum_over_full_trace"",""reserve_active"":""any_over_full_trace"",""reserve_denied_compute_W"":""maximum_over_full_trace"",""reserve_limited_compute"":""any_over_full_trace"",""time_until_next_generation_s"":""maximum_over_full_trace""}","{""battery_never_creates_energy"":true,""compute_denial_attribution_closes"":true,""electrical_balance_closes"":true,""essential_reserve_architecture_feasible"":true,""executed_le_design"":true,""executed_le_requested"":true,""fdir_never_increases_power"":true,""finite_state"":true,""housekeeping_priority"":true,""no_hidden_clipping"":true,""reserve_never_increases_power"":true,""soc_within_bounds"":true,""warmup_power_deficit_flag"":false}","[""E1 is a fixed-wall-clock representative environment challenge, not a periodic/steady-state result"",""E1 radiator incidence and Earth-view factors are ASSUMED_EXPLORATORY"",""E1 albedo is a bounded analytic approximation, not a flight environment model""]"
run,rsim-001-pwr1.1,RSIM-001-PWR1,A0-R_RESERVE_AWARE_ESSENTIAL_LOAD_ADMISSION,ESSENTIAL_RESERVE_FEASIBLE,A0-M_MYOPIC_ADMISSION,non-authoritative reserve-aware admission challenge; unchanged A0 hardware; not attack or spacecraft validation,55fc2d816b210ab18ecf700d22c0a53aa46f86ce,5,bursty_benign,W2 — bursty benign,E0_CANONICAL,POWER_CONSTRAINED,1.0,43200.0,10800.0,43200.0,1aaa6166d52ba2db6259848746a13d068f7260358fb0d678932737a604531fc2,f1e4e90f3f517362d1f0d86129448dbb51a9890353ed63ed0111bae36bf018af,,,True,,False,144832.2199041015,13020804.38075736,0.0,13165636.600661462,4320000.0,0.2420159385639026,2052.0,True,True,39615.77911549257,16416.0,538.0,29954.90285855765,29548.556049895262,970538852.6172678,957373216.0166063,13165636.600661462,0.013565285475339268,39615.77911549257,39615.77911549257,334.18212338995426,321.5786008215691,0.0,0,0.0,0.6303962076287358,0.6390653110099727,764f2cc8c4feec8a37be2ca8ac153e717f008fa340e488a9f8857702277e9ece,5.832916940562427e-07,0.9,0.25239094773667625,0.2,0.9,988149043.9762247,1439151157.8947375,527367496.05225325,460781547.92397153,98457599.06258622,0.0,-9.615967428544536e-06,1.7603767446416896e-05,0.0019665186539469907,10.13815990436359,"{""essential_reserve_J"":""maximum_over_full_trace"",""protected_battery_SOC_equivalent"":""maximum_over_full_trace"",""reserve_active"":""any_over_full_trace"",""reserve_denied_compute_W"":""maximum_over_full_trace"",""reserve_limited_compute"":""any_over_full_trace"",""time_until_next_generation_s"":""maximum_over_full_trace""}","{""battery_never_creates_energy"":true,""compute_denial_attribution_closes"":true,""electrical_balance_closes"":true,""essential_reserve_architecture_feasible"":true,""executed_le_design"":true,""executed_le_requested"":true,""fdir_never_increases_power"":true,""finite_state"":true,""housekeeping_priority"":true,""no_hidden_clipping"":true,""reserve_never_increases_power"":true,""soc_within_bounds"":true,""warmup_power_deficit_flag"":false}",[]
run,rsim-001-pwr1.1,RSIM-001-PWR1,A0-R_RESERVE_AWARE_ESSENTIAL_LOAD_ADMISSION,ESSENTIAL_RESERVE_FEASIBLE,A0-M_MYOPIC_ADMISSION,non-authoritative reserve-aware admission challenge; unchanged A0 hardware; not attack or spacecraft validation,55fc2d816b210ab18ecf700d22c0a53aa46f86ce,5,bursty_benign,W2 — bursty benign,E0_CANONICAL,CLOSED_LOOP,1.0,43200.0,10800.0,43200.0,1aaa6166d52ba2db6259848746a13d068f7260358fb0d678932737a604531fc2,f1e4e90f3f517362d1f0d86129448dbb51a9890353ed63ed0111bae36bf018af,RSIM canonical-derived monotone FDIR,30.0,True,,False,144832.2199041015,13020804.38075736,0.0,13165636.600661462,4320000.0,0.2420159385639026,2052.0,True,True,39615.77911549257,16416.0,538.0,29954.90285855765,29548.556049895262,970538852.6172678,957373216.0166063,13165636.600661462,0.013565285475339268,39615.77911549257,39615.77911549257,334.18212338995426,321.5786008215691,0.0,0,0.0,0.6303962076287358,0.6390653110099727,764f2cc8c4feec8a37be2ca8ac153e717f008fa340e488a9f8857702277e9ece,5.832916940562427e-07,0.9,0.25239094773667625,0.2,0.9,988149043.9762247,1439151157.8947375,527367496.05225325,460781547.92397153,98457599.06258622,0.0,-9.615967428544536e-06,1.7603767446416896e-05,0.0019665186539469907,10.13815990436359,"{""essential_reserve_J"":""maximum_over_full_trace"",""protected_battery_SOC_equivalent"":""maximum_over_full_trace"",""reserve_active"":""any_over_full_trace"",""reserve_denied_compute_W"":""maximum_over_full_trace"",""reserve_limited_compute"":""any_over_full_trace"",""time_until_next_generation_s"":""maximum_over_full_trace""}","{""battery_never_creates_energy"":true,""compute_denial_attribution_closes"":true,""electrical_balance_closes"":true,""essential_reserve_architecture_feasible"":true,""executed_le_design"":true,""executed_le_requested"":true,""fdir_never_increases_power"":true,""finite_state"":true,""housekeeping_priority"":true,""no_hidden_clipping"":true,""reserve_never_increases_power"":true,""soc_within_bounds"":true,""warmup_power_deficit_flag"":false}",[]
run,rsim-001-pwr1.1,RSIM-001-PWR1,A0-R_RESERVE_AWARE_ESSENTIAL_LOAD_ADMISSION,ESSENTIAL_RESERVE_FEASIBLE,A0-M_MYOPIC_ADMISSION,non-authoritative reserve-aware admission challenge; unchanged A0 hardware; not attack or spacecraft validation,55fc2d816b210ab18ecf700d22c0a53aa46f86ce,5,bursty_benign,W2 — bursty benign,E1_REPRESENTATIVE_ANALYTIC_LEO,POWER_CONSTRAINED,1.0,43200.0,10800.0,43200.0,1aaa6166d52ba2db6259848746a13d068f7260358fb0d678932737a604531fc2,b348f00169c885d3849e406bf8ee33c9e3461c493394179d38bcd5672eae6285,,,True,,False,725808.6849568019,14985565.709992811,0.0,15711374.394949611,4496842.105263158,0.24373588926534892,2136.0,True,True,39615.77911549257,16177.0,676.0,29954.90285855765,29469.983895750567,970538852.6172678,954827478.2223182,15711374.394949611,0.01618830029584132,39615.77911549257,39615.77911549257,342.27172769270635,329.6052652267457,0.0,0,0.0,0.6273898838503694,0.6377133795410559,7957c1285066d96cf1f377eaeae6c032b9ea28e3869852484568639b41215880,-1.206802608066937e-06,0.9,0.5068125451834539,0.2,0.9,1011321278.1964787,1451993045.840408,525874037.4283019,485447240.7681769,85408835.28994477,0.0,-9.297014457843034e-06,1.4994730008766055e-05,0.00197786708326871,10.699415218761317,"{""essential_reserve_J"":""maximum_over_full_trace"",""protected_battery_SOC_equivalent"":""maximum_over_full_trace"",""reserve_active"":""any_over_full_trace"",""reserve_denied_compute_W"":""maximum_over_full_trace"",""reserve_limited_compute"":""any_over_full_trace"",""time_until_next_generation_s"":""maximum_over_full_trace""}","{""battery_never_creates_energy"":true,""compute_denial_attribution_closes"":true,""electrical_balance_closes"":true,""essential_reserve_architecture_feasible"":true,""executed_le_design"":true,""executed_le_requested"":true,""fdir_never_increases_power"":true,""finite_state"":true,""housekeeping_priority"":true,""no_hidden_clipping"":true,""reserve_never_increases_power"":true,""soc_within_bounds"":true,""warmup_power_deficit_flag"":false}","[""E1 is a fixed-wall-clock representative environment challenge, not a periodic/steady-state result"",""E1 radiator incidence and Earth-view factors are ASSUMED_EXPLORATORY"",""E1 albedo is a bounded analytic approximation, not a flight environment model""]"
run,rsim-001-pwr1.1,RSIM-001-PWR1,A0-R_RESERVE_AWARE_ESSENTIAL_LOAD_ADMISSION,ESSENTIAL_RESERVE_FEASIBLE,A0-M_MYOPIC_ADMISSION,non-authoritative reserve-aware admission challenge; unchanged A0 hardware; not attack or spacecraft validation,55fc2d816b210ab18ecf700d22c0a53aa46f86ce,5,bursty_benign,W2 — bursty benign,E1_REPRESENTATIVE_ANALYTIC_LEO,CLOSED_LOOP,1.0,43200.0,10800.0,43200.0,1aaa6166d52ba2db6259848746a13d068f7260358fb0d678932737a604531fc2,b348f00169c885d3849e406bf8ee33c9e3461c493394179d38bcd5672eae6285,RSIM canonical-derived monotone FDIR,30.0,True,,False,725808.6849568019,14985565.709992811,0.0,15711374.394949611,4496842.105263158,0.24373588926534892,2136.0,True,True,39615.77911549257,16177.0,676.0,29954.90285855765,29469.983895750567,970538852.6172678,954827478.2223182,15711374.394949611,0.01618830029584132,39615.77911549257,39615.77911549257,342.27172769270635,329.6052652267457,0.0,0,0.0,0.6273898838503694,0.6377133795410559,7957c1285066d96cf1f377eaeae6c032b9ea28e3869852484568639b41215880,-1.206802608066937e-06,0.9,0.5068125451834539,0.2,0.9,1011321278.1964787,1451993045.840408,525874037.4283019,485447240.7681769,85408835.28994477,0.0,-9.297014457843034e-06,1.4994730008766055e-05,0.00197786708326871,10.699415218761317,"{""essential_reserve_J"":""maximum_over_full_trace"",""protected_battery_SOC_equivalent"":""maximum_over_full_trace"",""reserve_active"":""any_over_full_trace"",""reserve_denied_compute_W"":""maximum_over_full_trace"",""reserve_limited_compute"":""any_over_full_trace"",""time_until_next_generation_s"":""maximum_over_full_trace""}","{""battery_never_creates_energy"":true,""compute_denial_attribution_closes"":true,""electrical_balance_closes"":true,""essential_reserve_architecture_feasible"":true,""executed_le_design"":true,""executed_le_requested"":true,""fdir_never_increases_power"":true,""finite_state"":true,""housekeeping_priority"":true,""no_hidden_clipping"":true,""reserve_never_increases_power"":true,""soc_within_bounds"":true,""warmup_power_deficit_flag"":false}","[""E1 is a fixed-wall-clock representative environment challenge, not a periodic/steady-state result"",""E1 radiator incidence and Earth-view factors are ASSUMED_EXPLORATORY"",""E1 albedo is a bounded analytic approximation, not a flight environment model""]"
run,rsim-001-pwr1.1,RSIM-001-PWR1,A0-R_RESERVE_AWARE_ESSENTIAL_LOAD_ADMISSION,ESSENTIAL_RESERVE_FEASIBLE,A0-M_MYOPIC_ADMISSION,non-authoritative reserve-aware admission challenge; unchanged A0 hardware; not attack or spacecraft validation,55fc2d816b210ab18ecf700d22c0a53aa46f86ce,5,queue_driven_benign,W3 — queue-driven benign,E0_CANONICAL,POWER_CONSTRAINED,1.0,43200.0,10800.0,43200.0,4d0346b035b1fd5741968fa71fbe3034f1c80d7cbc85f637f523978677d7ddf7,f1e4e90f3f517362d1f0d86129448dbb51a9890353ed63ed0111bae36bf018af,,,True,,False,934632.7915102073,9567286.95612592,0.0,10501919.747636128,4320000.0,0.2420159385639026,2052.0,True,True,40000.0,16416.0,301.0,29954.90285855765,29630.769533013325,970538852.6172678,960036932.8696316,10501919.747636128,0.010820710288223321,38622.45198935486,38622.45198935486,332.76610094634157,320.30905150856125,0.0,0,0.0,0.6164992150174242,0.62324314856719,cbd3bfae752bb096c0826d8660b6a319e56b522b84588c02998b1caba1623f82,1.3326489352039061e-06,0.9,0.2,0.2,0.9,1023550158.2366354,1439151157.8947375,547761422.6745853,475788735.5620499,90938505.9960826,0.0,2.16977377931471e-06,1.4991656371421413e-05,0.0019869125805693226,8.7221374607509,"{""essential_reserve_J"":""maximum_over_full_trace"",""protected_battery_SOC_equivalent"":""maximum_over_full_trace"",""reserve_active"":""any_over_full_trace"",""reserve_denied_compute_W"":""maximum_over_full_trace"",""reserve_limited_compute"":""any_over_full_trace"",""time_until_next_generation_s"":""maximum_over_full_trace""}","{""battery_never_creates_energy"":true,""compute_denial_attribution_closes"":true,""electrical_balance_closes"":true,""essential_reserve_architecture_feasible"":true,""executed_le_design"":true,""executed_le_requested"":true,""fdir_never_increases_power"":true,""finite_state"":true,""housekeeping_priority"":true,""no_hidden_clipping"":true,""reserve_never_increases_power"":true,""soc_within_bounds"":true,""warmup_power_deficit_flag"":false}",[]
run,rsim-001-pwr1.1,RSIM-001-PWR1,A0-R_RESERVE_AWARE_ESSENTIAL_LOAD_ADMISSION,ESSENTIAL_RESERVE_FEASIBLE,A0-M_MYOPIC_ADMISSION,non-authoritative reserve-aware admission challenge; unchanged A0 hardware; not attack or spacecraft validation,55fc2d816b210ab18ecf700d22c0a53aa46f86ce,5,queue_driven_benign,W3 — queue-driven benign,E0_CANONICAL,CLOSED_LOOP,1.0,43200.0,10800.0,43200.0,4d0346b035b1fd5741968fa71fbe3034f1c80d7cbc85f637f523978677d7ddf7,f1e4e90f3f517362d1f0d86129448dbb51a9890353ed63ed0111bae36bf018af,RSIM canonical-derived monotone FDIR,30.0,True,,False,934632.7915102073,9567286.95612592,0.0,10501919.747636128,4320000.0,0.2420159385639026,2052.0,True,True,40000.0,16416.0,301.0,29954.90285855765,29630.769533013325,970538852.6172678,960036932.8696316,10501919.747636128,0.010820710288223321,38622.45198935486,38622.45198935486,332.76610094634157,320.30905150856125,0.0,0,0.0,0.6164992150174242,0.62324314856719,cbd3bfae752bb096c0826d8660b6a319e56b522b84588c02998b1caba1623f82,1.3326489352039061e-06,0.9,0.2,0.2,0.9,1023550158.2366354,1439151157.8947375,547761422.6745853,475788735.5620499,90938505.9960826,0.0,2.16977377931471e-06,1.4991656371421413e-05,0.0019869125805693226,8.7221374607509,"{""essential_reserve_J"":""maximum_over_full_trace"",""protected_battery_SOC_equivalent"":""maximum_over_full_trace"",""reserve_active"":""any_over_full_trace"",""reserve_denied_compute_W"":""maximum_over_full_trace"",""reserve_limited_compute"":""any_over_full_trace"",""time_until_next_generation_s"":""maximum_over_full_trace""}","{""battery_never_creates_energy"":true,""compute_denial_attribution_closes"":true,""electrical_balance_closes"":true,""essential_reserve_architecture_feasible"":true,""executed_le_design"":true,""executed_le_requested"":true,""fdir_never_increases_power"":true,""finite_state"":true,""housekeeping_priority"":true,""no_hidden_clipping"":true,""reserve_never_increases_power"":true,""soc_within_bounds"":true,""warmup_power_deficit_flag"":false}",[]
run,rsim-001-pwr1.1,RSIM-001-PWR1,A0-R_RESERVE_AWARE_ESSENTIAL_LOAD_ADMISSION,ESSENTIAL_RESERVE_FEASIBLE,A0-M_MYOPIC_ADMISSION,non-authoritative reserve-aware admission challenge; unchanged A0 hardware; not attack or spacecraft validation,55fc2d816b210ab18ecf700d22c0a53aa46f86ce,5,queue_driven_benign,W3 — queue-driven benign,E1_REPRESENTATIVE_ANALYTIC_LEO,POWER_CONSTRAINED,1.0,43200.0,10800.0,43200.0,4d0346b035b1fd5741968fa71fbe3034f1c80d7cbc85f637f523978677d7ddf7,b348f00169c885d3849e406bf8ee33c9e3461c493394179d38bcd5672eae6285,,,True,,False,456709.8884830272,1412580.379301462,0.0,1869290.2677844896,4496842.105263158,0.24373588926534892,2136.0,True,True,40000.0,16177.0,138.0,29954.90285855765,29897.20871449023,970538852.6172678,968669562.3494834,1869290.2677844896,0.001926033422303027,38622.45198935486,38622.45198935486,340.82555949362614,328.13050168556936,0.0,0,0.0,0.6325048858905048,0.6337254623114811,34cd38e65acf374617a7310aba8514f127b9fb61294d028d0d1c7429792ba602,2.117291387548903e-06,0.9,0.4289606628259837,0.2,0.9,1026005760.7027707,1451993045.840408,537218570.9457572,488787189.75701356,73846772.29167628,0.0,-5.729795702791307e-06,1.1514701327541843e-05,0.0019892116167861654,9.253247019681112,"{""essential_reserve_J"":""maximum_over_full_trace"",""protected_battery_SOC_equivalent"":""maximum_over_full_trace"",""reserve_active"":""any_over_full_trace"",""reserve_denied_compute_W"":""maximum_over_full_trace"",""reserve_limited_compute"":""any_over_full_trace"",""time_until_next_generation_s"":""maximum_over_full_trace""}","{""battery_never_creates_energy"":true,""compute_denial_attribution_closes"":true,""electrical_balance_closes"":true,""essential_reserve_architecture_feasible"":true,""executed_le_design"":true,""executed_le_requested"":true,""fdir_never_increases_power"":true,""finite_state"":true,""housekeeping_priority"":true,""no_hidden_clipping"":true,""reserve_never_increases_power"":true,""soc_within_bounds"":true,""warmup_power_deficit_flag"":false}","[""E1 is a fixed-wall-clock representative environment challenge, not a periodic/steady-state result"",""E1 radiator incidence and Earth-view factors are ASSUMED_EXPLORATORY"",""E1 albedo is a bounded analytic approximation, not a flight environment model""]"
run,rsim-001-pwr1.1,RSIM-001-PWR1,A0-R_RESERVE_AWARE_ESSENTIAL_LOAD_ADMISSION,ESSENTIAL_RESERVE_FEASIBLE,A0-M_MYOPIC_ADMISSION,non-authoritative reserve-aware admission challenge; unchanged A0 hardware; not attack or spacecraft validation,55fc2d816b210ab18ecf700d22c0a53aa46f86ce,5,queue_driven_benign,W3 — queue-driven benign,E1_REPRESENTATIVE_ANALYTIC_LEO,CLOSED_LOOP,1.0,43200.0,10800.0,43200.0,4d0346b035b1fd5741968fa71fbe3034f1c80d7cbc85f637f523978677d7ddf7,b348f00169c885d3849e406bf8ee33c9e3461c493394179d38bcd5672eae6285,RSIM canonical-derived monotone FDIR,30.0,True,,False,456709.8884830272,1412580.379301462,0.0,1869290.2677844896,4496842.105263158,0.24373588926534892,2136.0,True,True,40000.0,16177.0,138.0,29954.90285855765,29897.20871449023,970538852.6172678,968669562.3494834,1869290.2677844896,0.001926033422303027,38622.45198935486,38622.45198935486,340.82555949362614,328.13050168556936,0.0,0,0.0,0.6325048858905048,0.6337254623114811,34cd38e65acf374617a7310aba8514f127b9fb61294d028d0d1c7429792ba602,2.117291387548903e-06,0.9,0.4289606628259837,0.2,0.9,1026005760.7027707,1451993045.840408,537218570.9457572,488787189.75701356,73846772.29167628,0.0,-5.729795702791307e-06,1.1514701327541843e-05,0.0019892116167861654,9.253247019681112,"{""essential_reserve_J"":""maximum_over_full_trace"",""protected_battery_SOC_equivalent"":""maximum_over_full_trace"",""reserve_active"":""any_over_full_trace"",""reserve_denied_compute_W"":""maximum_over_full_trace"",""reserve_limited_compute"":""any_over_full_trace"",""time_until_next_generation_s"":""maximum_over_full_trace""}","{""battery_never_creates_energy"":true,""compute_denial_attribution_closes"":true,""electrical_balance_closes"":true,""essential_reserve_architecture_feasible"":true,""executed_le_design"":true,""executed_le_requested"":true,""fdir_never_increases_power"":true,""finite_state"":true,""housekeeping_priority"":true,""no_hidden_clipping"":true,""reserve_never_increases_power"":true,""soc_within_bounds"":true,""warmup_power_deficit_flag"":false}","[""E1 is a fixed-wall-clock representative environment challenge, not a periodic/steady-state result"",""E1 radiator incidence and Earth-view factors are ASSUMED_EXPLORATORY"",""E1 albedo is a bounded analytic approximation, not a flight environment model""]"
run,rsim-001-pwr1.1,RSIM-001-PWR1,A0-R_RESERVE_AWARE_ESSENTIAL_LOAD_ADMISSION,ESSENTIAL_RESERVE_FEASIBLE,A0-M_MYOPIC_ADMISSION,non-authoritative reserve-aware admission challenge; unchanged A0 hardware; not attack or spacecraft validation,55fc2d816b210ab18ecf700d22c0a53aa46f86ce,5,power_aware_benign,W4 — power-aware benign,E0_CANONICAL,POWER_CONSTRAINED,1.0,43200.0,10800.0,43200.0,ff13922b33f10bef4dee9f270f9fac36316001401b54374399fead8a3937326d,f1e4e90f3f517362d1f0d86129448dbb51a9890353ed63ed0111bae36bf018af,,,True,,False,0.0,0.0,0.0,0.0,4320000.0,0.2420159385639026,2052.0,True,False,0.0,16416.0,0.0,29954.90285855765,29954.90285855765,970538852.6172678,970538852.6172678,0.0,0.0,39181.06327171323,39181.06327171323,334.49198672297075,322.1203673434091,0.0,0,0.0,0.6864231340449851,0.6864231340449851,81e96a7c591fca7fe31228f675b5d9abbf8ea3a4c452e896503c860d8c141556,-1.552761659695534e-06,0.9,0.33868859334692253,0.3385610719193581,0.9,836422178.3858843,1439151157.8947375,447067582.2241918,389354596.1616926,110181758.60572489,0.0,-4.213996362523176e-05,4.227189492667094e-05,0.0018862187401189293,10.448023237380085,"{""essential_reserve_J"":""maximum_over_full_trace"",""protected_battery_SOC_equivalent"":""maximum_over_full_trace"",""reserve_active"":""any_over_full_trace"",""reserve_denied_compute_W"":""maximum_over_full_trace"",""reserve_limited_compute"":""any_over_full_trace"",""time_until_next_generation_s"":""maximum_over_full_trace""}","{""battery_never_creates_energy"":true,""compute_denial_attribution_closes"":true,""electrical_balance_closes"":true,""essential_reserve_architecture_feasible"":true,""executed_le_design"":true,""executed_le_requested"":true,""fdir_never_increases_power"":true,""finite_state"":true,""housekeeping_priority"":true,""no_hidden_clipping"":true,""reserve_never_increases_power"":true,""soc_within_bounds"":true,""warmup_power_deficit_flag"":false}",[]
run,rsim-001-pwr1.1,RSIM-001-PWR1,A0-R_RESERVE_AWARE_ESSENTIAL_LOAD_ADMISSION,ESSENTIAL_RESERVE_FEASIBLE,A0-M_MYOPIC_ADMISSION,non-authoritative reserve-aware admission challenge; unchanged A0 hardware; not attack or spacecraft validation,55fc2d816b210ab18ecf700d22c0a53aa46f86ce,5,power_aware_benign,W4 — power-aware benign,E0_CANONICAL,CLOSED_LOOP,1.0,43200.0,10800.0,43200.0,ff13922b33f10bef4dee9f270f9fac36316001401b54374399fead8a3937326d,f1e4e90f3f517362d1f0d86129448dbb51a9890353ed63ed0111bae36bf018af,RSIM canonical-derived monotone FDIR,30.0,True,,False,0.0,0.0,0.0,0.0,4320000.0,0.2420159385639026,2052.0,True,False,0.0,16416.0,0.0,29954.90285855765,29954.90285855765,970538852.6172678,970538852.6172678,0.0,0.0,39181.06327171323,39181.06327171323,334.49198672297075,322.1203673434091,0.0,0,0.0,0.6864231340449851,0.6864231340449851,81e96a7c591fca7fe31228f675b5d9abbf8ea3a4c452e896503c860d8c141556,-1.552761659695534e-06,0.9,0.33868859334692253,0.3385610719193581,0.9,836422178.3858843,1439151157.8947375,447067582.2241918,389354596.1616926,110181758.60572489,0.0,-4.213996362523176e-05,4.227189492667094e-05,0.0018862187401189293,10.448023237380085,"{""essential_reserve_J"":""maximum_over_full_trace"",""protected_battery_SOC_equivalent"":""maximum_over_full_trace"",""reserve_active"":""any_over_full_trace"",""reserve_denied_compute_W"":""maximum_over_full_trace"",""reserve_limited_compute"":""any_over_full_trace"",""time_until_next_generation_s"":""maximum_over_full_trace""}","{""battery_never_creates_energy"":true,""compute_denial_attribution_closes"":true,""electrical_balance_closes"":true,""essential_reserve_architecture_feasible"":true,""executed_le_design"":true,""executed_le_requested"":true,""fdir_never_increases_power"":true,""finite_state"":true,""housekeeping_priority"":true,""no_hidden_clipping"":true,""reserve_never_increases_power"":true,""soc_within_bounds"":true,""warmup_power_deficit_flag"":false}",[]
run,rsim-001-pwr1.1,RSIM-001-PWR1,A0-R_RESERVE_AWARE_ESSENTIAL_LOAD_ADMISSION,ESSENTIAL_RESERVE_FEASIBLE,A0-M_MYOPIC_ADMISSION,non-authoritative reserve-aware admission challenge; unchanged A0 hardware; not attack or spacecraft validation,55fc2d816b210ab18ecf700d22c0a53aa46f86ce,5,power_aware_benign,W4 — power-aware benign,E1_REPRESENTATIVE_ANALYTIC_LEO,POWER_CONSTRAINED,1.0,43200.0,10800.0,43200.0,ff13922b33f10bef4dee9f270f9fac36316001401b54374399fead8a3937326d,b348f00169c885d3849e406bf8ee33c9e3461c493394179d38bcd5672eae6285,,,True,,False,114018.78766447962,2154642.347899439,0.0,2268661.1355639184,4496842.105263158,0.24373588926534892,2136.0,True,True,26122.583823887846,16177.0,264.0,29954.90285855765,29884.88245313901,970538852.6172678,968270191.4817039,2268661.1355639184,0.0023375273740417328,39181.06327171323,39181.06327171323,341.7423591478044,329.17212841096693,0.0,0,0.0,0.6805143184809765,0.6821087663944976,85f02f193a4428857fd4927ee3c0eb45f537e9f37c82a1c8cdb8bee02228f1be,-2.69307520284201e-06,0.9,0.6056904752629634,0.2,0.9,955766406.9701225,1451993045.840408,493013380.15516365,462753026.8149588,95433860.78064494,0.0,-3.3063325190596515e-05,3.3100727250712225e-05,0.0019450064259955715,10.17004667385936,"{""essential_reserve_J"":""maximum_over_full_trace"",""protected_battery_SOC_equivalent"":""maximum_over_full_trace"",""reserve_active"":""any_over_full_trace"",""reserve_denied_compute_W"":""maximum_over_full_trace"",""reserve_limited_compute"":""any_over_full_trace"",""time_until_next_generation_s"":""maximum_over_full_trace""}","{""battery_never_creates_energy"":true,""compute_denial_attribution_closes"":true,""electrical_balance_closes"":true,""essential_reserve_architecture_feasible"":true,""executed_le_design"":true,""executed_le_requested"":true,""fdir_never_increases_power"":true,""finite_state"":true,""housekeeping_priority"":true,""no_hidden_clipping"":true,""reserve_never_increases_power"":true,""soc_within_bounds"":true,""warmup_power_deficit_flag"":false}","[""E1 is a fixed-wall-clock representative environment challenge, not a periodic/steady-state result"",""E1 radiator incidence and Earth-view factors are ASSUMED_EXPLORATORY"",""E1 albedo is a bounded analytic approximation, not a flight environment model""]"
run,rsim-001-pwr1.1,RSIM-001-PWR1,A0-R_RESERVE_AWARE_ESSENTIAL_LOAD_ADMISSION,ESSENTIAL_RESERVE_FEASIBLE,A0-M_MYOPIC_ADMISSION,non-authoritative reserve-aware admission challenge; unchanged A0 hardware; not attack or spacecraft validation,55fc2d816b210ab18ecf700d22c0a53aa46f86ce,5,power_aware_benign,W4 — power-aware benign,E1_REPRESENTATIVE_ANALYTIC_LEO,CLOSED_LOOP,1.0,43200.0,10800.0,43200.0,ff13922b33f10bef4dee9f270f9fac36316001401b54374399fead8a3937326d,b348f00169c885d3849e406bf8ee33c9e3461c493394179d38bcd5672eae6285,RSIM canonical-derived monotone FDIR,30.0,True,,False,114018.78766447962,2154642.347899439,0.0,2268661.1355639184,4496842.105263158,0.24373588926534892,2136.0,True,True,26122.583823887846,16177.0,264.0,29954.90285855765,29884.88245313901,970538852.6172678,968270191.4817039,2268661.1355639184,0.0023375273740417328,39181.06327171323,39181.06327171323,341.7423591478044,329.17212841096693,0.0,0,0.0,0.6805143184809765,0.6821087663944976,85f02f193a4428857fd4927ee3c0eb45f537e9f37c82a1c8cdb8bee02228f1be,-2.69307520284201e-06,0.9,0.6056904752629634,0.2,0.9,955766406.9701225,1451993045.840408,493013380.15516365,462753026.8149588,95433860.78064494,0.0,-3.3063325190596515e-05,3.3100727250712225e-05,0.0019450064259955715,10.17004667385936,"{""essential_reserve_J"":""maximum_over_full_trace"",""protected_battery_SOC_equivalent"":""maximum_over_full_trace"",""reserve_active"":""any_over_full_trace"",""reserve_denied_compute_W"":""maximum_over_full_trace"",""reserve_limited_compute"":""any_over_full_trace"",""time_until_next_generation_s"":""maximum_over_full_trace""}","{""battery_never_creates_energy"":true,""compute_denial_attribution_closes"":true,""electrical_balance_closes"":true,""essential_reserve_architecture_feasible"":true,""executed_le_design"":true,""executed_le_requested"":true,""fdir_never_increases_power"":true,""finite_state"":true,""housekeeping_priority"":true,""no_hidden_clipping"":true,""reserve_never_increases_power"":true,""soc_within_bounds"":true,""warmup_power_deficit_flag"":false}","[""E1 is a fixed-wall-clock representative environment challenge, not a periodic/steady-state result"",""E1 radiator incidence and Earth-view factors are ASSUMED_EXPLORATORY"",""E1 albedo is a bounded analytic approximation, not a flight environment model""]"
run,rsim-001-pwr1.1,RSIM-001-PWR1,A0-R_RESERVE_AWARE_ESSENTIAL_LOAD_ADMISSION,ESSENTIAL_RESERVE_FEASIBLE,A0-M_MYOPIC_ADMISSION,non-authoritative reserve-aware admission challenge; unchanged A0 hardware; not attack or spacecraft validation,55fc2d816b210ab18ecf700d22c0a53aa46f86ce,5,phase_shaped_candidate,W5 — phase-shaped adversarial candidate,E0_CANONICAL,POWER_CONSTRAINED,1.0,43200.0,10800.0,43200.0,8cf2716dd156d807966c56ec1a0a744a6552d813376b7c3beb9dcc83ec71e620,f1e4e90f3f517362d1f0d86129448dbb51a9890353ed63ed0111bae36bf018af,,,True,,False,0.0,0.0,0.0,0.0,4320000.0,0.2420159385639026,2052.0,True,False,0.0,16416.0,0.0,29954.902858557653,29954.902858557653,970538852.6172678,970538852.6172678,0.0,0.0,40000.0,40000.0,341.42407541418066,327.73463351234494,0.0,0,0.0,0.8258570483056342,0.8258570483056342,2cb7c9d85da63d8666fa5daa7dd6bb069ab97e2d54673397becd56d314118114,-2.473697350069415e-06,0.9,0.5697492959356255,0.5694759836787053,0.9,509261224.81916684,1439151157.8947375,271608491.4040849,237652733.41508183,66869268.962597705,0.0,-4.176593938609585e-05,4.202619857096579e-05,0.0017107596492988225,17.380111928589997,"{""essential_reserve_J"":""maximum_over_full_trace"",""protected_battery_SOC_equivalent"":""maximum_over_full_trace"",""reserve_active"":""any_over_full_trace"",""reserve_denied_compute_W"":""maximum_over_full_trace"",""reserve_limited_compute"":""any_over_full_trace"",""time_until_next_generation_s"":""maximum_over_full_trace""}","{""battery_never_creates_energy"":true,""compute_denial_attribution_closes"":true,""electrical_balance_closes"":true,""essential_reserve_architecture_feasible"":true,""executed_le_design"":true,""executed_le_requested"":true,""fdir_never_increases_power"":true,""finite_state"":true,""housekeeping_priority"":true,""no_hidden_clipping"":true,""reserve_never_increases_power"":true,""soc_within_bounds"":true,""warmup_power_deficit_flag"":false}",[]
run,rsim-001-pwr1.1,RSIM-001-PWR1,A0-R_RESERVE_AWARE_ESSENTIAL_LOAD_ADMISSION,ESSENTIAL_RESERVE_FEASIBLE,A0-M_MYOPIC_ADMISSION,non-authoritative reserve-aware admission challenge; unchanged A0 hardware; not attack or spacecraft validation,55fc2d816b210ab18ecf700d22c0a53aa46f86ce,5,phase_shaped_candidate,W5 — phase-shaped adversarial candidate,E0_CANONICAL,CLOSED_LOOP,1.0,43200.0,10800.0,43200.0,8cf2716dd156d807966c56ec1a0a744a6552d813376b7c3beb9dcc83ec71e620,f1e4e90f3f517362d1f0d86129448dbb51a9890353ed63ed0111bae36bf018af,RSIM canonical-derived monotone FDIR,30.0,True,,False,0.0,0.0,0.0,0.0,4320000.0,0.2420159385639026,2052.0,True,False,0.0,16416.0,0.0,29954.902858557653,29954.902858557653,970538852.6172678,970538852.6172678,0.0,0.0,40000.0,40000.0,341.42407541418066,327.73463351234494,0.0,0,0.0,0.8258570483056342,0.8258570483056342,2cb7c9d85da63d8666fa5daa7dd6bb069ab97e2d54673397becd56d314118114,-2.473697350069415e-06,0.9,0.5697492959356255,0.5694759836787053,0.9,509261224.81916684,1439151157.8947375,271608491.4040849,237652733.41508183,66869268.962597705,0.0,-4.176593938609585e-05,4.202619857096579e-05,0.0017107596492988225,17.380111928589997,"{""essential_reserve_J"":""maximum_over_full_trace"",""protected_battery_SOC_equivalent"":""maximum_over_full_trace"",""reserve_active"":""any_over_full_trace"",""reserve_denied_compute_W"":""maximum_over_full_trace"",""reserve_limited_compute"":""any_over_full_trace"",""time_until_next_generation_s"":""maximum_over_full_trace""}","{""battery_never_creates_energy"":true,""compute_denial_attribution_closes"":true,""electrical_balance_closes"":true,""essential_reserve_architecture_feasible"":true,""executed_le_design"":true,""executed_le_requested"":true,""fdir_never_increases_power"":true,""finite_state"":true,""housekeeping_priority"":true,""no_hidden_clipping"":true,""reserve_never_increases_power"":true,""soc_within_bounds"":true,""warmup_power_deficit_flag"":false}",[]
run,rsim-001-pwr1.1,RSIM-001-PWR1,A0-R_RESERVE_AWARE_ESSENTIAL_LOAD_ADMISSION,ESSENTIAL_RESERVE_FEASIBLE,A0-M_MYOPIC_ADMISSION,non-authoritative reserve-aware admission challenge; unchanged A0 hardware; not attack or spacecraft validation,55fc2d816b210ab18ecf700d22c0a53aa46f86ce,5,phase_shaped_candidate,W5 — phase-shaped adversarial candidate,E1_REPRESENTATIVE_ANALYTIC_LEO,POWER_CONSTRAINED,1.0,43200.0,10800.0,43200.0,8cf2716dd156d807966c56ec1a0a744a6552d813376b7c3beb9dcc83ec71e620,b348f00169c885d3849e406bf8ee33c9e3461c493394179d38bcd5672eae6285,,,True,,False,0.0,0.0,0.0,0.0,4496842.105263158,0.24373588926534892,2136.0,True,True,14459.73641215895,16177.0,410.0,29954.902858557653,29954.902858557653,970538852.6172678,970538852.6172678,0.0,0.0,40000.0,40000.0,348.3370810394487,334.4603008735212,146.0,0,0.0,0.767077786053768,0.767077786053768,f73e96d5dd82042964b320949347513588f2823e2ec18904e5345ef9933caa8b,-7.150965757318772e-07,0.9,0.7028469896203616,0.2,0.9,786852798.7243319,1451993045.840408,403561850.7402616,383290947.9840702,57381066.78247537,0.0,-1.8518054730520817e-05,1.8718709270615363e-05,0.0018555548965806697,16.764768565503687,"{""essential_reserve_J"":""maximum_over_full_trace"",""protected_battery_SOC_equivalent"":""maximum_over_full_trace"",""reserve_active"":""any_over_full_trace"",""reserve_denied_compute_W"":""maximum_over_full_trace"",""reserve_limited_compute"":""any_over_full_trace"",""time_until_next_generation_s"":""maximum_over_full_trace""}","{""battery_never_creates_energy"":true,""compute_denial_attribution_closes"":true,""electrical_balance_closes"":true,""essential_reserve_architecture_feasible"":true,""executed_le_design"":true,""executed_le_requested"":true,""fdir_never_increases_power"":true,""finite_state"":true,""housekeeping_priority"":true,""no_hidden_clipping"":true,""reserve_never_increases_power"":true,""soc_within_bounds"":true,""warmup_power_deficit_flag"":false}","[""E1 is a fixed-wall-clock representative environment challenge, not a periodic/steady-state result"",""E1 radiator incidence and Earth-view factors are ASSUMED_EXPLORATORY"",""E1 albedo is a bounded analytic approximation, not a flight environment model""]"
run,rsim-001-pwr1.1,RSIM-001-PWR1,A0-R_RESERVE_AWARE_ESSENTIAL_LOAD_ADMISSION,ESSENTIAL_RESERVE_FEASIBLE,A0-M_MYOPIC_ADMISSION,non-authoritative reserve-aware admission challenge; unchanged A0 hardware; not attack or spacecraft validation,55fc2d816b210ab18ecf700d22c0a53aa46f86ce,5,phase_shaped_candidate,W5 — phase-shaped adversarial candidate,E1_REPRESENTATIVE_ANALYTIC_LEO,CLOSED_LOOP,1.0,43200.0,10800.0,43200.0,8cf2716dd156d807966c56ec1a0a744a6552d813376b7c3beb9dcc83ec71e620,b348f00169c885d3849e406bf8ee33c9e3461c493394179d38bcd5672eae6285,RSIM canonical-derived monotone FDIR,30.0,True,,False,0.0,0.0,2373296.296555293,2373296.296555293,4496842.105263158,0.24373588926534892,2136.0,True,True,14459.73641215895,16177.0,410.0,29954.902858557653,29881.652972861502,970538852.6172678,968165556.3207126,2373296.296555293,0.0024453387828371697,40000.0,40000.0,348.20205231338326,334.42168783443213,31.0,1,85.0,0.767077786053768,0.7665068161156875,fca12ef4a5e6c3c1a160f5f82cb1fded163b461f2f5988d81a20885ac20a2f1e,-2.613046490296256e-07,0.9,0.7028469896203616,0.2,0.9,786852798.7243319,1451993045.840408,403561850.7402616,383290947.9840703,59754363.07903046,0.0,-1.83265478881367e-05,1.852720242823125e-05,0.0018555548965806697,16.62973983943823,"{""essential_reserve_J"":""maximum_over_full_trace"",""protected_battery_SOC_equivalent"":""maximum_over_full_trace"",""reserve_active"":""any_over_full_trace"",""reserve_denied_compute_W"":""maximum_over_full_trace"",""reserve_limited_compute"":""any_over_full_trace"",""time_until_next_generation_s"":""maximum_over_full_trace""}","{""battery_never_creates_energy"":true,""compute_denial_attribution_closes"":true,""electrical_balance_closes"":true,""essential_reserve_architecture_feasible"":true,""executed_le_design"":true,""executed_le_requested"":true,""fdir_never_increases_power"":true,""finite_state"":true,""housekeeping_priority"":true,""no_hidden_clipping"":true,""reserve_never_increases_power"":true,""soc_within_bounds"":true,""warmup_power_deficit_flag"":false}","[""E1 is a fixed-wall-clock representative environment challenge, not a periodic/steady-state result"",""E1 radiator incidence and Earth-view factors are ASSUMED_EXPLORATORY"",""E1 albedo is a bounded analytic approximation, not a flight environment model""]"
run,rsim-001-pwr1.1,RSIM-001-PWR1,A0-R_RESERVE_AWARE_ESSENTIAL_LOAD_ADMISSION,ESSENTIAL_RESERVE_FEASIBLE,A0-M_MYOPIC_ADMISSION,non-authoritative reserve-aware admission challenge; unchanged A0 hardware; not attack or spacecraft validation,55fc2d816b210ab18ecf700d22c0a53aa46f86ce,6,constant_reference,W0 — constant reference,E0_CANONICAL,POWER_CONSTRAINED,1.0,43200.0,10800.0,43200.0,f73ebd85c12c9da5d7c0f018a69319a6c8fbc188a612b2fa1771af193bc5ee12,f1e4e90f3f517362d1f0d86129448dbb51a9890353ed63ed0111bae36bf018af,,,True,,False,0.0,0.0,0.0,0.0,4320000.0,0.2420159385639026,2052.0,True,False,0.0,16416.0,0.0,29964.901580534544,29964.901580534544,970862811.2093195,970862811.2093195,0.0,0.0,29964.90158053455,29964.90158053455,324.06448136583253,313.49647248257554,0.0,0,0.0,0.62,0.62,b11a7cd2c1589d8252cc19680dad6a21bf2f4675e008f71936c3269d020e8db0,-3.9091037251637317e-07,0.9,0.22848232949547503,0.22848232949547503,0.9,1035662811.209333,1439151157.8947375,552353499.3116369,483309311.8976961,74256589.85886145,0.0,2.243206836283207e-06,1.4323624782264233e-05,0.0019915046572063742,0.0,"{""essential_reserve_J"":""maximum_over_full_trace"",""protected_battery_SOC_equivalent"":""maximum_over_full_trace"",""reserve_active"":""any_over_full_trace"",""reserve_denied_compute_W"":""maximum_over_full_trace"",""reserve_limited_compute"":""any_over_full_trace"",""time_until_next_generation_s"":""maximum_over_full_trace""}","{""battery_never_creates_energy"":true,""compute_denial_attribution_closes"":true,""electrical_balance_closes"":true,""essential_reserve_architecture_feasible"":true,""executed_le_design"":true,""executed_le_requested"":true,""fdir_never_increases_power"":true,""finite_state"":true,""housekeeping_priority"":true,""no_hidden_clipping"":true,""reserve_never_increases_power"":true,""soc_within_bounds"":true,""warmup_power_deficit_flag"":false}",[]
run,rsim-001-pwr1.1,RSIM-001-PWR1,A0-R_RESERVE_AWARE_ESSENTIAL_LOAD_ADMISSION,ESSENTIAL_RESERVE_FEASIBLE,A0-M_MYOPIC_ADMISSION,non-authoritative reserve-aware admission challenge; unchanged A0 hardware; not attack or spacecraft validation,55fc2d816b210ab18ecf700d22c0a53aa46f86ce,6,constant_reference,W0 — constant reference,E0_CANONICAL,CLOSED_LOOP,1.0,43200.0,10800.0,43200.0,f73ebd85c12c9da5d7c0f018a69319a6c8fbc188a612b2fa1771af193bc5ee12,f1e4e90f3f517362d1f0d86129448dbb51a9890353ed63ed0111bae36bf018af,RSIM canonical-derived monotone FDIR,30.0,True,,False,0.0,0.0,0.0,0.0,4320000.0,0.2420159385639026,2052.0,True,False,0.0,16416.0,0.0,29964.901580534544,29964.901580534544,970862811.2093195,970862811.2093195,0.0,0.0,29964.90158053455,29964.90158053455,324.06448136583253,313.49647248257554,0.0,0,0.0,0.62,0.62,b11a7cd2c1589d8252cc19680dad6a21bf2f4675e008f71936c3269d020e8db0,-3.9091037251637317e-07,0.9,0.22848232949547503,0.22848232949547503,0.9,1035662811.209333,1439151157.8947375,552353499.3116369,483309311.8976961,74256589.85886145,0.0,2.243206836283207e-06,1.4323624782264233e-05,0.0019915046572063742,0.0,"{""essential_reserve_J"":""maximum_over_full_trace"",""protected_battery_SOC_equivalent"":""maximum_over_full_trace"",""reserve_active"":""any_over_full_trace"",""reserve_denied_compute_W"":""maximum_over_full_trace"",""reserve_limited_compute"":""any_over_full_trace"",""time_until_next_generation_s"":""maximum_over_full_trace""}","{""battery_never_creates_energy"":true,""compute_denial_attribution_closes"":true,""electrical_balance_closes"":true,""essential_reserve_architecture_feasible"":true,""executed_le_design"":true,""executed_le_requested"":true,""fdir_never_increases_power"":true,""finite_state"":true,""housekeeping_priority"":true,""no_hidden_clipping"":true,""reserve_never_increases_power"":true,""soc_within_bounds"":true,""warmup_power_deficit_flag"":false}",[]
run,rsim-001-pwr1.1,RSIM-001-PWR1,A0-R_RESERVE_AWARE_ESSENTIAL_LOAD_ADMISSION,ESSENTIAL_RESERVE_FEASIBLE,A0-M_MYOPIC_ADMISSION,non-authoritative reserve-aware admission challenge; unchanged A0 hardware; not attack or spacecraft validation,55fc2d816b210ab18ecf700d22c0a53aa46f86ce,6,constant_reference,W0 — constant reference,E1_REPRESENTATIVE_ANALYTIC_LEO,POWER_CONSTRAINED,1.0,43200.0,10800.0,43200.0,f73ebd85c12c9da5d7c0f018a69319a6c8fbc188a612b2fa1771af193bc5ee12,b348f00169c885d3849e406bf8ee33c9e3461c493394179d38bcd5672eae6285,,,True,,False,0.0,0.0,0.0,0.0,4496842.105263158,0.24373588926534892,2136.0,True,False,0.0,16177.0,0.0,29964.901580534544,29964.901580534544,970862811.2093195,970862811.2093195,0.0,0.0,29964.90158053455,29964.90158053455,331.5917683318491,320.9764301623398,0.0,0,0.0,0.6325617283950618,0.6325617283950618,b11a7cd2c1589d8252cc19680dad6a21bf2f4675e008f71936c3269d020e8db0,1.0813828339450993e-06,0.9,0.49911834972316943,0.20099330204792398,0.9,1047405706.6320754,1451993045.840408,544311803.0192709,503093903.6128046,58632980.31088064,0.0,1.7429847503080964e-06,7.709430065006018e-06,0.001996304848859679,0.0,"{""essential_reserve_J"":""maximum_over_full_trace"",""protected_battery_SOC_equivalent"":""maximum_over_full_trace"",""reserve_active"":""any_over_full_trace"",""reserve_denied_compute_W"":""maximum_over_full_trace"",""reserve_limited_compute"":""any_over_full_trace"",""time_until_next_generation_s"":""maximum_over_full_trace""}","{""battery_never_creates_energy"":true,""compute_denial_attribution_closes"":true,""electrical_balance_closes"":true,""essential_reserve_architecture_feasible"":true,""executed_le_design"":true,""executed_le_requested"":true,""fdir_never_increases_power"":true,""finite_state"":true,""housekeeping_priority"":true,""no_hidden_clipping"":true,""reserve_never_increases_power"":true,""soc_within_bounds"":true,""warmup_power_deficit_flag"":false}","[""E1 is a fixed-wall-clock representative environment challenge, not a periodic/steady-state result"",""E1 radiator incidence and Earth-view factors are ASSUMED_EXPLORATORY"",""E1 albedo is a bounded analytic approximation, not a flight environment model""]"
run,rsim-001-pwr1.1,RSIM-001-PWR1,A0-R_RESERVE_AWARE_ESSENTIAL_LOAD_ADMISSION,ESSENTIAL_RESERVE_FEASIBLE,A0-M_MYOPIC_ADMISSION,non-authoritative reserve-aware admission challenge; unchanged A0 hardware; not attack or spacecraft validation,55fc2d816b210ab18ecf700d22c0a53aa46f86ce,6,constant_reference,W0 — constant reference,E1_REPRESENTATIVE_ANALYTIC_LEO,CLOSED_LOOP,1.0,43200.0,10800.0,43200.0,f73ebd85c12c9da5d7c0f018a69319a6c8fbc188a612b2fa1771af193bc5ee12,b348f00169c885d3849e406bf8ee33c9e3461c493394179d38bcd5672eae6285,RSIM canonical-derived monotone FDIR,30.0,True,,False,0.0,0.0,0.0,0.0,4496842.105263158,0.24373588926534892,2136.0,True,False,0.0,16177.0,0.0,29964.901580534544,29964.901580534544,970862811.2093195,970862811.2093195,0.0,0.0,29964.90158053455,29964.90158053455,331.5917683318491,320.9764301623398,0.0,0,0.0,0.6325617283950618,0.6325617283950618,b11a7cd2c1589d8252cc19680dad6a21bf2f4675e008f71936c3269d020e8db0,1.0813828339450993e-06,0.9,0.49911834972316943,0.20099330204792398,0.9,1047405706.6320754,1451993045.840408,544311803.0192709,503093903.6128046,58632980.31088064,0.0,1.7429847503080964e-06,7.709430065006018e-06,0.001996304848859679,0.0,"{""essential_reserve_J"":""maximum_over_full_trace"",""protected_battery_SOC_equivalent"":""maximum_over_full_trace"",""reserve_active"":""any_over_full_trace"",""reserve_denied_compute_W"":""maximum_over_full_trace"",""reserve_limited_compute"":""any_over_full_trace"",""time_until_next_generation_s"":""maximum_over_full_trace""}","{""battery_never_creates_energy"":true,""compute_denial_attribution_closes"":true,""electrical_balance_closes"":true,""essential_reserve_architecture_feasible"":true,""executed_le_design"":true,""executed_le_requested"":true,""fdir_never_increases_power"":true,""finite_state"":true,""housekeeping_priority"":true,""no_hidden_clipping"":true,""reserve_never_increases_power"":true,""soc_within_bounds"":true,""warmup_power_deficit_flag"":false}","[""E1 is a fixed-wall-clock representative environment challenge, not a periodic/steady-state result"",""E1 radiator incidence and Earth-view factors are ASSUMED_EXPLORATORY"",""E1 albedo is a bounded analytic approximation, not a flight environment model""]"
run,rsim-001-pwr1.1,RSIM-001-PWR1,A0-R_RESERVE_AWARE_ESSENTIAL_LOAD_ADMISSION,ESSENTIAL_RESERVE_FEASIBLE,A0-M_MYOPIC_ADMISSION,non-authoritative reserve-aware admission challenge; unchanged A0 hardware; not attack or spacecraft validation,55fc2d816b210ab18ecf700d22c0a53aa46f86ce,6,diversified_stochastic,W1 — diversified stochastic,E0_CANONICAL,POWER_CONSTRAINED,1.0,43200.0,10800.0,43200.0,52914da0160b50e9150931f1330ca7ed71ee5569f3f7656e69b0b52fc5e94e62,f1e4e90f3f517362d1f0d86129448dbb51a9890353ed63ed0111bae36bf018af,,,True,,False,0.0,0.0,0.0,0.0,4320000.0,0.2420159385639026,2052.0,True,False,0.0,16416.0,0.0,29964.901580534548,29964.901580534548,970862811.2093195,970862811.2093195,0.0,0.0,36753.507121891875,36753.507121891875,325.9594435646649,315.0399477373023,0.0,0,0.0,0.6214671518298347,0.6214671518298347,5a2abef689367a41fa8d7b7054cfc8c0d5871d276e953abc60d0dead0fa898e0,-1.7315646800852846e-06,0.9,0.22270674609263036,0.20634978862420028,0.9,1036620531.7100661,1439151157.8947375,553129276.8885454,483491254.82152075,72875687.57191345,0.0,-1.461715146433562e-05,1.4910685422364622e-05,0.0019922804347832826,1.8949621988323884,"{""essential_reserve_J"":""maximum_over_full_trace"",""protected_battery_SOC_equivalent"":""maximum_over_full_trace"",""reserve_active"":""any_over_full_trace"",""reserve_denied_compute_W"":""maximum_over_full_trace"",""reserve_limited_compute"":""any_over_full_trace"",""time_until_next_generation_s"":""maximum_over_full_trace""}","{""battery_never_creates_energy"":true,""compute_denial_attribution_closes"":true,""electrical_balance_closes"":true,""essential_reserve_architecture_feasible"":true,""executed_le_design"":true,""executed_le_requested"":true,""fdir_never_increases_power"":true,""finite_state"":true,""housekeeping_priority"":true,""no_hidden_clipping"":true,""reserve_never_increases_power"":true,""soc_within_bounds"":true,""warmup_power_deficit_flag"":false}",[]
run,rsim-001-pwr1.1,RSIM-001-PWR1,A0-R_RESERVE_AWARE_ESSENTIAL_LOAD_ADMISSION,ESSENTIAL_RESERVE_FEASIBLE,A0-M_MYOPIC_ADMISSION,non-authoritative reserve-aware admission challenge; unchanged A0 hardware; not attack or spacecraft validation,55fc2d816b210ab18ecf700d22c0a53aa46f86ce,6,diversified_stochastic,W1 — diversified stochastic,E0_CANONICAL,CLOSED_LOOP,1.0,43200.0,10800.0,43200.0,52914da0160b50e9150931f1330ca7ed71ee5569f3f7656e69b0b52fc5e94e62,f1e4e90f3f517362d1f0d86129448dbb51a9890353ed63ed0111bae36bf018af,RSIM canonical-derived monotone FDIR,30.0,True,,False,0.0,0.0,0.0,0.0,4320000.0,0.2420159385639026,2052.0,True,False,0.0,16416.0,0.0,29964.901580534548,29964.901580534548,970862811.2093195,970862811.2093195,0.0,0.0,36753.507121891875,36753.507121891875,325.9594435646649,315.0399477373023,0.0,0,0.0,0.6214671518298347,0.6214671518298347,5a2abef689367a41fa8d7b7054cfc8c0d5871d276e953abc60d0dead0fa898e0,-1.7315646800852846e-06,0.9,0.22270674609263036,0.20634978862420028,0.9,1036620531.7100661,1439151157.8947375,553129276.8885454,483491254.82152075,72875687.57191345,0.0,-1.461715146433562e-05,1.4910685422364622e-05,0.0019922804347832826,1.8949621988323884,"{""essential_reserve_J"":""maximum_over_full_trace"",""protected_battery_SOC_equivalent"":""maximum_over_full_trace"",""reserve_active"":""any_over_full_trace"",""reserve_denied_compute_W"":""maximum_over_full_trace"",""reserve_limited_compute"":""any_over_full_trace"",""time_until_next_generation_s"":""maximum_over_full_trace""}","{""battery_never_creates_energy"":true,""compute_denial_attribution_closes"":true,""electrical_balance_closes"":true,""essential_reserve_architecture_feasible"":true,""executed_le_design"":true,""executed_le_requested"":true,""fdir_never_increases_power"":true,""finite_state"":true,""housekeeping_priority"":true,""no_hidden_clipping"":true,""reserve_never_increases_power"":true,""soc_within_bounds"":true,""warmup_power_deficit_flag"":false}",[]
run,rsim-001-pwr1.1,RSIM-001-PWR1,A0-R_RESERVE_AWARE_ESSENTIAL_LOAD_ADMISSION,ESSENTIAL_RESERVE_FEASIBLE,A0-M_MYOPIC_ADMISSION,non-authoritative reserve-aware admission challenge; unchanged A0 hardware; not attack or spacecraft validation,55fc2d816b210ab18ecf700d22c0a53aa46f86ce,6,diversified_stochastic,W1 — diversified stochastic,E1_REPRESENTATIVE_ANALYTIC_LEO,POWER_CONSTRAINED,1.0,43200.0,10800.0,43200.0,52914da0160b50e9150931f1330ca7ed71ee5569f3f7656e69b0b52fc5e94e62,b348f00169c885d3849e406bf8ee33c9e3461c493394179d38bcd5672eae6285,,,True,,False,578759.3121811922,1864654.10044949,0.0,2443413.412630682,4496842.105263158,0.24373588926534892,2136.0,True,True,34785.35585956659,16177.0,113.0,29964.901580534548,29889.487586317555,970862811.2093195,968419397.7966888,2443413.412630682,0.00251674426543039,36753.507121891875,36753.507121891875,333.4470532961096,322.54459998342037,0.0,0,0.0,0.6331541475901619,0.6347516551783043,0186a59799b8d5702db4d5dc214b7eff79d50335b85f057285803e0378126ed6,8.111546776490286e-07,0.9,0.5140545970537429,0.2,0.9,1041587232.2471232,1451993045.840408,540634707.3584034,500952524.8887198,59255571.112510756,0.0,-1.416917712049326e-05,1.4295957043941598e-05,0.0019926277531988113,1.855284964260477,"{""essential_reserve_J"":""maximum_over_full_trace"",""protected_battery_SOC_equivalent"":""maximum_over_full_trace"",""reserve_active"":""any_over_full_trace"",""reserve_denied_compute_W"":""maximum_over_full_trace"",""reserve_limited_compute"":""any_over_full_trace"",""time_until_next_generation_s"":""maximum_over_full_trace""}","{""battery_never_creates_energy"":true,""compute_denial_attribution_closes"":true,""electrical_balance_closes"":true,""essential_reserve_architecture_feasible"":true,""executed_le_design"":true,""executed_le_requested"":true,""fdir_never_increases_power"":true,""finite_state"":true,""housekeeping_priority"":true,""no_hidden_clipping"":true,""reserve_never_increases_power"":true,""soc_within_bounds"":true,""warmup_power_deficit_flag"":false}","[""E1 is a fixed-wall-clock representative environment challenge, not a periodic/steady-state result"",""E1 radiator incidence and Earth-view factors are ASSUMED_EXPLORATORY"",""E1 albedo is a bounded analytic approximation, not a flight environment model""]"
run,rsim-001-pwr1.1,RSIM-001-PWR1,A0-R_RESERVE_AWARE_ESSENTIAL_LOAD_ADMISSION,ESSENTIAL_RESERVE_FEASIBLE,A0-M_MYOPIC_ADMISSION,non-authoritative reserve-aware admission challenge; unchanged A0 hardware; not attack or spacecraft validation,55fc2d816b210ab18ecf700d22c0a53aa46f86ce,6,diversified_stochastic,W1 — diversified stochastic,E1_REPRESENTATIVE_ANALYTIC_LEO,CLOSED_LOOP,1.0,43200.0,10800.0,43200.0,52914da0160b50e9150931f1330ca7ed71ee5569f3f7656e69b0b52fc5e94e62,b348f00169c885d3849e406bf8ee33c9e3461c493394179d38bcd5672eae6285,RSIM canonical-derived monotone FDIR,30.0,True,,False,578759.3121811922,1864654.10044949,0.0,2443413.412630682,4496842.105263158,0.24373588926534892,2136.0,True,True,34785.35585956659,16177.0,113.0,29964.901580534548,29889.487586317555,970862811.2093195,968419397.7966888,2443413.412630682,0.00251674426543039,36753.507121891875,36753.507121891875,333.4470532961096,322.54459998342037,0.0,0,0.0,0.6331541475901619,0.6347516551783043,0186a59799b8d5702db4d5dc214b7eff79d50335b85f057285803e0378126ed6,8.111546776490286e-07,0.9,0.5140545970537429,0.2,0.9,1041587232.2471232,1451993045.840408,540634707.3584034,500952524.8887198,59255571.112510756,0.0,-1.416917712049326e-05,1.4295957043941598e-05,0.0019926277531988113,1.855284964260477,"{""essential_reserve_J"":""maximum_over_full_trace"",""protected_battery_SOC_equivalent"":""maximum_over_full_trace"",""reserve_active"":""any_over_full_trace"",""reserve_denied_compute_W"":""maximum_over_full_trace"",""reserve_limited_compute"":""any_over_full_trace"",""time_until_next_generation_s"":""maximum_over_full_trace""}","{""battery_never_creates_energy"":true,""compute_denial_attribution_closes"":true,""electrical_balance_closes"":true,""essential_reserve_architecture_feasible"":true,""executed_le_design"":true,""executed_le_requested"":true,""fdir_never_increases_power"":true,""finite_state"":true,""housekeeping_priority"":true,""no_hidden_clipping"":true,""reserve_never_increases_power"":true,""soc_within_bounds"":true,""warmup_power_deficit_flag"":false}","[""E1 is a fixed-wall-clock representative environment challenge, not a periodic/steady-state result"",""E1 radiator incidence and Earth-view factors are ASSUMED_EXPLORATORY"",""E1 albedo is a bounded analytic approximation, not a flight environment model""]"
run,rsim-001-pwr1.1,RSIM-001-PWR1,A0-R_RESERVE_AWARE_ESSENTIAL_LOAD_ADMISSION,ESSENTIAL_RESERVE_FEASIBLE,A0-M_MYOPIC_ADMISSION,non-authoritative reserve-aware admission challenge; unchanged A0 hardware; not attack or spacecraft validation,55fc2d816b210ab18ecf700d22c0a53aa46f86ce,6,bursty_benign,W2 — bursty benign,E0_CANONICAL,POWER_CONSTRAINED,1.0,43200.0,10800.0,43200.0,5a8115be4339e4035578b1f16436ac3daff43a021cd3302d06b9188b3d71459b,f1e4e90f3f517362d1f0d86129448dbb51a9890353ed63ed0111bae36bf018af,,,True,,False,1437600.1708612258,9309162.74855959,0.0,10746762.919420816,4320000.0,0.2420159385639026,2052.0,True,True,40000.0,16416.0,415.0,29964.901580534555,29633.211366972184,970862811.2093195,960116048.2898986,10746762.919420816,0.011069290939298114,40000.0,40000.0,330.3385828709994,318.41485873833295,0.0,0,0.0,0.6057922718571022,0.6125730208464158,93b1ba75d9d087713f67da93840d57287d03aa4b0289c60c2244105e64351aba,-7.279381861735601e-07,0.9,0.2,0.2,0.9,1030953332.0813377,1439151157.8947375,551463009.5969439,479490322.48439384,96859083.63463049,0.0,-1.851288016041508e-05,1.851288016041508e-05,0.0019906141674916815,6.274101505166868,"{""essential_reserve_J"":""maximum_over_full_trace"",""protected_battery_SOC_equivalent"":""maximum_over_full_trace"",""reserve_active"":""any_over_full_trace"",""reserve_denied_compute_W"":""maximum_over_full_trace"",""reserve_limited_compute"":""any_over_full_trace"",""time_until_next_generation_s"":""maximum_over_full_trace""}","{""battery_never_creates_energy"":true,""compute_denial_attribution_closes"":true,""electrical_balance_closes"":true,""essential_reserve_architecture_feasible"":true,""executed_le_design"":true,""executed_le_requested"":true,""fdir_never_increases_power"":true,""finite_state"":true,""housekeeping_priority"":true,""no_hidden_clipping"":true,""reserve_never_increases_power"":true,""soc_within_bounds"":true,""warmup_power_deficit_flag"":false}",[]
run,rsim-001-pwr1.1,RSIM-001-PWR1,A0-R_RESERVE_AWARE_ESSENTIAL_LOAD_ADMISSION,ESSENTIAL_RESERVE_FEASIBLE,A0-M_MYOPIC_ADMISSION,non-authoritative reserve-aware admission challenge; unchanged A0 hardware; not attack or spacecraft validation,55fc2d816b210ab18ecf700d22c0a53aa46f86ce,6,bursty_benign,W2 — bursty benign,E0_CANONICAL,CLOSED_LOOP,1.0,43200.0,10800.0,43200.0,5a8115be4339e4035578b1f16436ac3daff43a021cd3302d06b9188b3d71459b,f1e4e90f3f517362d1f0d86129448dbb51a9890353ed63ed0111bae36bf018af,RSIM canonical-derived monotone FDIR,30.0,True,,False,1437600.1708612258,9309162.74855959,0.0,10746762.919420816,4320000.0,0.2420159385639026,2052.0,True,True,40000.0,16416.0,415.0,29964.901580534555,29633.211366972184,970862811.2093195,960116048.2898986,10746762.919420816,0.011069290939298114,40000.0,40000.0,330.3385828709994,318.41485873833295,0.0,0,0.0,0.6057922718571022,0.6125730208464158,93b1ba75d9d087713f67da93840d57287d03aa4b0289c60c2244105e64351aba,-7.279381861735601e-07,0.9,0.2,0.2,0.9,1030953332.0813377,1439151157.8947375,551463009.5969439,479490322.48439384,96859083.63463049,0.0,-1.851288016041508e-05,1.851288016041508e-05,0.0019906141674916815,6.274101505166868,"{""essential_reserve_J"":""maximum_over_full_trace"",""protected_battery_SOC_equivalent"":""maximum_over_full_trace"",""reserve_active"":""any_over_full_trace"",""reserve_denied_compute_W"":""maximum_over_full_trace"",""reserve_limited_compute"":""any_over_full_trace"",""time_until_next_generation_s"":""maximum_over_full_trace""}","{""battery_never_creates_energy"":true,""compute_denial_attribution_closes"":true,""electrical_balance_closes"":true,""essential_reserve_architecture_feasible"":true,""executed_le_design"":true,""executed_le_requested"":true,""fdir_never_increases_power"":true,""finite_state"":true,""housekeeping_priority"":true,""no_hidden_clipping"":true,""reserve_never_increases_power"":true,""soc_within_bounds"":true,""warmup_power_deficit_flag"":false}",[]
run,rsim-001-pwr1.1,RSIM-001-PWR1,A0-R_RESERVE_AWARE_ESSENTIAL_LOAD_ADMISSION,ESSENTIAL_RESERVE_FEASIBLE,A0-M_MYOPIC_ADMISSION,non-authoritative reserve-aware admission challenge; unchanged A0 hardware; not attack or spacecraft validation,55fc2d816b210ab18ecf700d22c0a53aa46f86ce,6,bursty_benign,W2 — bursty benign,E1_REPRESENTATIVE_ANALYTIC_LEO,POWER_CONSTRAINED,1.0,43200.0,10800.0,43200.0,5a8115be4339e4035578b1f16436ac3daff43a021cd3302d06b9188b3d71459b,b348f00169c885d3849e406bf8ee33c9e3461c493394179d38bcd5672eae6285,,,True,,False,580955.2872043827,12083468.68537722,0.0,12664423.972581603,4496842.105263158,0.24373588926534892,2136.0,True,True,40000.0,16177.0,518.0,29964.901580534555,29574.024297430184,970862811.2093195,958198387.2367378,12664423.972581603,0.013044504152761429,40000.0,40000.0,337.6621383617829,325.30594946718435,0.0,0,0.0,0.6233650895787747,0.6316040512481826,0cdcbb43c1569fd3871883c30d4031c861eb6103e9c0ad7f2ebfcd034f57e3d8,-1.9497874745866284e-06,0.9,0.4555956071836632,0.2,0.9,1024279347.6694784,1451993045.840408,534986086.91731966,489293260.7521588,83673174.77589805,0.0,-1.8478929177945247e-05,1.928540177686955e-05,0.0019869791327577274,6.070370029933827,"{""essential_reserve_J"":""maximum_over_full_trace"",""protected_battery_SOC_equivalent"":""maximum_over_full_trace"",""reserve_active"":""any_over_full_trace"",""reserve_denied_compute_W"":""maximum_over_full_trace"",""reserve_limited_compute"":""any_over_full_trace"",""time_until_next_generation_s"":""maximum_over_full_trace""}","{""battery_never_creates_energy"":true,""compute_denial_attribution_closes"":true,""electrical_balance_closes"":true,""essential_reserve_architecture_feasible"":true,""executed_le_design"":true,""executed_le_requested"":true,""fdir_never_increases_power"":true,""finite_state"":true,""housekeeping_priority"":true,""no_hidden_clipping"":true,""reserve_never_increases_power"":true,""soc_within_bounds"":true,""warmup_power_deficit_flag"":false}","[""E1 is a fixed-wall-clock representative environment challenge, not a periodic/steady-state result"",""E1 radiator incidence and Earth-view factors are ASSUMED_EXPLORATORY"",""E1 albedo is a bounded analytic approximation, not a flight environment model""]"
run,rsim-001-pwr1.1,RSIM-001-PWR1,A0-R_RESERVE_AWARE_ESSENTIAL_LOAD_ADMISSION,ESSENTIAL_RESERVE_FEASIBLE,A0-M_MYOPIC_ADMISSION,non-authoritative reserve-aware admission challenge; unchanged A0 hardware; not attack or spacecraft validation,55fc2d816b210ab18ecf700d22c0a53aa46f86ce,6,bursty_benign,W2 — bursty benign,E1_REPRESENTATIVE_ANALYTIC_LEO,CLOSED_LOOP,1.0,43200.0,10800.0,43200.0,5a8115be4339e4035578b1f16436ac3daff43a021cd3302d06b9188b3d71459b,b348f00169c885d3849e406bf8ee33c9e3461c493394179d38bcd5672eae6285,RSIM canonical-derived monotone FDIR,30.0,True,,False,580955.2872043827,12083468.68537722,0.0,12664423.972581603,4496842.105263158,0.24373588926534892,2136.0,True,True,40000.0,16177.0,518.0,29964.901580534555,29574.024297430184,970862811.2093195,958198387.2367378,12664423.972581603,0.013044504152761429,40000.0,40000.0,337.6621383617829,325.30594946718435,0.0,0,0.0,0.6233650895787747,0.6316040512481826,0cdcbb43c1569fd3871883c30d4031c861eb6103e9c0ad7f2ebfcd034f57e3d8,-1.9497874745866284e-06,0.9,0.4555956071836632,0.2,0.9,1024279347.6694784,1451993045.840408,534986086.91731966,489293260.7521588,83673174.77589805,0.0,-1.8478929177945247e-05,1.928540177686955e-05,0.0019869791327577274,6.070370029933827,"{""essential_reserve_J"":""maximum_over_full_trace"",""protected_battery_SOC_equivalent"":""maximum_over_full_trace"",""reserve_active"":""any_over_full_trace"",""reserve_denied_compute_W"":""maximum_over_full_trace"",""reserve_limited_compute"":""any_over_full_trace"",""time_until_next_generation_s"":""maximum_over_full_trace""}","{""battery_never_creates_energy"":true,""compute_denial_attribution_closes"":true,""electrical_balance_closes"":true,""essential_reserve_architecture_feasible"":true,""executed_le_design"":true,""executed_le_requested"":true,""fdir_never_increases_power"":true,""finite_state"":true,""housekeeping_priority"":true,""no_hidden_clipping"":true,""reserve_never_increases_power"":true,""soc_within_bounds"":true,""warmup_power_deficit_flag"":false}","[""E1 is a fixed-wall-clock representative environment challenge, not a periodic/steady-state result"",""E1 radiator incidence and Earth-view factors are ASSUMED_EXPLORATORY"",""E1 albedo is a bounded analytic approximation, not a flight environment model""]"
run,rsim-001-pwr1.1,RSIM-001-PWR1,A0-R_RESERVE_AWARE_ESSENTIAL_LOAD_ADMISSION,ESSENTIAL_RESERVE_FEASIBLE,A0-M_MYOPIC_ADMISSION,non-authoritative reserve-aware admission challenge; unchanged A0 hardware; not attack or spacecraft validation,55fc2d816b210ab18ecf700d22c0a53aa46f86ce,6,queue_driven_benign,W3 — queue-driven benign,E0_CANONICAL,POWER_CONSTRAINED,1.0,43200.0,10800.0,43200.0,55e7ceb07b1d3b35d38af466da3cd4faa052a584420b7f22b965e3243b025ac4,f1e4e90f3f517362d1f0d86129448dbb51a9890353ed63ed0111bae36bf018af,,,True,,False,1061245.7825807063,18969006.924662303,0.0,20030252.707243007,4320000.0,0.2420159385639026,2052.0,True,True,40000.0,16416.0,534.0,29964.90158053455,29346.683904385078,970862811.2093195,950832558.5020765,20030252.707243007,0.020631393515107517,39279.329070211854,39279.329070211854,331.2199838213792,318.89847736566145,0.0,0,0.0,0.6172035673131938,0.6302055867692494,f516c71158c56f5078ea6102c5fa384ba82cf00527c8b70077fa20f2f9f233c1,-5.225092536420561e-06,0.9,0.2,0.2,0.9,996834506.3609352,1439151157.8947375,534403596.73673093,462430909.6242043,127265177.93875517,0.0,1.934974079631502e-06,1.8165982965001604e-05,0.001973554754631468,7.155502455546639,"{""essential_reserve_J"":""maximum_over_full_trace"",""protected_battery_SOC_equivalent"":""maximum_over_full_trace"",""reserve_active"":""any_over_full_trace"",""reserve_denied_compute_W"":""maximum_over_full_trace"",""reserve_limited_compute"":""any_over_full_trace"",""time_until_next_generation_s"":""maximum_over_full_trace""}","{""battery_never_creates_energy"":true,""compute_denial_attribution_closes"":true,""electrical_balance_closes"":true,""essential_reserve_architecture_feasible"":true,""executed_le_design"":true,""executed_le_requested"":true,""fdir_never_increases_power"":true,""finite_state"":true,""housekeeping_priority"":true,""no_hidden_clipping"":true,""reserve_never_increases_power"":true,""soc_within_bounds"":true,""warmup_power_deficit_flag"":false}",[]
run,rsim-001-pwr1.1,RSIM-001-PWR1,A0-R_RESERVE_AWARE_ESSENTIAL_LOAD_ADMISSION,ESSENTIAL_RESERVE_FEASIBLE,A0-M_MYOPIC_ADMISSION,non-authoritative reserve-aware admission challenge; unchanged A0 hardware; not attack or spacecraft validation,55fc2d816b210ab18ecf700d22c0a53aa46f86ce,6,queue_driven_benign,W3 — queue-driven benign,E0_CANONICAL,CLOSED_LOOP,1.0,43200.0,10800.0,43200.0,55e7ceb07b1d3b35d38af466da3cd4faa052a584420b7f22b965e3243b025ac4,f1e4e90f3f517362d1f0d86129448dbb51a9890353ed63ed0111bae36bf018af,RSIM canonical-derived monotone FDIR,30.0,True,,False,1061245.7825807063,18969006.924662303,0.0,20030252.707243007,4320000.0,0.2420159385639026,2052.0,True,True,40000.0,16416.0,534.0,29964.90158053455,29346.683904385078,970862811.2093195,950832558.5020765,20030252.707243007,0.020631393515107517,39279.329070211854,39279.329070211854,331.2199838213792,318.89847736566145,0.0,0,0.0,0.6172035673131938,0.6302055867692494,f516c71158c56f5078ea6102c5fa384ba82cf00527c8b70077fa20f2f9f233c1,-5.225092536420561e-06,0.9,0.2,0.2,0.9,996834506.3609352,1439151157.8947375,534403596.73673093,462430909.6242043,127265177.93875517,0.0,1.934974079631502e-06,1.8165982965001604e-05,0.001973554754631468,7.155502455546639,"{""essential_reserve_J"":""maximum_over_full_trace"",""protected_battery_SOC_equivalent"":""maximum_over_full_trace"",""reserve_active"":""any_over_full_trace"",""reserve_denied_compute_W"":""maximum_over_full_trace"",""reserve_limited_compute"":""any_over_full_trace"",""time_until_next_generation_s"":""maximum_over_full_trace""}","{""battery_never_creates_energy"":true,""compute_denial_attribution_closes"":true,""electrical_balance_closes"":true,""essential_reserve_architecture_feasible"":true,""executed_le_design"":true,""executed_le_requested"":true,""fdir_never_increases_power"":true,""finite_state"":true,""housekeeping_priority"":true,""no_hidden_clipping"":true,""reserve_never_increases_power"":true,""soc_within_bounds"":true,""warmup_power_deficit_flag"":false}",[]
run,rsim-001-pwr1.1,RSIM-001-PWR1,A0-R_RESERVE_AWARE_ESSENTIAL_LOAD_ADMISSION,ESSENTIAL_RESERVE_FEASIBLE,A0-M_MYOPIC_ADMISSION,non-authoritative reserve-aware admission challenge; unchanged A0 hardware; not attack or spacecraft validation,55fc2d816b210ab18ecf700d22c0a53aa46f86ce,6,queue_driven_benign,W3 — queue-driven benign,E1_REPRESENTATIVE_ANALYTIC_LEO,POWER_CONSTRAINED,1.0,43200.0,10800.0,43200.0,55e7ceb07b1d3b35d38af466da3cd4faa052a584420b7f22b965e3243b025ac4,b348f00169c885d3849e406bf8ee33c9e3461c493394179d38bcd5672eae6285,,,True,,False,1220039.0732828078,17685244.585237037,0.0,18905283.658519845,4496842.105263158,0.24373588926534892,2136.0,True,True,39279.329070211854,16177.0,486.0,29964.90158053455,29381.405171320974,970862811.2093195,951957527.5507996,18905283.658519845,0.019472662296098432,39279.329070211854,39279.329070211854,338.6063937227029,325.8866760481767,0.0,0,0.0,0.631917416446062,0.6444669028054041,ab0b0b1030d2dc77862cfd37dd61174cdd865d2565645448d73a1a3d9deb916b,-1.7553329598740675e-06,0.9,0.4875662101734257,0.2,0.9,979398834.4299676,1451993045.840408,510902251.57913834,468496582.85082936,109309440.23505476,0.0,7.065036697895266e-07,1.3026386568526505e-05,0.001962895297419546,7.01462539085378,"{""essential_reserve_J"":""maximum_over_full_trace"",""protected_battery_SOC_equivalent"":""maximum_over_full_trace"",""reserve_active"":""any_over_full_trace"",""reserve_denied_compute_W"":""maximum_over_full_trace"",""reserve_limited_compute"":""any_over_full_trace"",""time_until_next_generation_s"":""maximum_over_full_trace""}","{""battery_never_creates_energy"":true,""compute_denial_attribution_closes"":true,""electrical_balance_closes"":true,""essential_reserve_architecture_feasible"":true,""executed_le_design"":true,""executed_le_requested"":true,""fdir_never_increases_power"":true,""finite_state"":true,""housekeeping_priority"":true,""no_hidden_clipping"":true,""reserve_never_increases_power"":true,""soc_within_bounds"":true,""warmup_power_deficit_flag"":false}","[""E1 is a fixed-wall-clock representative environment challenge, not a periodic/steady-state result"",""E1 radiator incidence and Earth-view factors are ASSUMED_EXPLORATORY"",""E1 albedo is a bounded analytic approximation, not a flight environment model""]"
run,rsim-001-pwr1.1,RSIM-001-PWR1,A0-R_RESERVE_AWARE_ESSENTIAL_LOAD_ADMISSION,ESSENTIAL_RESERVE_FEASIBLE,A0-M_MYOPIC_ADMISSION,non-authoritative reserve-aware admission challenge; unchanged A0 hardware; not attack or spacecraft validation,55fc2d816b210ab18ecf700d22c0a53aa46f86ce,6,queue_driven_benign,W3 — queue-driven benign,E1_REPRESENTATIVE_ANALYTIC_LEO,CLOSED_LOOP,1.0,43200.0,10800.0,43200.0,55e7ceb07b1d3b35d38af466da3cd4faa052a584420b7f22b965e3243b025ac4,b348f00169c885d3849e406bf8ee33c9e3461c493394179d38bcd5672eae6285,RSIM canonical-derived monotone FDIR,30.0,True,,False,1220039.0732828078,17685244.585237037,0.0,18905283.658519845,4496842.105263158,0.24373588926534892,2136.0,True,True,39279.329070211854,16177.0,486.0,29964.90158053455,29381.405171320974,970862811.2093195,951957527.5507996,18905283.658519845,0.019472662296098432,39279.329070211854,39279.329070211854,338.6063937227029,325.8866760481767,0.0,0,0.0,0.631917416446062,0.6444669028054041,ab0b0b1030d2dc77862cfd37dd61174cdd865d2565645448d73a1a3d9deb916b,-1.7553329598740675e-06,0.9,0.4875662101734257,0.2,0.9,979398834.4299676,1451993045.840408,510902251.57913834,468496582.85082936,109309440.23505476,0.0,7.065036697895266e-07,1.3026386568526505e-05,0.001962895297419546,7.01462539085378,"{""essential_reserve_J"":""maximum_over_full_trace"",""protected_battery_SOC_equivalent"":""maximum_over_full_trace"",""reserve_active"":""any_over_full_trace"",""reserve_denied_compute_W"":""maximum_over_full_trace"",""reserve_limited_compute"":""any_over_full_trace"",""time_until_next_generation_s"":""maximum_over_full_trace""}","{""battery_never_creates_energy"":true,""compute_denial_attribution_closes"":true,""electrical_balance_closes"":true,""essential_reserve_architecture_feasible"":true,""executed_le_design"":true,""executed_le_requested"":true,""fdir_never_increases_power"":true,""finite_state"":true,""housekeeping_priority"":true,""no_hidden_clipping"":true,""reserve_never_increases_power"":true,""soc_within_bounds"":true,""warmup_power_deficit_flag"":false}","[""E1 is a fixed-wall-clock representative environment challenge, not a periodic/steady-state result"",""E1 radiator incidence and Earth-view factors are ASSUMED_EXPLORATORY"",""E1 albedo is a bounded analytic approximation, not a flight environment model""]"
run,rsim-001-pwr1.1,RSIM-001-PWR1,A0-R_RESERVE_AWARE_ESSENTIAL_LOAD_ADMISSION,ESSENTIAL_RESERVE_FEASIBLE,A0-M_MYOPIC_ADMISSION,non-authoritative reserve-aware admission challenge; unchanged A0 hardware; not attack or spacecraft validation,55fc2d816b210ab18ecf700d22c0a53aa46f86ce,6,power_aware_benign,W4 — power-aware benign,E0_CANONICAL,POWER_CONSTRAINED,1.0,43200.0,10800.0,43200.0,21d03c060a5ec82a57c8094fa6b18ec5bd3d8cb40b115d861e160b33f4490a45,f1e4e90f3f517362d1f0d86129448dbb51a9890353ed63ed0111bae36bf018af,,,True,,False,0.0,0.0,0.0,0.0,4320000.0,0.2420159385639026,2052.0,True,False,0.0,16416.0,0.0,29964.901580534548,29964.901580534548,970862811.2093195,970862811.2093195,0.0,0.0,39107.65568302807,39107.65568302807,334.50336333831547,322.12860591015755,0.0,0,0.0,0.686358109736966,0.686358109736966,924656e7fc976468a0b22767c18d186706b512e5ee5a1e956e7ab081f5cdccd4,-2.4719774955883622e-06,0.9,0.3384661010265165,0.3382856959428852,0.9,836704558.0472584,1439151157.8947375,447220210.17642236,389484347.8708359,109906836.00936757,0.0,-4.142465695622377e-05,4.1649651393527165e-05,0.0018863713680711599,10.438881972482932,"{""essential_reserve_J"":""maximum_over_full_trace"",""protected_battery_SOC_equivalent"":""maximum_over_full_trace"",""reserve_active"":""any_over_full_trace"",""reserve_denied_compute_W"":""maximum_over_full_trace"",""reserve_limited_compute"":""any_over_full_trace"",""time_until_next_generation_s"":""maximum_over_full_trace""}","{""battery_never_creates_energy"":true,""compute_denial_attribution_closes"":true,""electrical_balance_closes"":true,""essential_reserve_architecture_feasible"":true,""executed_le_design"":true,""executed_le_requested"":true,""fdir_never_increases_power"":true,""finite_state"":true,""housekeeping_priority"":true,""no_hidden_clipping"":true,""reserve_never_increases_power"":true,""soc_within_bounds"":true,""warmup_power_deficit_flag"":false}",[]
run,rsim-001-pwr1.1,RSIM-001-PWR1,A0-R_RESERVE_AWARE_ESSENTIAL_LOAD_ADMISSION,ESSENTIAL_RESERVE_FEASIBLE,A0-M_MYOPIC_ADMISSION,non-authoritative reserve-aware admission challenge; unchanged A0 hardware; not attack or spacecraft validation,55fc2d816b210ab18ecf700d22c0a53aa46f86ce,6,power_aware_benign,W4 — power-aware benign,E0_CANONICAL,CLOSED_LOOP,1.0,43200.0,10800.0,43200.0,21d03c060a5ec82a57c8094fa6b18ec5bd3d8cb40b115d861e160b33f4490a45,f1e4e90f3f517362d1f0d86129448dbb51a9890353ed63ed0111bae36bf018af,RSIM canonical-derived monotone FDIR,30.0,True,,False,0.0,0.0,0.0,0.0,4320000.0,0.2420159385639026,2052.0,True,False,0.0,16416.0,0.0,29964.901580534548,29964.901580534548,970862811.2093195,970862811.2093195,0.0,0.0,39107.65568302807,39107.65568302807,334.50336333831547,322.12860591015755,0.0,0,0.0,0.686358109736966,0.686358109736966,924656e7fc976468a0b22767c18d186706b512e5ee5a1e956e7ab081f5cdccd4,-2.4719774955883622e-06,0.9,0.3384661010265165,0.3382856959428852,0.9,836704558.0472584,1439151157.8947375,447220210.17642236,389484347.8708359,109906836.00936757,0.0,-4.142465695622377e-05,4.1649651393527165e-05,0.0018863713680711599,10.438881972482932,"{""essential_reserve_J"":""maximum_over_full_trace"",""protected_battery_SOC_equivalent"":""maximum_over_full_trace"",""reserve_active"":""any_over_full_trace"",""reserve_denied_compute_W"":""maximum_over_full_trace"",""reserve_limited_compute"":""any_over_full_trace"",""time_until_next_generation_s"":""maximum_over_full_trace""}","{""battery_never_creates_energy"":true,""compute_denial_attribution_closes"":true,""electrical_balance_closes"":true,""essential_reserve_architecture_feasible"":true,""executed_le_design"":true,""executed_le_requested"":true,""fdir_never_increases_power"":true,""finite_state"":true,""housekeeping_priority"":true,""no_hidden_clipping"":true,""reserve_never_increases_power"":true,""soc_within_bounds"":true,""warmup_power_deficit_flag"":false}",[]
run,rsim-001-pwr1.1,RSIM-001-PWR1,A0-R_RESERVE_AWARE_ESSENTIAL_LOAD_ADMISSION,ESSENTIAL_RESERVE_FEASIBLE,A0-M_MYOPIC_ADMISSION,non-authoritative reserve-aware admission challenge; unchanged A0 hardware; not attack or spacecraft validation,55fc2d816b210ab18ecf700d22c0a53aa46f86ce,6,power_aware_benign,W4 — power-aware benign,E1_REPRESENTATIVE_ANALYTIC_LEO,POWER_CONSTRAINED,1.0,43200.0,10800.0,43200.0,21d03c060a5ec82a57c8094fa6b18ec5bd3d8cb40b115d861e160b33f4490a45,b348f00169c885d3849e406bf8ee33c9e3461c493394179d38bcd5672eae6285,,,True,,False,113494.5158681377,2174356.887429484,0.0,2287851.403297622,4496842.105263158,0.24373588926534892,2136.0,True,True,26128.6010307659,16177.0,263.0,29964.901580534548,29894.28888290191,970862811.2093195,968574959.8060218,2287851.403297622,0.002356513584496912,39107.65568302807,39107.65568302807,341.7554576743264,329.1882959824957,0.0,0,0.0,0.6804301134156375,0.6820373436811563,ede5e4edb904c9a9163492b5aa885df4b4832edb4bac7cc7584c5509b19d9b42,-2.741440312092891e-06,0.9,0.6054216437315627,0.2,0.9,956088369.2273983,1451993045.840408,493188181.660727,462900187.56667125,95153298.44976471,0.0,-3.312210719741415e-05,3.312210719741415e-05,0.0019451812275011352,10.163689342477312,"{""essential_reserve_J"":""maximum_over_full_trace"",""protected_battery_SOC_equivalent"":""maximum_over_full_trace"",""reserve_active"":""any_over_full_trace"",""reserve_denied_compute_W"":""maximum_over_full_trace"",""reserve_limited_compute"":""any_over_full_trace"",""time_until_next_generation_s"":""maximum_over_full_trace""}","{""battery_never_creates_energy"":true,""compute_denial_attribution_closes"":true,""electrical_balance_closes"":true,""essential_reserve_architecture_feasible"":true,""executed_le_design"":true,""executed_le_requested"":true,""fdir_never_increases_power"":true,""finite_state"":true,""housekeeping_priority"":true,""no_hidden_clipping"":true,""reserve_never_increases_power"":true,""soc_within_bounds"":true,""warmup_power_deficit_flag"":false}","[""E1 is a fixed-wall-clock representative environment challenge, not a periodic/steady-state result"",""E1 radiator incidence and Earth-view factors are ASSUMED_EXPLORATORY"",""E1 albedo is a bounded analytic approximation, not a flight environment model""]"
run,rsim-001-pwr1.1,RSIM-001-PWR1,A0-R_RESERVE_AWARE_ESSENTIAL_LOAD_ADMISSION,ESSENTIAL_RESERVE_FEASIBLE,A0-M_MYOPIC_ADMISSION,non-authoritative reserve-aware admission challenge; unchanged A0 hardware; not attack or spacecraft validation,55fc2d816b210ab18ecf700d22c0a53aa46f86ce,6,power_aware_benign,W4 — power-aware benign,E1_REPRESENTATIVE_ANALYTIC_LEO,CLOSED_LOOP,1.0,43200.0,10800.0,43200.0,21d03c060a5ec82a57c8094fa6b18ec5bd3d8cb40b115d861e160b33f4490a45,b348f00169c885d3849e406bf8ee33c9e3461c493394179d38bcd5672eae6285,RSIM canonical-derived monotone FDIR,30.0,True,,False,113494.5158681377,2174356.887429484,0.0,2287851.403297622,4496842.105263158,0.24373588926534892,2136.0,True,True,26128.6010307659,16177.0,263.0,29964.901580534548,29894.28888290191,970862811.2093195,968574959.8060218,2287851.403297622,0.002356513584496912,39107.65568302807,39107.65568302807,341.7554576743264,329.1882959824957,0.0,0,0.0,0.6804301134156375,0.6820373436811563,ede5e4edb904c9a9163492b5aa885df4b4832edb4bac7cc7584c5509b19d9b42,-2.741440312092891e-06,0.9,0.6054216437315627,0.2,0.9,956088369.2273983,1451993045.840408,493188181.660727,462900187.56667125,95153298.44976471,0.0,-3.312210719741415e-05,3.312210719741415e-05,0.0019451812275011352,10.163689342477312,"{""essential_reserve_J"":""maximum_over_full_trace"",""protected_battery_SOC_equivalent"":""maximum_over_full_trace"",""reserve_active"":""any_over_full_trace"",""reserve_denied_compute_W"":""maximum_over_full_trace"",""reserve_limited_compute"":""any_over_full_trace"",""time_until_next_generation_s"":""maximum_over_full_trace""}","{""battery_never_creates_energy"":true,""compute_denial_attribution_closes"":true,""electrical_balance_closes"":true,""essential_reserve_architecture_feasible"":true,""executed_le_design"":true,""executed_le_requested"":true,""fdir_never_increases_power"":true,""finite_state"":true,""housekeeping_priority"":true,""no_hidden_clipping"":true,""reserve_never_increases_power"":true,""soc_within_bounds"":true,""warmup_power_deficit_flag"":false}","[""E1 is a fixed-wall-clock representative environment challenge, not a periodic/steady-state result"",""E1 radiator incidence and Earth-view factors are ASSUMED_EXPLORATORY"",""E1 albedo is a bounded analytic approximation, not a flight environment model""]"
run,rsim-001-pwr1.1,RSIM-001-PWR1,A0-R_RESERVE_AWARE_ESSENTIAL_LOAD_ADMISSION,ESSENTIAL_RESERVE_FEASIBLE,A0-M_MYOPIC_ADMISSION,non-authoritative reserve-aware admission challenge; unchanged A0 hardware; not attack or spacecraft validation,55fc2d816b210ab18ecf700d22c0a53aa46f86ce,6,phase_shaped_candidate,W5 — phase-shaped adversarial candidate,E0_CANONICAL,POWER_CONSTRAINED,1.0,43200.0,10800.0,43200.0,815b373ae02d7eb29f8a9c76a5f4d60f837c6d02b64bc2de8515aac148215830,f1e4e90f3f517362d1f0d86129448dbb51a9890353ed63ed0111bae36bf018af,,,True,,False,0.0,0.0,0.0,0.0,4320000.0,0.2420159385639026,2052.0,True,False,0.0,16416.0,0.0,29964.901580534548,29964.901580534548,970862811.2093195,970862811.2093195,0.0,0.0,40000.0,40000.0,341.43342437508113,327.7436563639455,0.0,0,0.0,0.825692991614338,0.825692991614338,ae3ac79db2eca6c20943573b46521a4561a2c55fa79813e24781629bb64c82ef,-1.4727743291587103e-06,0.9,0.5693079667579204,0.5690688654793822,0.9,509603401.5468781,1439151157.8947375,271802268.08709764,237801133.4597805,66590668.44368367,0.0,-4.060071296407841e-05,4.078800884599332e-05,0.0017109534259818352,17.368943009248596,"{""essential_reserve_J"":""maximum_over_full_trace"",""protected_battery_SOC_equivalent"":""maximum_over_full_trace"",""reserve_active"":""any_over_full_trace"",""reserve_denied_compute_W"":""maximum_over_full_trace"",""reserve_limited_compute"":""any_over_full_trace"",""time_until_next_generation_s"":""maximum_over_full_trace""}","{""battery_never_creates_energy"":true,""compute_denial_attribution_closes"":true,""electrical_balance_closes"":true,""essential_reserve_architecture_feasible"":true,""executed_le_design"":true,""executed_le_requested"":true,""fdir_never_increases_power"":true,""finite_state"":true,""housekeeping_priority"":true,""no_hidden_clipping"":true,""reserve_never_increases_power"":true,""soc_within_bounds"":true,""warmup_power_deficit_flag"":false}",[]
run,rsim-001-pwr1.1,RSIM-001-PWR1,A0-R_RESERVE_AWARE_ESSENTIAL_LOAD_ADMISSION,ESSENTIAL_RESERVE_FEASIBLE,A0-M_MYOPIC_ADMISSION,non-authoritative reserve-aware admission challenge; unchanged A0 hardware; not attack or spacecraft validation,55fc2d816b210ab18ecf700d22c0a53aa46f86ce,6,phase_shaped_candidate,W5 — phase-shaped adversarial candidate,E0_CANONICAL,CLOSED_LOOP,1.0,43200.0,10800.0,43200.0,815b373ae02d7eb29f8a9c76a5f4d60f837c6d02b64bc2de8515aac148215830,f1e4e90f3f517362d1f0d86129448dbb51a9890353ed63ed0111bae36bf018af,RSIM canonical-derived monotone FDIR,30.0,True,,False,0.0,0.0,0.0,0.0,4320000.0,0.2420159385639026,2052.0,True,False,0.0,16416.0,0.0,29964.901580534548,29964.901580534548,970862811.2093195,970862811.2093195,0.0,0.0,40000.0,40000.0,341.43342437508113,327.7436563639455,0.0,0,0.0,0.825692991614338,0.825692991614338,ae3ac79db2eca6c20943573b46521a4561a2c55fa79813e24781629bb64c82ef,-1.4727743291587103e-06,0.9,0.5693079667579204,0.5690688654793822,0.9,509603401.5468781,1439151157.8947375,271802268.08709764,237801133.4597805,66590668.44368367,0.0,-4.060071296407841e-05,4.078800884599332e-05,0.0017109534259818352,17.368943009248596,"{""essential_reserve_J"":""maximum_over_full_trace"",""protected_battery_SOC_equivalent"":""maximum_over_full_trace"",""reserve_active"":""any_over_full_trace"",""reserve_denied_compute_W"":""maximum_over_full_trace"",""reserve_limited_compute"":""any_over_full_trace"",""time_until_next_generation_s"":""maximum_over_full_trace""}","{""battery_never_creates_energy"":true,""compute_denial_attribution_closes"":true,""electrical_balance_closes"":true,""essential_reserve_architecture_feasible"":true,""executed_le_design"":true,""executed_le_requested"":true,""fdir_never_increases_power"":true,""finite_state"":true,""housekeeping_priority"":true,""no_hidden_clipping"":true,""reserve_never_increases_power"":true,""soc_within_bounds"":true,""warmup_power_deficit_flag"":false}",[]
run,rsim-001-pwr1.1,RSIM-001-PWR1,A0-R_RESERVE_AWARE_ESSENTIAL_LOAD_ADMISSION,ESSENTIAL_RESERVE_FEASIBLE,A0-M_MYOPIC_ADMISSION,non-authoritative reserve-aware admission challenge; unchanged A0 hardware; not attack or spacecraft validation,55fc2d816b210ab18ecf700d22c0a53aa46f86ce,6,phase_shaped_candidate,W5 — phase-shaped adversarial candidate,E1_REPRESENTATIVE_ANALYTIC_LEO,POWER_CONSTRAINED,1.0,43200.0,10800.0,43200.0,815b373ae02d7eb29f8a9c76a5f4d60f837c6d02b64bc2de8515aac148215830,b348f00169c885d3849e406bf8ee33c9e3461c493394179d38bcd5672eae6285,,,True,,False,0.0,0.0,0.0,0.0,4496842.105263158,0.24373588926534892,2136.0,True,True,14611.150700953971,16177.0,411.0,29964.901580534548,29964.901580534548,970862811.2093195,970862811.2093195,0.0,0.0,40000.0,40000.0,348.34126567576334,334.465003925817,151.0,0,0.0,0.7669695659310334,0.7669695659310334,2d2bd79198eddf5c5bc07ba0df6763e12bae85f95c6adf3d2db4cade2a4da985,6.521754585264716e-07,0.9,0.7025008061495287,0.2,0.9,787199032.5644548,1451993045.840408,403752764.6279158,383446267.9365388,57100191.01372388,0.0,-1.8537050891609397e-05,1.8707492017711047e-05,0.001855745810468324,16.749497343914243,"{""essential_reserve_J"":""maximum_over_full_trace"",""protected_battery_SOC_equivalent"":""maximum_over_full_trace"",""reserve_active"":""any_over_full_trace"",""reserve_denied_compute_W"":""maximum_over_full_trace"",""reserve_limited_compute"":""any_over_full_trace"",""time_until_next_generation_s"":""maximum_over_full_trace""}","{""battery_never_creates_energy"":true,""compute_denial_attribution_closes"":true,""electrical_balance_closes"":true,""essential_reserve_architecture_feasible"":true,""executed_le_design"":true,""executed_le_requested"":true,""fdir_never_increases_power"":true,""finite_state"":true,""housekeeping_priority"":true,""no_hidden_clipping"":true,""reserve_never_increases_power"":true,""soc_within_bounds"":true,""warmup_power_deficit_flag"":false}","[""E1 is a fixed-wall-clock representative environment challenge, not a periodic/steady-state result"",""E1 radiator incidence and Earth-view factors are ASSUMED_EXPLORATORY"",""E1 albedo is a bounded analytic approximation, not a flight environment model""]"
run,rsim-001-pwr1.1,RSIM-001-PWR1,A0-R_RESERVE_AWARE_ESSENTIAL_LOAD_ADMISSION,ESSENTIAL_RESERVE_FEASIBLE,A0-M_MYOPIC_ADMISSION,non-authoritative reserve-aware admission challenge; unchanged A0 hardware; not attack or spacecraft validation,55fc2d816b210ab18ecf700d22c0a53aa46f86ce,6,phase_shaped_candidate,W5 — phase-shaped adversarial candidate,E1_REPRESENTATIVE_ANALYTIC_LEO,CLOSED_LOOP,1.0,43200.0,10800.0,43200.0,815b373ae02d7eb29f8a9c76a5f4d60f837c6d02b64bc2de8515aac148215830,b348f00169c885d3849e406bf8ee33c9e3461c493394179d38bcd5672eae6285,RSIM canonical-derived monotone FDIR,30.0,True,,False,0.0,0.0,2370498.3213818166,2370498.3213818166,4496842.105263158,0.24373588926534892,2136.0,True,True,14611.150700953971,16177.0,411.0,29964.901580534548,29891.738052096836,970862811.2093195,968492312.8879377,2370498.3213818166,0.002441640872441177,40000.0,40000.0,348.20455984344306,334.4260141123332,31.0,1,85.0,0.7669695659310334,0.7663991966617677,5e91dad9b116f3cec6c76b75ecd1b5ab31be8f651b34bfee452de441815e1a65,8.454217095277272e-07,0.9,0.7025008061495287,0.2,0.9,787199032.5644549,1451993045.840408,403752764.6279158,383446267.93653905,59470689.33510549,0.0,-1.8346500837651547e-05,1.8516941963753197e-05,0.001855745810468324,16.61279151159397,"{""essential_reserve_J"":""maximum_over_full_trace"",""protected_battery_SOC_equivalent"":""maximum_over_full_trace"",""reserve_active"":""any_over_full_trace"",""reserve_denied_compute_W"":""maximum_over_full_trace"",""reserve_limited_compute"":""any_over_full_trace"",""time_until_next_generation_s"":""maximum_over_full_trace""}","{""battery_never_creates_energy"":true,""compute_denial_attribution_closes"":true,""electrical_balance_closes"":true,""essential_reserve_architecture_feasible"":true,""executed_le_design"":true,""executed_le_requested"":true,""fdir_never_increases_power"":true,""finite_state"":true,""housekeeping_priority"":true,""no_hidden_clipping"":true,""reserve_never_increases_power"":true,""soc_within_bounds"":true,""warmup_power_deficit_flag"":false}","[""E1 is a fixed-wall-clock representative environment challenge, not a periodic/steady-state result"",""E1 radiator incidence and Earth-view factors are ASSUMED_EXPLORATORY"",""E1 albedo is a bounded analytic approximation, not a flight environment model""]"
run,rsim-001-pwr1.1,RSIM-001-PWR1,A0-R_RESERVE_AWARE_ESSENTIAL_LOAD_ADMISSION,ESSENTIAL_RESERVE_FEASIBLE,A0-M_MYOPIC_ADMISSION,non-authoritative reserve-aware admission challenge; unchanged A0 hardware; not attack or spacecraft validation,55fc2d816b210ab18ecf700d22c0a53aa46f86ce,7,constant_reference,W0 — constant reference,E0_CANONICAL,POWER_CONSTRAINED,1.0,43200.0,10800.0,43200.0,f7b51ef000c1a9d832959f471adad6b2fe43817248271a215bf01307d96d6aeb,f1e4e90f3f517362d1f0d86129448dbb51a9890353ed63ed0111bae36bf018af,,,True,,False,0.0,0.0,0.0,0.0,4320000.0,0.2420159385639026,2052.0,True,False,0.0,16416.0,0.0,29956.26097353537,29956.26097353537,970582855.5425459,970582855.5425459,0.0,0.0,29956.26097353537,29956.26097353537,324.04675058131704,313.4816551848346,0.0,0,0.0,0.62,0.62,7708f576efd0567ccb2387daf87110b10228daf64c3e141b029ba49939ad4e4b,-8.093152246146929e-07,0.9,0.22866385110193188,0.22866385110193188,0.9,1035382855.5425258,1439151157.8947375,552204189.6226914,483178665.91983443,74625541.95868716,0.0,-3.601051867008209e-05,3.784694126807153e-05,0.0019913553475174287,0.0,"{""essential_reserve_J"":""maximum_over_full_trace"",""protected_battery_SOC_equivalent"":""maximum_over_full_trace"",""reserve_active"":""any_over_full_trace"",""reserve_denied_compute_W"":""maximum_over_full_trace"",""reserve_limited_compute"":""any_over_full_trace"",""time_until_next_generation_s"":""maximum_over_full_trace""}","{""battery_never_creates_energy"":true,""compute_denial_attribution_closes"":true,""electrical_balance_closes"":true,""essential_reserve_architecture_feasible"":true,""executed_le_design"":true,""executed_le_requested"":true,""fdir_never_increases_power"":true,""finite_state"":true,""housekeeping_priority"":true,""no_hidden_clipping"":true,""reserve_never_increases_power"":true,""soc_within_bounds"":true,""warmup_power_deficit_flag"":false}",[]
run,rsim-001-pwr1.1,RSIM-001-PWR1,A0-R_RESERVE_AWARE_ESSENTIAL_LOAD_ADMISSION,ESSENTIAL_RESERVE_FEASIBLE,A0-M_MYOPIC_ADMISSION,non-authoritative reserve-aware admission challenge; unchanged A0 hardware; not attack or spacecraft validation,55fc2d816b210ab18ecf700d22c0a53aa46f86ce,7,constant_reference,W0 — constant reference,E0_CANONICAL,CLOSED_LOOP,1.0,43200.0,10800.0,43200.0,f7b51ef000c1a9d832959f471adad6b2fe43817248271a215bf01307d96d6aeb,f1e4e90f3f517362d1f0d86129448dbb51a9890353ed63ed0111bae36bf018af,RSIM canonical-derived monotone FDIR,30.0,True,,False,0.0,0.0,0.0,0.0,4320000.0,0.2420159385639026,2052.0,True,False,0.0,16416.0,0.0,29956.26097353537,29956.26097353537,970582855.5425459,970582855.5425459,0.0,0.0,29956.26097353537,29956.26097353537,324.04675058131704,313.4816551848346,0.0,0,0.0,0.62,0.62,7708f576efd0567ccb2387daf87110b10228daf64c3e141b029ba49939ad4e4b,-8.093152246146929e-07,0.9,0.22866385110193188,0.22866385110193188,0.9,1035382855.5425258,1439151157.8947375,552204189.6226914,483178665.91983443,74625541.95868716,0.0,-3.601051867008209e-05,3.784694126807153e-05,0.0019913553475174287,0.0,"{""essential_reserve_J"":""maximum_over_full_trace"",""protected_battery_SOC_equivalent"":""maximum_over_full_trace"",""reserve_active"":""any_over_full_trace"",""reserve_denied_compute_W"":""maximum_over_full_trace"",""reserve_limited_compute"":""any_over_full_trace"",""time_until_next_generation_s"":""maximum_over_full_trace""}","{""battery_never_creates_energy"":true,""compute_denial_attribution_closes"":true,""electrical_balance_closes"":true,""essential_reserve_architecture_feasible"":true,""executed_le_design"":true,""executed_le_requested"":true,""fdir_never_increases_power"":true,""finite_state"":true,""housekeeping_priority"":true,""no_hidden_clipping"":true,""reserve_never_increases_power"":true,""soc_within_bounds"":true,""warmup_power_deficit_flag"":false}",[]
run,rsim-001-pwr1.1,RSIM-001-PWR1,A0-R_RESERVE_AWARE_ESSENTIAL_LOAD_ADMISSION,ESSENTIAL_RESERVE_FEASIBLE,A0-M_MYOPIC_ADMISSION,non-authoritative reserve-aware admission challenge; unchanged A0 hardware; not attack or spacecraft validation,55fc2d816b210ab18ecf700d22c0a53aa46f86ce,7,constant_reference,W0 — constant reference,E1_REPRESENTATIVE_ANALYTIC_LEO,POWER_CONSTRAINED,1.0,43200.0,10800.0,43200.0,f7b51ef000c1a9d832959f471adad6b2fe43817248271a215bf01307d96d6aeb,b348f00169c885d3849e406bf8ee33c9e3461c493394179d38bcd5672eae6285,,,True,,False,0.0,0.0,0.0,0.0,4496842.105263158,0.24373588926534892,2136.0,True,False,0.0,16177.0,0.0,29956.26097353537,29956.26097353537,970582855.5425459,970582855.5425459,0.0,0.0,29956.26097353537,29956.26097353537,331.5749552927548,320.962499889455,0.0,0,0.0,0.6325617283950619,0.6325617283950619,7708f576efd0567ccb2387daf87110b10228daf64c3e141b029ba49939ad4e4b,-1.4699139683216345e-06,0.9,0.4992267142299545,0.20118225436341447,0.9,1047122576.6791185,1451993045.840408,544164667.1251388,502957909.5539797,59009627.074687794,0.0,-3.5041979572270066e-05,3.613828448578715e-05,0.001996157712965547,0.0,"{""essential_reserve_J"":""maximum_over_full_trace"",""protected_battery_SOC_equivalent"":""maximum_over_full_trace"",""reserve_active"":""any_over_full_trace"",""reserve_denied_compute_W"":""maximum_over_full_trace"",""reserve_limited_compute"":""any_over_full_trace"",""time_until_next_generation_s"":""maximum_over_full_trace""}","{""battery_never_creates_energy"":true,""compute_denial_attribution_closes"":true,""electrical_balance_closes"":true,""essential_reserve_architecture_feasible"":true,""executed_le_design"":true,""executed_le_requested"":true,""fdir_never_increases_power"":true,""finite_state"":true,""housekeeping_priority"":true,""no_hidden_clipping"":true,""reserve_never_increases_power"":true,""soc_within_bounds"":true,""warmup_power_deficit_flag"":false}","[""E1 is a fixed-wall-clock representative environment challenge, not a periodic/steady-state result"",""E1 radiator incidence and Earth-view factors are ASSUMED_EXPLORATORY"",""E1 albedo is a bounded analytic approximation, not a flight environment model""]"
run,rsim-001-pwr1.1,RSIM-001-PWR1,A0-R_RESERVE_AWARE_ESSENTIAL_LOAD_ADMISSION,ESSENTIAL_RESERVE_FEASIBLE,A0-M_MYOPIC_ADMISSION,non-authoritative reserve-aware admission challenge; unchanged A0 hardware; not attack or spacecraft validation,55fc2d816b210ab18ecf700d22c0a53aa46f86ce,7,constant_reference,W0 — constant reference,E1_REPRESENTATIVE_ANALYTIC_LEO,CLOSED_LOOP,1.0,43200.0,10800.0,43200.0,f7b51ef000c1a9d832959f471adad6b2fe43817248271a215bf01307d96d6aeb,b348f00169c885d3849e406bf8ee33c9e3461c493394179d38bcd5672eae6285,RSIM canonical-derived monotone FDIR,30.0,True,,False,0.0,0.0,0.0,0.0,4496842.105263158,0.24373588926534892,2136.0,True,False,0.0,16177.0,0.0,29956.26097353537,29956.26097353537,970582855.5425459,970582855.5425459,0.0,0.0,29956.26097353537,29956.26097353537,331.5749552927548,320.962499889455,0.0,0,0.0,0.6325617283950619,0.6325617283950619,7708f576efd0567ccb2387daf87110b10228daf64c3e141b029ba49939ad4e4b,-1.4699139683216345e-06,0.9,0.4992267142299545,0.20118225436341447,0.9,1047122576.6791185,1451993045.840408,544164667.1251388,502957909.5539797,59009627.074687794,0.0,-3.5041979572270066e-05,3.613828448578715e-05,0.001996157712965547,0.0,"{""essential_reserve_J"":""maximum_over_full_trace"",""protected_battery_SOC_equivalent"":""maximum_over_full_trace"",""reserve_active"":""any_over_full_trace"",""reserve_denied_compute_W"":""maximum_over_full_trace"",""reserve_limited_compute"":""any_over_full_trace"",""time_until_next_generation_s"":""maximum_over_full_trace""}","{""battery_never_creates_energy"":true,""compute_denial_attribution_closes"":true,""electrical_balance_closes"":true,""essential_reserve_architecture_feasible"":true,""executed_le_design"":true,""executed_le_requested"":true,""fdir_never_increases_power"":true,""finite_state"":true,""housekeeping_priority"":true,""no_hidden_clipping"":true,""reserve_never_increases_power"":true,""soc_within_bounds"":true,""warmup_power_deficit_flag"":false}","[""E1 is a fixed-wall-clock representative environment challenge, not a periodic/steady-state result"",""E1 radiator incidence and Earth-view factors are ASSUMED_EXPLORATORY"",""E1 albedo is a bounded analytic approximation, not a flight environment model""]"
run,rsim-001-pwr1.1,RSIM-001-PWR1,A0-R_RESERVE_AWARE_ESSENTIAL_LOAD_ADMISSION,ESSENTIAL_RESERVE_FEASIBLE,A0-M_MYOPIC_ADMISSION,non-authoritative reserve-aware admission challenge; unchanged A0 hardware; not attack or spacecraft validation,55fc2d816b210ab18ecf700d22c0a53aa46f86ce,7,diversified_stochastic,W1 — diversified stochastic,E0_CANONICAL,POWER_CONSTRAINED,1.0,43200.0,10800.0,43200.0,33728d2d5bc6f419272f51c7f46d742bfd799af479ffddb05da92e55260ee91b,f1e4e90f3f517362d1f0d86129448dbb51a9890353ed63ed0111bae36bf018af,,,True,,False,0.0,0.0,0.0,0.0,4320000.0,0.2420159385639026,2052.0,True,False,0.0,16416.0,0.0,29956.260973535373,29956.260973535373,970582855.5425459,970582855.5425459,0.0,0.0,37186.74723757269,37186.74723757269,325.92925629156605,314.9879666666567,0.0,0,0.0,0.6215924551850378,0.6215924551850378,504087959793ccc4a4cc294189abba6038254d5066e69d9e2cb592f7ee0e7687,-1.6613607840554323e-06,0.9,0.2268353973261404,0.2070782610271128,0.9,1036399209.1783341,1439151157.8947375,552806365.534518,483592843.64381605,72956926.32933377,0.0,-1.5552544937236235e-05,1.5673820598749444e-05,0.0019919575234292556,1.8825057102490064,"{""essential_reserve_J"":""maximum_over_full_trace"",""protected_battery_SOC_equivalent"":""maximum_over_full_trace"",""reserve_active"":""any_over_full_trace"",""reserve_denied_compute_W"":""maximum_over_full_trace"",""reserve_limited_compute"":""any_over_full_trace"",""time_until_next_generation_s"":""maximum_over_full_trace""}","{""battery_never_creates_energy"":true,""compute_denial_attribution_closes"":true,""electrical_balance_closes"":true,""essential_reserve_architecture_feasible"":true,""executed_le_design"":true,""executed_le_requested"":true,""fdir_never_increases_power"":true,""finite_state"":true,""housekeeping_priority"":true,""no_hidden_clipping"":true,""reserve_never_increases_power"":true,""soc_within_bounds"":true,""warmup_power_deficit_flag"":false}",[]
run,rsim-001-pwr1.1,RSIM-001-PWR1,A0-R_RESERVE_AWARE_ESSENTIAL_LOAD_ADMISSION,ESSENTIAL_RESERVE_FEASIBLE,A0-M_MYOPIC_ADMISSION,non-authoritative reserve-aware admission challenge; unchanged A0 hardware; not attack or spacecraft validation,55fc2d816b210ab18ecf700d22c0a53aa46f86ce,7,diversified_stochastic,W1 — diversified stochastic,E0_CANONICAL,CLOSED_LOOP,1.0,43200.0,10800.0,43200.0,33728d2d5bc6f419272f51c7f46d742bfd799af479ffddb05da92e55260ee91b,f1e4e90f3f517362d1f0d86129448dbb51a9890353ed63ed0111bae36bf018af,RSIM canonical-derived monotone FDIR,30.0,True,,False,0.0,0.0,0.0,0.0,4320000.0,0.2420159385639026,2052.0,True,False,0.0,16416.0,0.0,29956.260973535373,29956.260973535373,970582855.5425459,970582855.5425459,0.0,0.0,37186.74723757269,37186.74723757269,325.92925629156605,314.9879666666567,0.0,0,0.0,0.6215924551850378,0.6215924551850378,504087959793ccc4a4cc294189abba6038254d5066e69d9e2cb592f7ee0e7687,-1.6613607840554323e-06,0.9,0.2268353973261404,0.2070782610271128,0.9,1036399209.1783341,1439151157.8947375,552806365.534518,483592843.64381605,72956926.32933377,0.0,-1.5552544937236235e-05,1.5673820598749444e-05,0.0019919575234292556,1.8825057102490064,"{""essential_reserve_J"":""maximum_over_full_trace"",""protected_battery_SOC_equivalent"":""maximum_over_full_trace"",""reserve_active"":""any_over_full_trace"",""reserve_denied_compute_W"":""maximum_over_full_trace"",""reserve_limited_compute"":""any_over_full_trace"",""time_until_next_generation_s"":""maximum_over_full_trace""}","{""battery_never_creates_energy"":true,""compute_denial_attribution_closes"":true,""electrical_balance_closes"":true,""essential_reserve_architecture_feasible"":true,""executed_le_design"":true,""executed_le_requested"":true,""fdir_never_increases_power"":true,""finite_state"":true,""housekeeping_priority"":true,""no_hidden_clipping"":true,""reserve_never_increases_power"":true,""soc_within_bounds"":true,""warmup_power_deficit_flag"":false}",[]
run,rsim-001-pwr1.1,RSIM-001-PWR1,A0-R_RESERVE_AWARE_ESSENTIAL_LOAD_ADMISSION,ESSENTIAL_RESERVE_FEASIBLE,A0-M_MYOPIC_ADMISSION,non-authoritative reserve-aware admission challenge; unchanged A0 hardware; not attack or spacecraft validation,55fc2d816b210ab18ecf700d22c0a53aa46f86ce,7,diversified_stochastic,W1 — diversified stochastic,E1_REPRESENTATIVE_ANALYTIC_LEO,POWER_CONSTRAINED,1.0,43200.0,10800.0,43200.0,33728d2d5bc6f419272f51c7f46d742bfd799af479ffddb05da92e55260ee91b,b348f00169c885d3849e406bf8ee33c9e3461c493394179d38bcd5672eae6285,,,True,,False,578738.681278191,1824215.6595908345,0.0,2402954.340869026,4496842.105263158,0.24373588926534892,2136.0,True,True,35294.81675166399,16177.0,110.0,29956.260973535373,29882.095716101136,970582855.5425459,968179901.2016768,2402954.340869026,0.0024757848617939977,37186.74723757269,37186.74723757269,333.50913969980206,322.5454078204868,0.0,0,0.0,0.6332424164786813,0.6348140795669268,a2459665daed06d7e636bf30ecd102c84f3e27f4ec22d44f4318e0eb37f83cdb,-4.995360086468281e-06,0.9,0.5139031901974999,0.2,0.9,1041096317.6281662,1451993045.840408,540397033.7334193,500699283.8947469,59685851.00669654,0.0,-1.567758363307803e-05,1.5736595287307864e-05,0.0019923900795738273,1.934184407047269,"{""essential_reserve_J"":""maximum_over_full_trace"",""protected_battery_SOC_equivalent"":""maximum_over_full_trace"",""reserve_active"":""any_over_full_trace"",""reserve_denied_compute_W"":""maximum_over_full_trace"",""reserve_limited_compute"":""any_over_full_trace"",""time_until_next_generation_s"":""maximum_over_full_trace""}","{""battery_never_creates_energy"":true,""compute_denial_attribution_closes"":true,""electrical_balance_closes"":true,""essential_reserve_architecture_feasible"":true,""executed_le_design"":true,""executed_le_requested"":true,""fdir_never_increases_power"":true,""finite_state"":true,""housekeeping_priority"":true,""no_hidden_clipping"":true,""reserve_never_increases_power"":true,""soc_within_bounds"":true,""warmup_power_deficit_flag"":false}","[""E1 is a fixed-wall-clock representative environment challenge, not a periodic/steady-state result"",""E1 radiator incidence and Earth-view factors are ASSUMED_EXPLORATORY"",""E1 albedo is a bounded analytic approximation, not a flight environment model""]"
run,rsim-001-pwr1.1,RSIM-001-PWR1,A0-R_RESERVE_AWARE_ESSENTIAL_LOAD_ADMISSION,ESSENTIAL_RESERVE_FEASIBLE,A0-M_MYOPIC_ADMISSION,non-authoritative reserve-aware admission challenge; unchanged A0 hardware; not attack or spacecraft validation,55fc2d816b210ab18ecf700d22c0a53aa46f86ce,7,diversified_stochastic,W1 — diversified stochastic,E1_REPRESENTATIVE_ANALYTIC_LEO,CLOSED_LOOP,1.0,43200.0,10800.0,43200.0,33728d2d5bc6f419272f51c7f46d742bfd799af479ffddb05da92e55260ee91b,b348f00169c885d3849e406bf8ee33c9e3461c493394179d38bcd5672eae6285,RSIM canonical-derived monotone FDIR,30.0,True,,False,578738.681278191,1824215.6595908345,0.0,2402954.340869026,4496842.105263158,0.24373588926534892,2136.0,True,True,35294.81675166399,16177.0,110.0,29956.260973535373,29882.095716101136,970582855.5425459,968179901.2016768,2402954.340869026,0.0024757848617939977,37186.74723757269,37186.74723757269,333.50913969980206,322.5454078204868,0.0,0,0.0,0.6332424164786813,0.6348140795669268,a2459665daed06d7e636bf30ecd102c84f3e27f4ec22d44f4318e0eb37f83cdb,-4.995360086468281e-06,0.9,0.5139031901974999,0.2,0.9,1041096317.6281662,1451993045.840408,540397033.7334193,500699283.8947469,59685851.00669654,0.0,-1.567758363307803e-05,1.5736595287307864e-05,0.0019923900795738273,1.934184407047269,"{""essential_reserve_J"":""maximum_over_full_trace"",""protected_battery_SOC_equivalent"":""maximum_over_full_trace"",""reserve_active"":""any_over_full_trace"",""reserve_denied_compute_W"":""maximum_over_full_trace"",""reserve_limited_compute"":""any_over_full_trace"",""time_until_next_generation_s"":""maximum_over_full_trace""}","{""battery_never_creates_energy"":true,""compute_denial_attribution_closes"":true,""electrical_balance_closes"":true,""essential_reserve_architecture_feasible"":true,""executed_le_design"":true,""executed_le_requested"":true,""fdir_never_increases_power"":true,""finite_state"":true,""housekeeping_priority"":true,""no_hidden_clipping"":true,""reserve_never_increases_power"":true,""soc_within_bounds"":true,""warmup_power_deficit_flag"":false}","[""E1 is a fixed-wall-clock representative environment challenge, not a periodic/steady-state result"",""E1 radiator incidence and Earth-view factors are ASSUMED_EXPLORATORY"",""E1 albedo is a bounded analytic approximation, not a flight environment model""]"
run,rsim-001-pwr1.1,RSIM-001-PWR1,A0-R_RESERVE_AWARE_ESSENTIAL_LOAD_ADMISSION,ESSENTIAL_RESERVE_FEASIBLE,A0-M_MYOPIC_ADMISSION,non-authoritative reserve-aware admission challenge; unchanged A0 hardware; not attack or spacecraft validation,55fc2d816b210ab18ecf700d22c0a53aa46f86ce,7,bursty_benign,W2 — bursty benign,E0_CANONICAL,POWER_CONSTRAINED,1.0,43200.0,10800.0,43200.0,a1c2f57015f92f21b95fdae1cfd345e6a426e4a895ded72d6a14f4a6f5fb22ee,f1e4e90f3f517362d1f0d86129448dbb51a9890353ed63ed0111bae36bf018af,,,True,,False,242286.4416581293,6039175.3612974845,0.0,6281461.8029556135,4320000.0,0.2420159385639026,2052.0,True,True,40000.0,16416.0,437.0,29956.260973535365,29762.388695666363,970582855.5425459,964301393.7395903,6281461.8029556135,0.006471845002294359,40000.0,40000.0,329.75068365067057,317.88436506910006,0.0,0,0.0,0.6350438148818379,0.6391804919542562,31b29c72f503d609257905baa0a7b5b96bb2c49ca7c52a42fd89b0a8a624ad14,-8.237839210778475e-07,0.9,0.2282764108862501,0.2,0.9,997821093.8146906,1439151157.8947375,533443226.69691783,464377867.1177728,77466132.99512483,0.0,-1.0491333341633435e-05,1.4323624782264233e-05,0.0019725943845916552,5.703933069353525,"{""essential_reserve_J"":""maximum_over_full_trace"",""protected_battery_SOC_equivalent"":""maximum_over_full_trace"",""reserve_active"":""any_over_full_trace"",""reserve_denied_compute_W"":""maximum_over_full_trace"",""reserve_limited_compute"":""any_over_full_trace"",""time_until_next_generation_s"":""maximum_over_full_trace""}","{""battery_never_creates_energy"":true,""compute_denial_attribution_closes"":true,""electrical_balance_closes"":true,""essential_reserve_architecture_feasible"":true,""executed_le_design"":true,""executed_le_requested"":true,""fdir_never_increases_power"":true,""finite_state"":true,""housekeeping_priority"":true,""no_hidden_clipping"":true,""reserve_never_increases_power"":true,""soc_within_bounds"":true,""warmup_power_deficit_flag"":false}",[]
run,rsim-001-pwr1.1,RSIM-001-PWR1,A0-R_RESERVE_AWARE_ESSENTIAL_LOAD_ADMISSION,ESSENTIAL_RESERVE_FEASIBLE,A0-M_MYOPIC_ADMISSION,non-authoritative reserve-aware admission challenge; unchanged A0 hardware; not attack or spacecraft validation,55fc2d816b210ab18ecf700d22c0a53aa46f86ce,7,bursty_benign,W2 — bursty benign,E0_CANONICAL,CLOSED_LOOP,1.0,43200.0,10800.0,43200.0,a1c2f57015f92f21b95fdae1cfd345e6a426e4a895ded72d6a14f4a6f5fb22ee,f1e4e90f3f517362d1f0d86129448dbb51a9890353ed63ed0111bae36bf018af,RSIM canonical-derived monotone FDIR,30.0,True,,False,242286.4416581293,6039175.3612974845,0.0,6281461.8029556135,4320000.0,0.2420159385639026,2052.0,True,True,40000.0,16416.0,437.0,29956.260973535365,29762.388695666363,970582855.5425459,964301393.7395903,6281461.8029556135,0.006471845002294359,40000.0,40000.0,329.75068365067057,317.88436506910006,0.0,0,0.0,0.6350438148818379,0.6391804919542562,31b29c72f503d609257905baa0a7b5b96bb2c49ca7c52a42fd89b0a8a624ad14,-8.237839210778475e-07,0.9,0.2282764108862501,0.2,0.9,997821093.8146906,1439151157.8947375,533443226.69691783,464377867.1177728,77466132.99512483,0.0,-1.0491333341633435e-05,1.4323624782264233e-05,0.0019725943845916552,5.703933069353525,"{""essential_reserve_J"":""maximum_over_full_trace"",""protected_battery_SOC_equivalent"":""maximum_over_full_trace"",""reserve_active"":""any_over_full_trace"",""reserve_denied_compute_W"":""maximum_over_full_trace"",""reserve_limited_compute"":""any_over_full_trace"",""time_until_next_generation_s"":""maximum_over_full_trace""}","{""battery_never_creates_energy"":true,""compute_denial_attribution_closes"":true,""electrical_balance_closes"":true,""essential_reserve_architecture_feasible"":true,""executed_le_design"":true,""executed_le_requested"":true,""fdir_never_increases_power"":true,""finite_state"":true,""housekeeping_priority"":true,""no_hidden_clipping"":true,""reserve_never_increases_power"":true,""soc_within_bounds"":true,""warmup_power_deficit_flag"":false}",[]
run,rsim-001-pwr1.1,RSIM-001-PWR1,A0-R_RESERVE_AWARE_ESSENTIAL_LOAD_ADMISSION,ESSENTIAL_RESERVE_FEASIBLE,A0-M_MYOPIC_ADMISSION,non-authoritative reserve-aware admission challenge; unchanged A0 hardware; not attack or spacecraft validation,55fc2d816b210ab18ecf700d22c0a53aa46f86ce,7,bursty_benign,W2 — bursty benign,E1_REPRESENTATIVE_ANALYTIC_LEO,POWER_CONSTRAINED,1.0,43200.0,10800.0,43200.0,a1c2f57015f92f21b95fdae1cfd345e6a426e4a895ded72d6a14f4a6f5fb22ee,b348f00169c885d3849e406bf8ee33c9e3461c493394179d38bcd5672eae6285,,,True,,False,419999.9999999663,694767.7266328275,0.0,1114767.726632794,4496842.105263158,0.24373588926534892,2136.0,True,True,40000.0,16177.0,283.0,29956.260973535365,29921.85456221954,970582855.5425459,969468087.8159132,1114767.726632794,0.001148554933014606,40000.0,40000.0,340.0422572786346,327.77630540691837,0.0,0,0.0,0.6671507525915876,0.6679178929824213,892f180fc5462b974a2ac496837f3ced330747e37bac17a439d6936531cf57b2,1.5451641957042739e-06,0.9,0.5541039827067006,0.2,0.9,980227432.463258,1451993045.840408,507895906.1074362,472331526.35582185,53765995.15767099,0.0,-1.1529949006217066e-05,1.178238289867295e-05,0.0019598889519478442,8.467301985879828,"{""essential_reserve_J"":""maximum_over_full_trace"",""protected_battery_SOC_equivalent"":""maximum_over_full_trace"",""reserve_active"":""any_over_full_trace"",""reserve_denied_compute_W"":""maximum_over_full_trace"",""reserve_limited_compute"":""any_over_full_trace"",""time_until_next_generation_s"":""maximum_over_full_trace""}","{""battery_never_creates_energy"":true,""compute_denial_attribution_closes"":true,""electrical_balance_closes"":true,""essential_reserve_architecture_feasible"":true,""executed_le_design"":true,""executed_le_requested"":true,""fdir_never_increases_power"":true,""finite_state"":true,""housekeeping_priority"":true,""no_hidden_clipping"":true,""reserve_never_increases_power"":true,""soc_within_bounds"":true,""warmup_power_deficit_flag"":false}","[""E1 is a fixed-wall-clock representative environment challenge, not a periodic/steady-state result"",""E1 radiator incidence and Earth-view factors are ASSUMED_EXPLORATORY"",""E1 albedo is a bounded analytic approximation, not a flight environment model""]"
run,rsim-001-pwr1.1,RSIM-001-PWR1,A0-R_RESERVE_AWARE_ESSENTIAL_LOAD_ADMISSION,ESSENTIAL_RESERVE_FEASIBLE,A0-M_MYOPIC_ADMISSION,non-authoritative reserve-aware admission challenge; unchanged A0 hardware; not attack or spacecraft validation,55fc2d816b210ab18ecf700d22c0a53aa46f86ce,7,bursty_benign,W2 — bursty benign,E1_REPRESENTATIVE_ANALYTIC_LEO,CLOSED_LOOP,1.0,43200.0,10800.0,43200.0,a1c2f57015f92f21b95fdae1cfd345e6a426e4a895ded72d6a14f4a6f5fb22ee,b348f00169c885d3849e406bf8ee33c9e3461c493394179d38bcd5672eae6285,RSIM canonical-derived monotone FDIR,30.0,True,,False,419999.9999999663,694767.7266328275,0.0,1114767.726632794,4496842.105263158,0.24373588926534892,2136.0,True,True,40000.0,16177.0,283.0,29956.260973535365,29921.85456221954,970582855.5425459,969468087.8159132,1114767.726632794,0.001148554933014606,40000.0,40000.0,340.0422572786346,327.77630540691837,0.0,0,0.0,0.6671507525915876,0.6679178929824213,892f180fc5462b974a2ac496837f3ced330747e37bac17a439d6936531cf57b2,1.5451641957042739e-06,0.9,0.5541039827067006,0.2,0.9,980227432.463258,1451993045.840408,507895906.1074362,472331526.35582185,53765995.15767099,0.0,-1.1529949006217066e-05,1.178238289867295e-05,0.0019598889519478442,8.467301985879828,"{""essential_reserve_J"":""maximum_over_full_trace"",""protected_battery_SOC_equivalent"":""maximum_over_full_trace"",""reserve_active"":""any_over_full_trace"",""reserve_denied_compute_W"":""maximum_over_full_trace"",""reserve_limited_compute"":""any_over_full_trace"",""time_until_next_generation_s"":""maximum_over_full_trace""}","{""battery_never_creates_energy"":true,""compute_denial_attribution_closes"":true,""electrical_balance_closes"":true,""essential_reserve_architecture_feasible"":true,""executed_le_design"":true,""executed_le_requested"":true,""fdir_never_increases_power"":true,""finite_state"":true,""housekeeping_priority"":true,""no_hidden_clipping"":true,""reserve_never_increases_power"":true,""soc_within_bounds"":true,""warmup_power_deficit_flag"":false}","[""E1 is a fixed-wall-clock representative environment challenge, not a periodic/steady-state result"",""E1 radiator incidence and Earth-view factors are ASSUMED_EXPLORATORY"",""E1 albedo is a bounded analytic approximation, not a flight environment model""]"
run,rsim-001-pwr1.1,RSIM-001-PWR1,A0-R_RESERVE_AWARE_ESSENTIAL_LOAD_ADMISSION,ESSENTIAL_RESERVE_FEASIBLE,A0-M_MYOPIC_ADMISSION,non-authoritative reserve-aware admission challenge; unchanged A0 hardware; not attack or spacecraft validation,55fc2d816b210ab18ecf700d22c0a53aa46f86ce,7,queue_driven_benign,W3 — queue-driven benign,E0_CANONICAL,POWER_CONSTRAINED,1.0,43200.0,10800.0,43200.0,9a06f7c645cea9bb67a4d1ebb736fc7e77789a5cca5319493c217c1b17223daf,f1e4e90f3f517362d1f0d86129448dbb51a9890353ed63ed0111bae36bf018af,,,True,,False,401645.833488064,6133323.129626054,0.0,6534968.963114118,4320000.0,0.2420159385639026,2052.0,True,True,40000.0,16416.0,203.0,29956.26097353536,29754.56440059974,970582855.5425459,964047886.5794318,6534968.963114118,0.006733035645329978,39082.291674404885,39082.291674404885,331.03573616394874,318.8350908770877,0.0,0,0.0,0.6201767313282327,0.624380708897496,46be2dc9a9b31572295c799a41b915370c4f300b60b60bce5a790b5ca81bff2d,6.936597856110893e-07,0.9,0.2393746374320012,0.2,0.9,1020614984.085369,1439151157.8947375,544269622.4132164,476345361.67215264,81466149.93812504,0.0,-4.6566667151637375e-05,4.687002456194023e-05,0.0019834207803079537,6.988985582631699,"{""essential_reserve_J"":""maximum_over_full_trace"",""protected_battery_SOC_equivalent"":""maximum_over_full_trace"",""reserve_active"":""any_over_full_trace"",""reserve_denied_compute_W"":""maximum_over_full_trace"",""reserve_limited_compute"":""any_over_full_trace"",""time_until_next_generation_s"":""maximum_over_full_trace""}","{""battery_never_creates_energy"":true,""compute_denial_attribution_closes"":true,""electrical_balance_closes"":true,""essential_reserve_architecture_feasible"":true,""executed_le_design"":true,""executed_le_requested"":true,""fdir_never_increases_power"":true,""finite_state"":true,""housekeeping_priority"":true,""no_hidden_clipping"":true,""reserve_never_increases_power"":true,""soc_within_bounds"":true,""warmup_power_deficit_flag"":false}",[]
run,rsim-001-pwr1.1,RSIM-001-PWR1,A0-R_RESERVE_AWARE_ESSENTIAL_LOAD_ADMISSION,ESSENTIAL_RESERVE_FEASIBLE,A0-M_MYOPIC_ADMISSION,non-authoritative reserve-aware admission challenge; unchanged A0 hardware; not attack or spacecraft validation,55fc2d816b210ab18ecf700d22c0a53aa46f86ce,7,queue_driven_benign,W3 — queue-driven benign,E0_CANONICAL,CLOSED_LOOP,1.0,43200.0,10800.0,43200.0,9a06f7c645cea9bb67a4d1ebb736fc7e77789a5cca5319493c217c1b17223daf,f1e4e90f3f517362d1f0d86129448dbb51a9890353ed63ed0111bae36bf018af,RSIM canonical-derived monotone FDIR,30.0,True,,False,401645.833488064,6133323.129626054,0.0,6534968.963114118,4320000.0,0.2420159385639026,2052.0,True,True,40000.0,16416.0,203.0,29956.26097353536,29754.56440059974,970582855.5425459,964047886.5794318,6534968.963114118,0.006733035645329978,39082.291674404885,39082.291674404885,331.03573616394874,318.8350908770877,0.0,0,0.0,0.6201767313282327,0.624380708897496,46be2dc9a9b31572295c799a41b915370c4f300b60b60bce5a790b5ca81bff2d,6.936597856110893e-07,0.9,0.2393746374320012,0.2,0.9,1020614984.085369,1439151157.8947375,544269622.4132164,476345361.67215264,81466149.93812504,0.0,-4.6566667151637375e-05,4.687002456194023e-05,0.0019834207803079537,6.988985582631699,"{""essential_reserve_J"":""maximum_over_full_trace"",""protected_battery_SOC_equivalent"":""maximum_over_full_trace"",""reserve_active"":""any_over_full_trace"",""reserve_denied_compute_W"":""maximum_over_full_trace"",""reserve_limited_compute"":""any_over_full_trace"",""time_until_next_generation_s"":""maximum_over_full_trace""}","{""battery_never_creates_energy"":true,""compute_denial_attribution_closes"":true,""electrical_balance_closes"":true,""essential_reserve_architecture_feasible"":true,""executed_le_design"":true,""executed_le_requested"":true,""fdir_never_increases_power"":true,""finite_state"":true,""housekeeping_priority"":true,""no_hidden_clipping"":true,""reserve_never_increases_power"":true,""soc_within_bounds"":true,""warmup_power_deficit_flag"":false}",[]
run,rsim-001-pwr1.1,RSIM-001-PWR1,A0-R_RESERVE_AWARE_ESSENTIAL_LOAD_ADMISSION,ESSENTIAL_RESERVE_FEASIBLE,A0-M_MYOPIC_ADMISSION,non-authoritative reserve-aware admission challenge; unchanged A0 hardware; not attack or spacecraft validation,55fc2d816b210ab18ecf700d22c0a53aa46f86ce,7,queue_driven_benign,W3 — queue-driven benign,E1_REPRESENTATIVE_ANALYTIC_LEO,POWER_CONSTRAINED,1.0,43200.0,10800.0,43200.0,9a06f7c645cea9bb67a4d1ebb736fc7e77789a5cca5319493c217c1b17223daf,b348f00169c885d3849e406bf8ee33c9e3461c493394179d38bcd5672eae6285,,,True,,False,1095927.8560259053,7702348.481174719,0.0,8798276.337200625,4496842.105263158,0.24373588926534892,2136.0,True,True,40000.0,16177.0,303.0,29956.26097353536,29684.70923473287,970582855.5425459,961784579.2053453,8798276.337200625,0.00906494101658377,39082.291674404885,39082.291674404885,339.8532634443469,327.42910839781695,0.0,0,0.0,0.6369788992836921,0.6428058968235094,fe57f39f31d2956e5d1113b11fee807d163f9bd1ded73e385b600745a95547c5,4.8879842324822675e-06,0.9,0.5174429927600078,0.2,0.9,1021933333.8787045,1451993045.840408,530633563.9285102,491299769.95019436,69345492.14032899,0.0,-4.94988807986374e-05,4.950344509779825e-05,0.0019826266097689184,8.278308151592114,"{""essential_reserve_J"":""maximum_over_full_trace"",""protected_battery_SOC_equivalent"":""maximum_over_full_trace"",""reserve_active"":""any_over_full_trace"",""reserve_denied_compute_W"":""maximum_over_full_trace"",""reserve_limited_compute"":""any_over_full_trace"",""time_until_next_generation_s"":""maximum_over_full_trace""}","{""battery_never_creates_energy"":true,""compute_denial_attribution_closes"":true,""electrical_balance_closes"":true,""essential_reserve_architecture_feasible"":true,""executed_le_design"":true,""executed_le_requested"":true,""fdir_never_increases_power"":true,""finite_state"":true,""housekeeping_priority"":true,""no_hidden_clipping"":true,""reserve_never_increases_power"":true,""soc_within_bounds"":true,""warmup_power_deficit_flag"":false}","[""E1 is a fixed-wall-clock representative environment challenge, not a periodic/steady-state result"",""E1 radiator incidence and Earth-view factors are ASSUMED_EXPLORATORY"",""E1 albedo is a bounded analytic approximation, not a flight environment model""]"
run,rsim-001-pwr1.1,RSIM-001-PWR1,A0-R_RESERVE_AWARE_ESSENTIAL_LOAD_ADMISSION,ESSENTIAL_RESERVE_FEASIBLE,A0-M_MYOPIC_ADMISSION,non-authoritative reserve-aware admission challenge; unchanged A0 hardware; not attack or spacecraft validation,55fc2d816b210ab18ecf700d22c0a53aa46f86ce,7,queue_driven_benign,W3 — queue-driven benign,E1_REPRESENTATIVE_ANALYTIC_LEO,CLOSED_LOOP,1.0,43200.0,10800.0,43200.0,9a06f7c645cea9bb67a4d1ebb736fc7e77789a5cca5319493c217c1b17223daf,b348f00169c885d3849e406bf8ee33c9e3461c493394179d38bcd5672eae6285,RSIM canonical-derived monotone FDIR,30.0,True,,False,1095927.8560259053,7702348.481174719,0.0,8798276.337200625,4496842.105263158,0.24373588926534892,2136.0,True,True,40000.0,16177.0,303.0,29956.26097353536,29684.70923473287,970582855.5425459,961784579.2053453,8798276.337200625,0.00906494101658377,39082.291674404885,39082.291674404885,339.8532634443469,327.42910839781695,0.0,0,0.0,0.6369788992836921,0.6428058968235094,fe57f39f31d2956e5d1113b11fee807d163f9bd1ded73e385b600745a95547c5,4.8879842324822675e-06,0.9,0.5174429927600078,0.2,0.9,1021933333.8787045,1451993045.840408,530633563.9285102,491299769.95019436,69345492.14032899,0.0,-4.94988807986374e-05,4.950344509779825e-05,0.0019826266097689184,8.278308151592114,"{""essential_reserve_J"":""maximum_over_full_trace"",""protected_battery_SOC_equivalent"":""maximum_over_full_trace"",""reserve_active"":""any_over_full_trace"",""reserve_denied_compute_W"":""maximum_over_full_trace"",""reserve_limited_compute"":""any_over_full_trace"",""time_until_next_generation_s"":""maximum_over_full_trace""}","{""battery_never_creates_energy"":true,""compute_denial_attribution_closes"":true,""electrical_balance_closes"":true,""essential_reserve_architecture_feasible"":true,""executed_le_design"":true,""executed_le_requested"":true,""fdir_never_increases_power"":true,""finite_state"":true,""housekeeping_priority"":true,""no_hidden_clipping"":true,""reserve_never_increases_power"":true,""soc_within_bounds"":true,""warmup_power_deficit_flag"":false}","[""E1 is a fixed-wall-clock representative environment challenge, not a periodic/steady-state result"",""E1 radiator incidence and Earth-view factors are ASSUMED_EXPLORATORY"",""E1 albedo is a bounded analytic approximation, not a flight environment model""]"
run,rsim-001-pwr1.1,RSIM-001-PWR1,A0-R_RESERVE_AWARE_ESSENTIAL_LOAD_ADMISSION,ESSENTIAL_RESERVE_FEASIBLE,A0-M_MYOPIC_ADMISSION,non-authoritative reserve-aware admission challenge; unchanged A0 hardware; not attack or spacecraft validation,55fc2d816b210ab18ecf700d22c0a53aa46f86ce,7,power_aware_benign,W4 — power-aware benign,E0_CANONICAL,POWER_CONSTRAINED,1.0,43200.0,10800.0,43200.0,73ee9a2cfdb01d9e78e28a5fb6f20f34511d22cb98fc4cdb12cb2c2ef2f0517d,f1e4e90f3f517362d1f0d86129448dbb51a9890353ed63ed0111bae36bf018af,,,True,,False,0.0,0.0,0.0,0.0,4320000.0,0.2420159385639026,2052.0,True,False,0.0,16416.0,0.0,29956.260973535365,29956.260973535365,970582855.5425459,970582855.5425459,0.0,0.0,39153.45590219075,39153.45590219075,334.48907244248966,322.1125003383941,0.0,0,0.0,0.6863697654621141,0.6863697654621141,125a79eaba778c524ee733b1392c12d93eb36437aa4836fee9056511b128c13f,1.2831310414185282e-06,0.9,0.33854070386274365,0.3383401458119552,0.9,836521076.8800056,1439151157.8947375,447124634.3309463,389396442.5490593,110143468.70796418,0.0,-4.1349696402903646e-05,4.145152342971414e-05,0.0018862757922256837,10.442321861172616,"{""essential_reserve_J"":""maximum_over_full_trace"",""protected_battery_SOC_equivalent"":""maximum_over_full_trace"",""reserve_active"":""any_over_full_trace"",""reserve_denied_compute_W"":""maximum_over_full_trace"",""reserve_limited_compute"":""any_over_full_trace"",""time_until_next_generation_s"":""maximum_over_full_trace""}","{""battery_never_creates_energy"":true,""compute_denial_attribution_closes"":true,""electrical_balance_closes"":true,""essential_reserve_architecture_feasible"":true,""executed_le_design"":true,""executed_le_requested"":true,""fdir_never_increases_power"":true,""finite_state"":true,""housekeeping_priority"":true,""no_hidden_clipping"":true,""reserve_never_increases_power"":true,""soc_within_bounds"":true,""warmup_power_deficit_flag"":false}",[]
run,rsim-001-pwr1.1,RSIM-001-PWR1,A0-R_RESERVE_AWARE_ESSENTIAL_LOAD_ADMISSION,ESSENTIAL_RESERVE_FEASIBLE,A0-M_MYOPIC_ADMISSION,non-authoritative reserve-aware admission challenge; unchanged A0 hardware; not attack or spacecraft validation,55fc2d816b210ab18ecf700d22c0a53aa46f86ce,7,power_aware_benign,W4 — power-aware benign,E0_CANONICAL,CLOSED_LOOP,1.0,43200.0,10800.0,43200.0,73ee9a2cfdb01d9e78e28a5fb6f20f34511d22cb98fc4cdb12cb2c2ef2f0517d,f1e4e90f3f517362d1f0d86129448dbb51a9890353ed63ed0111bae36bf018af,RSIM canonical-derived monotone FDIR,30.0,True,,False,0.0,0.0,0.0,0.0,4320000.0,0.2420159385639026,2052.0,True,False,0.0,16416.0,0.0,29956.260973535365,29956.260973535365,970582855.5425459,970582855.5425459,0.0,0.0,39153.45590219075,39153.45590219075,334.48907244248966,322.1125003383941,0.0,0,0.0,0.6863697654621141,0.6863697654621141,125a79eaba778c524ee733b1392c12d93eb36437aa4836fee9056511b128c13f,1.2831310414185282e-06,0.9,0.33854070386274365,0.3383401458119552,0.9,836521076.8800056,1439151157.8947375,447124634.3309463,389396442.5490593,110143468.70796418,0.0,-4.1349696402903646e-05,4.145152342971414e-05,0.0018862757922256837,10.442321861172616,"{""essential_reserve_J"":""maximum_over_full_trace"",""protected_battery_SOC_equivalent"":""maximum_over_full_trace"",""reserve_active"":""any_over_full_trace"",""reserve_denied_compute_W"":""maximum_over_full_trace"",""reserve_limited_compute"":""any_over_full_trace"",""time_until_next_generation_s"":""maximum_over_full_trace""}","{""battery_never_creates_energy"":true,""compute_denial_attribution_closes"":true,""electrical_balance_closes"":true,""essential_reserve_architecture_feasible"":true,""executed_le_design"":true,""executed_le_requested"":true,""fdir_never_increases_power"":true,""finite_state"":true,""housekeeping_priority"":true,""no_hidden_clipping"":true,""reserve_never_increases_power"":true,""soc_within_bounds"":true,""warmup_power_deficit_flag"":false}",[]
run,rsim-001-pwr1.1,RSIM-001-PWR1,A0-R_RESERVE_AWARE_ESSENTIAL_LOAD_ADMISSION,ESSENTIAL_RESERVE_FEASIBLE,A0-M_MYOPIC_ADMISSION,non-authoritative reserve-aware admission challenge; unchanged A0 hardware; not attack or spacecraft validation,55fc2d816b210ab18ecf700d22c0a53aa46f86ce,7,power_aware_benign,W4 — power-aware benign,E1_REPRESENTATIVE_ANALYTIC_LEO,POWER_CONSTRAINED,1.0,43200.0,10800.0,43200.0,73ee9a2cfdb01d9e78e28a5fb6f20f34511d22cb98fc4cdb12cb2c2ef2f0517d,b348f00169c885d3849e406bf8ee33c9e3461c493394179d38bcd5672eae6285,,,True,,False,114521.65717205196,2162728.5805961597,0.0,2277250.237768212,4496842.105263158,0.24373588926534892,2136.0,True,True,26083.808885527284,16177.0,263.0,29956.260973535365,29885.97547236968,970582855.5425459,968305605.3047776,2277250.237768212,0.0023462708255806274,39153.45590219075,39153.45590219075,341.75678675029775,329.1849578564903,0.0,0,0.0,0.6804472235484955,0.6820474916798845,bef26bb45209e5ff3fc34fa6a3af81ad302fb83e6045d8fc2074b8440bf4fdb5,-2.773278083623154e-06,0.9,0.6056595735333841,0.2,0.9,955911841.067038,1451993045.840408,493087685.8325604,462824155.2344775,95382962.87514362,0.0,-3.3486152460682206e-05,3.350793667777907e-05,0.0019450807316729684,10.181831457542955,"{""essential_reserve_J"":""maximum_over_full_trace"",""protected_battery_SOC_equivalent"":""maximum_over_full_trace"",""reserve_active"":""any_over_full_trace"",""reserve_denied_compute_W"":""maximum_over_full_trace"",""reserve_limited_compute"":""any_over_full_trace"",""time_until_next_generation_s"":""maximum_over_full_trace""}","{""battery_never_creates_energy"":true,""compute_denial_attribution_closes"":true,""electrical_balance_closes"":true,""essential_reserve_architecture_feasible"":true,""executed_le_design"":true,""executed_le_requested"":true,""fdir_never_increases_power"":true,""finite_state"":true,""housekeeping_priority"":true,""no_hidden_clipping"":true,""reserve_never_increases_power"":true,""soc_within_bounds"":true,""warmup_power_deficit_flag"":false}","[""E1 is a fixed-wall-clock representative environment challenge, not a periodic/steady-state result"",""E1 radiator incidence and Earth-view factors are ASSUMED_EXPLORATORY"",""E1 albedo is a bounded analytic approximation, not a flight environment model""]"
run,rsim-001-pwr1.1,RSIM-001-PWR1,A0-R_RESERVE_AWARE_ESSENTIAL_LOAD_ADMISSION,ESSENTIAL_RESERVE_FEASIBLE,A0-M_MYOPIC_ADMISSION,non-authoritative reserve-aware admission challenge; unchanged A0 hardware; not attack or spacecraft validation,55fc2d816b210ab18ecf700d22c0a53aa46f86ce,7,power_aware_benign,W4 — power-aware benign,E1_REPRESENTATIVE_ANALYTIC_LEO,CLOSED_LOOP,1.0,43200.0,10800.0,43200.0,73ee9a2cfdb01d9e78e28a5fb6f20f34511d22cb98fc4cdb12cb2c2ef2f0517d,b348f00169c885d3849e406bf8ee33c9e3461c493394179d38bcd5672eae6285,RSIM canonical-derived monotone FDIR,30.0,True,,False,114521.65717205196,2162728.5805961597,0.0,2277250.237768212,4496842.105263158,0.24373588926534892,2136.0,True,True,26083.808885527284,16177.0,263.0,29956.260973535365,29885.97547236968,970582855.5425459,968305605.3047776,2277250.237768212,0.0023462708255806274,39153.45590219075,39153.45590219075,341.75678675029775,329.1849578564903,0.0,0,0.0,0.6804472235484955,0.6820474916798845,bef26bb45209e5ff3fc34fa6a3af81ad302fb83e6045d8fc2074b8440bf4fdb5,-2.773278083623154e-06,0.9,0.6056595735333841,0.2,0.9,955911841.067038,1451993045.840408,493087685.8325604,462824155.2344775,95382962.87514362,0.0,-3.3486152460682206e-05,3.350793667777907e-05,0.0019450807316729684,10.181831457542955,"{""essential_reserve_J"":""maximum_over_full_trace"",""protected_battery_SOC_equivalent"":""maximum_over_full_trace"",""reserve_active"":""any_over_full_trace"",""reserve_denied_compute_W"":""maximum_over_full_trace"",""reserve_limited_compute"":""any_over_full_trace"",""time_until_next_generation_s"":""maximum_over_full_trace""}","{""battery_never_creates_energy"":true,""compute_denial_attribution_closes"":true,""electrical_balance_closes"":true,""essential_reserve_architecture_feasible"":true,""executed_le_design"":true,""executed_le_requested"":true,""fdir_never_increases_power"":true,""finite_state"":true,""housekeeping_priority"":true,""no_hidden_clipping"":true,""reserve_never_increases_power"":true,""soc_within_bounds"":true,""warmup_power_deficit_flag"":false}","[""E1 is a fixed-wall-clock representative environment challenge, not a periodic/steady-state result"",""E1 radiator incidence and Earth-view factors are ASSUMED_EXPLORATORY"",""E1 albedo is a bounded analytic approximation, not a flight environment model""]"
run,rsim-001-pwr1.1,RSIM-001-PWR1,A0-R_RESERVE_AWARE_ESSENTIAL_LOAD_ADMISSION,ESSENTIAL_RESERVE_FEASIBLE,A0-M_MYOPIC_ADMISSION,non-authoritative reserve-aware admission challenge; unchanged A0 hardware; not attack or spacecraft validation,55fc2d816b210ab18ecf700d22c0a53aa46f86ce,7,phase_shaped_candidate,W5 — phase-shaped adversarial candidate,E0_CANONICAL,POWER_CONSTRAINED,1.0,43200.0,10800.0,43200.0,0d4c817838c7a9a05a5fd7d0d3b7fcdb8381ee89f679f3de7b54ea49ab69452a,f1e4e90f3f517362d1f0d86129448dbb51a9890353ed63ed0111bae36bf018af,,,True,,False,0.0,0.0,0.0,0.0,4320000.0,0.2420159385639026,2052.0,True,False,0.0,16416.0,0.0,29956.26097353537,29956.26097353537,970582855.5425459,970582855.5425459,0.0,0.0,40000.0,40000.0,341.4202569567118,327.7310470894705,0.0,0,0.0,0.8258017411499389,0.8258017411499389,e83a3fa1c482f2052032bdc8f4a99f1075125f9f0db25f907311655a4687da65,1.4132501746644266e-06,0.9,0.5694563408763154,0.5693121654471438,0.9,509260323.482236,1439151157.8947375,271623101.2804923,237637222.20174372,66886409.37683423,0.0,-4.1941151721403e-05,4.222963434585836e-05,0.0017107742591752296,17.373506375394754,"{""essential_reserve_J"":""maximum_over_full_trace"",""protected_battery_SOC_equivalent"":""maximum_over_full_trace"",""reserve_active"":""any_over_full_trace"",""reserve_denied_compute_W"":""maximum_over_full_trace"",""reserve_limited_compute"":""any_over_full_trace"",""time_until_next_generation_s"":""maximum_over_full_trace""}","{""battery_never_creates_energy"":true,""compute_denial_attribution_closes"":true,""electrical_balance_closes"":true,""essential_reserve_architecture_feasible"":true,""executed_le_design"":true,""executed_le_requested"":true,""fdir_never_increases_power"":true,""finite_state"":true,""housekeeping_priority"":true,""no_hidden_clipping"":true,""reserve_never_increases_power"":true,""soc_within_bounds"":true,""warmup_power_deficit_flag"":false}",[]
run,rsim-001-pwr1.1,RSIM-001-PWR1,A0-R_RESERVE_AWARE_ESSENTIAL_LOAD_ADMISSION,ESSENTIAL_RESERVE_FEASIBLE,A0-M_MYOPIC_ADMISSION,non-authoritative reserve-aware admission challenge; unchanged A0 hardware; not attack or spacecraft validation,55fc2d816b210ab18ecf700d22c0a53aa46f86ce,7,phase_shaped_candidate,W5 — phase-shaped adversarial candidate,E0_CANONICAL,CLOSED_LOOP,1.0,43200.0,10800.0,43200.0,0d4c817838c7a9a05a5fd7d0d3b7fcdb8381ee89f679f3de7b54ea49ab69452a,f1e4e90f3f517362d1f0d86129448dbb51a9890353ed63ed0111bae36bf018af,RSIM canonical-derived monotone FDIR,30.0,True,,False,0.0,0.0,0.0,0.0,4320000.0,0.2420159385639026,2052.0,True,False,0.0,16416.0,0.0,29956.26097353537,29956.26097353537,970582855.5425459,970582855.5425459,0.0,0.0,40000.0,40000.0,341.4202569567118,327.7310470894705,0.0,0,0.0,0.8258017411499389,0.8258017411499389,e83a3fa1c482f2052032bdc8f4a99f1075125f9f0db25f907311655a4687da65,1.4132501746644266e-06,0.9,0.5694563408763154,0.5693121654471438,0.9,509260323.482236,1439151157.8947375,271623101.2804923,237637222.20174372,66886409.37683423,0.0,-4.1941151721403e-05,4.222963434585836e-05,0.0017107742591752296,17.373506375394754,"{""essential_reserve_J"":""maximum_over_full_trace"",""protected_battery_SOC_equivalent"":""maximum_over_full_trace"",""reserve_active"":""any_over_full_trace"",""reserve_denied_compute_W"":""maximum_over_full_trace"",""reserve_limited_compute"":""any_over_full_trace"",""time_until_next_generation_s"":""maximum_over_full_trace""}","{""battery_never_creates_energy"":true,""compute_denial_attribution_closes"":true,""electrical_balance_closes"":true,""essential_reserve_architecture_feasible"":true,""executed_le_design"":true,""executed_le_requested"":true,""fdir_never_increases_power"":true,""finite_state"":true,""housekeeping_priority"":true,""no_hidden_clipping"":true,""reserve_never_increases_power"":true,""soc_within_bounds"":true,""warmup_power_deficit_flag"":false}",[]
run,rsim-001-pwr1.1,RSIM-001-PWR1,A0-R_RESERVE_AWARE_ESSENTIAL_LOAD_ADMISSION,ESSENTIAL_RESERVE_FEASIBLE,A0-M_MYOPIC_ADMISSION,non-authoritative reserve-aware admission challenge; unchanged A0 hardware; not attack or spacecraft validation,55fc2d816b210ab18ecf700d22c0a53aa46f86ce,7,phase_shaped_candidate,W5 — phase-shaped adversarial candidate,E1_REPRESENTATIVE_ANALYTIC_LEO,POWER_CONSTRAINED,1.0,43200.0,10800.0,43200.0,0d4c817838c7a9a05a5fd7d0d3b7fcdb8381ee89f679f3de7b54ea49ab69452a,b348f00169c885d3849e406bf8ee33c9e3461c493394179d38bcd5672eae6285,,,True,,False,0.0,0.0,0.0,0.0,4496842.105263158,0.24373588926534892,2136.0,True,True,14493.195648279267,16177.0,410.0,29956.26097353537,29956.26097353537,970582855.5425459,970582855.5425459,0.0,0.0,40000.0,40000.0,348.3336795263132,334.4570897824307,145.0,0,0.0,0.7670968122394849,0.7670968122394849,6d3e52d326b8798ade216eed3ff03cd7667e770ac32747042ed8aa39ec02a406,1.6708804650988895e-06,0.9,0.7027479997532324,0.2,0.9,786789609.2983694,1451993045.840408,403535345.00351954,383254264.29484975,57387981.98477663,0.0,-1.9455502297205385e-05,1.9487822100927588e-05,0.0018555283908439275,16.758724233558382,"{""essential_reserve_J"":""maximum_over_full_trace"",""protected_battery_SOC_equivalent"":""maximum_over_full_trace"",""reserve_active"":""any_over_full_trace"",""reserve_denied_compute_W"":""maximum_over_full_trace"",""reserve_limited_compute"":""any_over_full_trace"",""time_until_next_generation_s"":""maximum_over_full_trace""}","{""battery_never_creates_energy"":true,""compute_denial_attribution_closes"":true,""electrical_balance_closes"":true,""essential_reserve_architecture_feasible"":true,""executed_le_design"":true,""executed_le_requested"":true,""fdir_never_increases_power"":true,""finite_state"":true,""housekeeping_priority"":true,""no_hidden_clipping"":true,""reserve_never_increases_power"":true,""soc_within_bounds"":true,""warmup_power_deficit_flag"":false}","[""E1 is a fixed-wall-clock representative environment challenge, not a periodic/steady-state result"",""E1 radiator incidence and Earth-view factors are ASSUMED_EXPLORATORY"",""E1 albedo is a bounded analytic approximation, not a flight environment model""]"
run,rsim-001-pwr1.1,RSIM-001-PWR1,A0-R_RESERVE_AWARE_ESSENTIAL_LOAD_ADMISSION,ESSENTIAL_RESERVE_FEASIBLE,A0-M_MYOPIC_ADMISSION,non-authoritative reserve-aware admission challenge; unchanged A0 hardware; not attack or spacecraft validation,55fc2d816b210ab18ecf700d22c0a53aa46f86ce,7,phase_shaped_candidate,W5 — phase-shaped adversarial candidate,E1_REPRESENTATIVE_ANALYTIC_LEO,CLOSED_LOOP,1.0,43200.0,10800.0,43200.0,0d4c817838c7a9a05a5fd7d0d3b7fcdb8381ee89f679f3de7b54ea49ab69452a,b348f00169c885d3849e406bf8ee33c9e3461c493394179d38bcd5672eae6285,RSIM canonical-derived monotone FDIR,30.0,True,,False,0.0,0.0,2372421.9968462926,2372421.9968462926,4496842.105263158,0.24373588926534892,2136.0,True,True,14493.195648279267,16177.0,410.0,29956.26097353537,29883.038072398136,970582855.5425459,968210433.5456996,2372421.9968462926,0.002444327120861962,40000.0,40000.0,348.20127464827135,334.4192022496227,31.0,1,85.0,0.7670968122394849,0.7665261257165612,ce75bda114670d522b7d2cd23afd43e1ba31d6b9ed0dcc6219b79aab8ed2ea87,1.6675112419761717e-06,0.9,0.7027479997532324,0.2,0.9,786789609.2983695,1451993045.840408,403535345.00351954,383254264.29485,59760403.981622696,0.0,-1.9243448150518816e-05,1.927576795424102e-05,0.0018555283908439275,16.626319355516557,"{""essential_reserve_J"":""maximum_over_full_trace"",""protected_battery_SOC_equivalent"":""maximum_over_full_trace"",""reserve_active"":""any_over_full_trace"",""reserve_denied_compute_W"":""maximum_over_full_trace"",""reserve_limited_compute"":""any_over_full_trace"",""time_until_next_generation_s"":""maximum_over_full_trace""}","{""battery_never_creates_energy"":true,""compute_denial_attribution_closes"":true,""electrical_balance_closes"":true,""essential_reserve_architecture_feasible"":true,""executed_le_design"":true,""executed_le_requested"":true,""fdir_never_increases_power"":true,""finite_state"":true,""housekeeping_priority"":true,""no_hidden_clipping"":true,""reserve_never_increases_power"":true,""soc_within_bounds"":true,""warmup_power_deficit_flag"":false}","[""E1 is a fixed-wall-clock representative environment challenge, not a periodic/steady-state result"",""E1 radiator incidence and Earth-view factors are ASSUMED_EXPLORATORY"",""E1 albedo is a bounded analytic approximation, not a flight environment model""]"
run,rsim-001-pwr1.1,RSIM-001-PWR1,A0-R_RESERVE_AWARE_ESSENTIAL_LOAD_ADMISSION,ESSENTIAL_RESERVE_FEASIBLE,A0-M_MYOPIC_ADMISSION,non-authoritative reserve-aware admission challenge; unchanged A0 hardware; not attack or spacecraft validation,55fc2d816b210ab18ecf700d22c0a53aa46f86ce,8,constant_reference,W0 — constant reference,E0_CANONICAL,POWER_CONSTRAINED,1.0,43200.0,10800.0,43200.0,f13862700d61d9ecf95b13f67aa4424fa8e64415f9efaf8c12c76d8dea91a277,f1e4e90f3f517362d1f0d86129448dbb51a9890353ed63ed0111bae36bf018af,,,True,,False,0.0,0.0,0.0,0.0,4320000.0,0.2420159385639026,2052.0,True,False,0.0,16416.0,0.0,29952.6596679176,29952.6596679176,970466173.2405306,970466173.2405306,0.0,0.0,29952.65966791761,29952.65966791761,324.0393599348871,313.4754788504062,0.0,0,0.0,0.62,0.62,50cba6d3f31726d86e2023a7723172a7eed45a5fb84941922617c53f53c09a66,1.3811086319037713e-06,0.9,0.2287395072196965,0.2287395072196965,0.9,1035266173.2405871,1439151157.8947375,552141959.0616164,483124214.17897093,74779316.95031494,0.0,4.378997255116701e-05,4.405103391036391e-05,0.0019912931169563538,0.0,"{""essential_reserve_J"":""maximum_over_full_trace"",""protected_battery_SOC_equivalent"":""maximum_over_full_trace"",""reserve_active"":""any_over_full_trace"",""reserve_denied_compute_W"":""maximum_over_full_trace"",""reserve_limited_compute"":""any_over_full_trace"",""time_until_next_generation_s"":""maximum_over_full_trace""}","{""battery_never_creates_energy"":true,""compute_denial_attribution_closes"":true,""electrical_balance_closes"":true,""essential_reserve_architecture_feasible"":true,""executed_le_design"":true,""executed_le_requested"":true,""fdir_never_increases_power"":true,""finite_state"":true,""housekeeping_priority"":true,""no_hidden_clipping"":true,""reserve_never_increases_power"":true,""soc_within_bounds"":true,""warmup_power_deficit_flag"":false}",[]
run,rsim-001-pwr1.1,RSIM-001-PWR1,A0-R_RESERVE_AWARE_ESSENTIAL_LOAD_ADMISSION,ESSENTIAL_RESERVE_FEASIBLE,A0-M_MYOPIC_ADMISSION,non-authoritative reserve-aware admission challenge; unchanged A0 hardware; not attack or spacecraft validation,55fc2d816b210ab18ecf700d22c0a53aa46f86ce,8,constant_reference,W0 — constant reference,E0_CANONICAL,CLOSED_LOOP,1.0,43200.0,10800.0,43200.0,f13862700d61d9ecf95b13f67aa4424fa8e64415f9efaf8c12c76d8dea91a277,f1e4e90f3f517362d1f0d86129448dbb51a9890353ed63ed0111bae36bf018af,RSIM canonical-derived monotone FDIR,30.0,True,,False,0.0,0.0,0.0,0.0,4320000.0,0.2420159385639026,2052.0,True,False,0.0,16416.0,0.0,29952.6596679176,29952.6596679176,970466173.2405306,970466173.2405306,0.0,0.0,29952.65966791761,29952.65966791761,324.0393599348871,313.4754788504062,0.0,0,0.0,0.62,0.62,50cba6d3f31726d86e2023a7723172a7eed45a5fb84941922617c53f53c09a66,1.3811086319037713e-06,0.9,0.2287395072196965,0.2287395072196965,0.9,1035266173.2405871,1439151157.8947375,552141959.0616164,483124214.17897093,74779316.95031494,0.0,4.378997255116701e-05,4.405103391036391e-05,0.0019912931169563538,0.0,"{""essential_reserve_J"":""maximum_over_full_trace"",""protected_battery_SOC_equivalent"":""maximum_over_full_trace"",""reserve_active"":""any_over_full_trace"",""reserve_denied_compute_W"":""maximum_over_full_trace"",""reserve_limited_compute"":""any_over_full_trace"",""time_until_next_generation_s"":""maximum_over_full_trace""}","{""battery_never_creates_energy"":true,""compute_denial_attribution_closes"":true,""electrical_balance_closes"":true,""essential_reserve_architecture_feasible"":true,""executed_le_design"":true,""executed_le_requested"":true,""fdir_never_increases_power"":true,""finite_state"":true,""housekeeping_priority"":true,""no_hidden_clipping"":true,""reserve_never_increases_power"":true,""soc_within_bounds"":true,""warmup_power_deficit_flag"":false}",[]
run,rsim-001-pwr1.1,RSIM-001-PWR1,A0-R_RESERVE_AWARE_ESSENTIAL_LOAD_ADMISSION,ESSENTIAL_RESERVE_FEASIBLE,A0-M_MYOPIC_ADMISSION,non-authoritative reserve-aware admission challenge; unchanged A0 hardware; not attack or spacecraft validation,55fc2d816b210ab18ecf700d22c0a53aa46f86ce,8,constant_reference,W0 — constant reference,E1_REPRESENTATIVE_ANALYTIC_LEO,POWER_CONSTRAINED,1.0,43200.0,10800.0,43200.0,f13862700d61d9ecf95b13f67aa4424fa8e64415f9efaf8c12c76d8dea91a277,b348f00169c885d3849e406bf8ee33c9e3461c493394179d38bcd5672eae6285,,,True,,False,0.0,0.0,0.0,0.0,4496842.105263158,0.24373588926534892,2136.0,True,False,0.0,16177.0,0.0,29952.6596679176,29952.6596679176,970466173.2405306,970466173.2405306,0.0,0.0,29952.65966791761,29952.65966791761,331.5679472408632,320.9566934012536,0.0,0,0.0,0.6325617283950618,0.6325617283950618,50cba6d3f31726d86e2023a7723172a7eed45a5fb84941922617c53f53c09a66,4.855743554799119e-06,0.9,0.49927187930999756,0.20126100751524223,0.9,1047004571.3712201,1451993045.840408,544103342.5767403,502901228.79447985,59166609.11376486,0.0,4.293318488635123e-05,4.293318488635123e-05,0.0019960963884171484,0.0,"{""essential_reserve_J"":""maximum_over_full_trace"",""protected_battery_SOC_equivalent"":""maximum_over_full_trace"",""reserve_active"":""any_over_full_trace"",""reserve_denied_compute_W"":""maximum_over_full_trace"",""reserve_limited_compute"":""any_over_full_trace"",""time_until_next_generation_s"":""maximum_over_full_trace""}","{""battery_never_creates_energy"":true,""compute_denial_attribution_closes"":true,""electrical_balance_closes"":true,""essential_reserve_architecture_feasible"":true,""executed_le_design"":true,""executed_le_requested"":true,""fdir_never_increases_power"":true,""finite_state"":true,""housekeeping_priority"":true,""no_hidden_clipping"":true,""reserve_never_increases_power"":true,""soc_within_bounds"":true,""warmup_power_deficit_flag"":false}","[""E1 is a fixed-wall-clock representative environment challenge, not a periodic/steady-state result"",""E1 radiator incidence and Earth-view factors are ASSUMED_EXPLORATORY"",""E1 albedo is a bounded analytic approximation, not a flight environment model""]"
run,rsim-001-pwr1.1,RSIM-001-PWR1,A0-R_RESERVE_AWARE_ESSENTIAL_LOAD_ADMISSION,ESSENTIAL_RESERVE_FEASIBLE,A0-M_MYOPIC_ADMISSION,non-authoritative reserve-aware admission challenge; unchanged A0 hardware; not attack or spacecraft validation,55fc2d816b210ab18ecf700d22c0a53aa46f86ce,8,constant_reference,W0 — constant reference,E1_REPRESENTATIVE_ANALYTIC_LEO,CLOSED_LOOP,1.0,43200.0,10800.0,43200.0,f13862700d61d9ecf95b13f67aa4424fa8e64415f9efaf8c12c76d8dea91a277,b348f00169c885d3849e406bf8ee33c9e3461c493394179d38bcd5672eae6285,RSIM canonical-derived monotone FDIR,30.0,True,,False,0.0,0.0,0.0,0.0,4496842.105263158,0.24373588926534892,2136.0,True,False,0.0,16177.0,0.0,29952.6596679176,29952.6596679176,970466173.2405306,970466173.2405306,0.0,0.0,29952.65966791761,29952.65966791761,331.5679472408632,320.9566934012536,0.0,0,0.0,0.6325617283950618,0.6325617283950618,50cba6d3f31726d86e2023a7723172a7eed45a5fb84941922617c53f53c09a66,4.855743554799119e-06,0.9,0.49927187930999756,0.20126100751524223,0.9,1047004571.3712201,1451993045.840408,544103342.5767403,502901228.79447985,59166609.11376486,0.0,4.293318488635123e-05,4.293318488635123e-05,0.0019960963884171484,0.0,"{""essential_reserve_J"":""maximum_over_full_trace"",""protected_battery_SOC_equivalent"":""maximum_over_full_trace"",""reserve_active"":""any_over_full_trace"",""reserve_denied_compute_W"":""maximum_over_full_trace"",""reserve_limited_compute"":""any_over_full_trace"",""time_until_next_generation_s"":""maximum_over_full_trace""}","{""battery_never_creates_energy"":true,""compute_denial_attribution_closes"":true,""electrical_balance_closes"":true,""essential_reserve_architecture_feasible"":true,""executed_le_design"":true,""executed_le_requested"":true,""fdir_never_increases_power"":true,""finite_state"":true,""housekeeping_priority"":true,""no_hidden_clipping"":true,""reserve_never_increases_power"":true,""soc_within_bounds"":true,""warmup_power_deficit_flag"":false}","[""E1 is a fixed-wall-clock representative environment challenge, not a periodic/steady-state result"",""E1 radiator incidence and Earth-view factors are ASSUMED_EXPLORATORY"",""E1 albedo is a bounded analytic approximation, not a flight environment model""]"
run,rsim-001-pwr1.1,RSIM-001-PWR1,A0-R_RESERVE_AWARE_ESSENTIAL_LOAD_ADMISSION,ESSENTIAL_RESERVE_FEASIBLE,A0-M_MYOPIC_ADMISSION,non-authoritative reserve-aware admission challenge; unchanged A0 hardware; not attack or spacecraft validation,55fc2d816b210ab18ecf700d22c0a53aa46f86ce,8,diversified_stochastic,W1 — diversified stochastic,E0_CANONICAL,POWER_CONSTRAINED,1.0,43200.0,10800.0,43200.0,37306e4c9e69ca42e2df2172e6fcd9e984f7d1205d927fafc8e9154d5c2f7deb,f1e4e90f3f517362d1f0d86129448dbb51a9890353ed63ed0111bae36bf018af,,,True,,False,0.0,0.0,0.0,0.0,4320000.0,0.2420159385639026,2052.0,True,False,0.0,16416.0,0.0,29952.65966791761,29952.65966791761,970466173.2405306,970466173.2405306,0.0,0.0,37159.32490663101,37159.32490663101,325.90695378481706,315.0051030137396,0.0,0,0.0,0.6214942686048643,0.6214942686048643,b1557509c125d0eb4a1b082a1d552ae93607f7ad404dd118860b51025c00081a,-1.0104990906256717e-06,0.9,0.2283024766771116,0.20741254985907773,0.9,1036556539.3113602,1439151157.8947375,552809609.427391,483746929.88396925,73025449.52596617,0.0,-1.6491798305651173e-05,1.6602029063506052e-05,0.0019919607673221287,1.8675938499299605,"{""essential_reserve_J"":""maximum_over_full_trace"",""protected_battery_SOC_equivalent"":""maximum_over_full_trace"",""reserve_active"":""any_over_full_trace"",""reserve_denied_compute_W"":""maximum_over_full_trace"",""reserve_limited_compute"":""any_over_full_trace"",""time_until_next_generation_s"":""maximum_over_full_trace""}","{""battery_never_creates_energy"":true,""compute_denial_attribution_closes"":true,""electrical_balance_closes"":true,""essential_reserve_architecture_feasible"":true,""executed_le_design"":true,""executed_le_requested"":true,""fdir_never_increases_power"":true,""finite_state"":true,""housekeeping_priority"":true,""no_hidden_clipping"":true,""reserve_never_increases_power"":true,""soc_within_bounds"":true,""warmup_power_deficit_flag"":false}",[]
run,rsim-001-pwr1.1,RSIM-001-PWR1,A0-R_RESERVE_AWARE_ESSENTIAL_LOAD_ADMISSION,ESSENTIAL_RESERVE_FEASIBLE,A0-M_MYOPIC_ADMISSION,non-authoritative reserve-aware admission challenge; unchanged A0 hardware; not attack or spacecraft validation,55fc2d816b210ab18ecf700d22c0a53aa46f86ce,8,diversified_stochastic,W1 — diversified stochastic,E0_CANONICAL,CLOSED_LOOP,1.0,43200.0,10800.0,43200.0,37306e4c9e69ca42e2df2172e6fcd9e984f7d1205d927fafc8e9154d5c2f7deb,f1e4e90f3f517362d1f0d86129448dbb51a9890353ed63ed0111bae36bf018af,RSIM canonical-derived monotone FDIR,30.0,True,,False,0.0,0.0,0.0,0.0,4320000.0,0.2420159385639026,2052.0,True,False,0.0,16416.0,0.0,29952.65966791761,29952.65966791761,970466173.2405306,970466173.2405306,0.0,0.0,37159.32490663101,37159.32490663101,325.90695378481706,315.0051030137396,0.0,0,0.0,0.6214942686048643,0.6214942686048643,b1557509c125d0eb4a1b082a1d552ae93607f7ad404dd118860b51025c00081a,-1.0104990906256717e-06,0.9,0.2283024766771116,0.20741254985907773,0.9,1036556539.3113602,1439151157.8947375,552809609.427391,483746929.88396925,73025449.52596617,0.0,-1.6491798305651173e-05,1.6602029063506052e-05,0.0019919607673221287,1.8675938499299605,"{""essential_reserve_J"":""maximum_over_full_trace"",""protected_battery_SOC_equivalent"":""maximum_over_full_trace"",""reserve_active"":""any_over_full_trace"",""reserve_denied_compute_W"":""maximum_over_full_trace"",""reserve_limited_compute"":""any_over_full_trace"",""time_until_next_generation_s"":""maximum_over_full_trace""}","{""battery_never_creates_energy"":true,""compute_denial_attribution_closes"":true,""electrical_balance_closes"":true,""essential_reserve_architecture_feasible"":true,""executed_le_design"":true,""executed_le_requested"":true,""fdir_never_increases_power"":true,""finite_state"":true,""housekeeping_priority"":true,""no_hidden_clipping"":true,""reserve_never_increases_power"":true,""soc_within_bounds"":true,""warmup_power_deficit_flag"":false}",[]
run,rsim-001-pwr1.1,RSIM-001-PWR1,A0-R_RESERVE_AWARE_ESSENTIAL_LOAD_ADMISSION,ESSENTIAL_RESERVE_FEASIBLE,A0-M_MYOPIC_ADMISSION,non-authoritative reserve-aware admission challenge; unchanged A0 hardware; not attack or spacecraft validation,55fc2d816b210ab18ecf700d22c0a53aa46f86ce,8,diversified_stochastic,W1 — diversified stochastic,E1_REPRESENTATIVE_ANALYTIC_LEO,POWER_CONSTRAINED,1.0,43200.0,10800.0,43200.0,37306e4c9e69ca42e2df2172e6fcd9e984f7d1205d927fafc8e9154d5c2f7deb,b348f00169c885d3849e406bf8ee33c9e3461c493394179d38bcd5672eae6285,,,True,,False,592476.0744953944,1829284.9722659644,0.0,2421761.0467613586,4496842.105263158,0.24373588926534892,2136.0,True,True,34839.01334771411,16177.0,108.0,29952.65966791761,29877.913956597815,970466173.2405306,968044412.1937692,2421761.0467613586,0.002495461576651084,37159.32490663101,37159.32490663101,333.47849487290404,322.5134072458505,0.0,0,0.0,0.6332886976690164,0.6348729988436841,d22ef7abcc2e5d16a718cca49b39e751b90f03e26bb8d0cfce1df64745bede4f,-1.1432548490120098e-06,0.9,0.5153106025726353,0.2,0.9,1041179280.3503315,1451993045.840408,540366161.3441348,500813119.00619674,59701281.551633075,0.0,-1.552374806124135e-05,1.554084656163468e-05,0.001992359207184543,1.9105476320408457,"{""essential_reserve_J"":""maximum_over_full_trace"",""protected_battery_SOC_equivalent"":""maximum_over_full_trace"",""reserve_active"":""any_over_full_trace"",""reserve_denied_compute_W"":""maximum_over_full_trace"",""reserve_limited_compute"":""any_over_full_trace"",""time_until_next_generation_s"":""maximum_over_full_trace""}","{""battery_never_creates_energy"":true,""compute_denial_attribution_closes"":true,""electrical_balance_closes"":true,""essential_reserve_architecture_feasible"":true,""executed_le_design"":true,""executed_le_requested"":true,""fdir_never_increases_power"":true,""finite_state"":true,""housekeeping_priority"":true,""no_hidden_clipping"":true,""reserve_never_increases_power"":true,""soc_within_bounds"":true,""warmup_power_deficit_flag"":false}","[""E1 is a fixed-wall-clock representative environment challenge, not a periodic/steady-state result"",""E1 radiator incidence and Earth-view factors are ASSUMED_EXPLORATORY"",""E1 albedo is a bounded analytic approximation, not a flight environment model""]"
run,rsim-001-pwr1.1,RSIM-001-PWR1,A0-R_RESERVE_AWARE_ESSENTIAL_LOAD_ADMISSION,ESSENTIAL_RESERVE_FEASIBLE,A0-M_MYOPIC_ADMISSION,non-authoritative reserve-aware admission challenge; unchanged A0 hardware; not attack or spacecraft validation,55fc2d816b210ab18ecf700d22c0a53aa46f86ce,8,diversified_stochastic,W1 — diversified stochastic,E1_REPRESENTATIVE_ANALYTIC_LEO,CLOSED_LOOP,1.0,43200.0,10800.0,43200.0,37306e4c9e69ca42e2df2172e6fcd9e984f7d1205d927fafc8e9154d5c2f7deb,b348f00169c885d3849e406bf8ee33c9e3461c493394179d38bcd5672eae6285,RSIM canonical-derived monotone FDIR,30.0,True,,False,592476.0744953944,1829284.9722659644,0.0,2421761.0467613586,4496842.105263158,0.24373588926534892,2136.0,True,True,34839.01334771411,16177.0,108.0,29952.65966791761,29877.913956597815,970466173.2405306,968044412.1937692,2421761.0467613586,0.002495461576651084,37159.32490663101,37159.32490663101,333.47849487290404,322.5134072458505,0.0,0,0.0,0.6332886976690164,0.6348729988436841,d22ef7abcc2e5d16a718cca49b39e751b90f03e26bb8d0cfce1df64745bede4f,-1.1432548490120098e-06,0.9,0.5153106025726353,0.2,0.9,1041179280.3503315,1451993045.840408,540366161.3441348,500813119.00619674,59701281.551633075,0.0,-1.552374806124135e-05,1.554084656163468e-05,0.001992359207184543,1.9105476320408457,"{""essential_reserve_J"":""maximum_over_full_trace"",""protected_battery_SOC_equivalent"":""maximum_over_full_trace"",""reserve_active"":""any_over_full_trace"",""reserve_denied_compute_W"":""maximum_over_full_trace"",""reserve_limited_compute"":""any_over_full_trace"",""time_until_next_generation_s"":""maximum_over_full_trace""}","{""battery_never_creates_energy"":true,""compute_denial_attribution_closes"":true,""electrical_balance_closes"":true,""essential_reserve_architecture_feasible"":true,""executed_le_design"":true,""executed_le_requested"":true,""fdir_never_increases_power"":true,""finite_state"":true,""housekeeping_priority"":true,""no_hidden_clipping"":true,""reserve_never_increases_power"":true,""soc_within_bounds"":true,""warmup_power_deficit_flag"":false}","[""E1 is a fixed-wall-clock representative environment challenge, not a periodic/steady-state result"",""E1 radiator incidence and Earth-view factors are ASSUMED_EXPLORATORY"",""E1 albedo is a bounded analytic approximation, not a flight environment model""]"
run,rsim-001-pwr1.1,RSIM-001-PWR1,A0-R_RESERVE_AWARE_ESSENTIAL_LOAD_ADMISSION,ESSENTIAL_RESERVE_FEASIBLE,A0-M_MYOPIC_ADMISSION,non-authoritative reserve-aware admission challenge; unchanged A0 hardware; not attack or spacecraft validation,55fc2d816b210ab18ecf700d22c0a53aa46f86ce,8,bursty_benign,W2 — bursty benign,E0_CANONICAL,POWER_CONSTRAINED,1.0,43200.0,10800.0,43200.0,d25c338bb34e51db323952745b770ee70d1e921d7b441a136124505790b148b0,f1e4e90f3f517362d1f0d86129448dbb51a9890353ed63ed0111bae36bf018af,,,True,,False,756754.6982371792,5783074.152843459,0.0,6539828.851080637,4320000.0,0.2420159385639026,2052.0,True,True,40000.0,16416.0,378.0,29952.659667917615,29750.813098439816,970466173.2405306,963926344.3894501,6539828.851080637,0.00673885296717059,40000.0,40000.0,332.1410932437815,319.6232578971029,0.0,0,0.0,0.6332018096461041,0.6374978136793821,1105168783f36d0473a622a282d0bd9f9071faa2f03272376fe72ff67ad0cced,1.1481779438327067e-07,0.9,0.2,0.2,0.9,991185066.0918195,1439151157.8947375,531578876.60218775,459606189.4896318,90585011.80371241,0.0,-1.8062422441289527e-05,1.8062422441289527e-05,0.0019707300344969252,8.101733308894381,"{""essential_reserve_J"":""maximum_over_full_trace"",""protected_battery_SOC_equivalent"":""maximum_over_full_trace"",""reserve_active"":""any_over_full_trace"",""reserve_denied_compute_W"":""maximum_over_full_trace"",""reserve_limited_compute"":""any_over_full_trace"",""time_until_next_generation_s"":""maximum_over_full_trace""}","{""battery_never_creates_energy"":true,""compute_denial_attribution_closes"":true,""electrical_balance_closes"":true,""essential_reserve_architecture_feasible"":true,""executed_le_design"":true,""executed_le_requested"":true,""fdir_never_increases_power"":true,""finite_state"":true,""housekeeping_priority"":true,""no_hidden_clipping"":true,""reserve_never_increases_power"":true,""soc_within_bounds"":true,""warmup_power_deficit_flag"":false}",[]
run,rsim-001-pwr1.1,RSIM-001-PWR1,A0-R_RESERVE_AWARE_ESSENTIAL_LOAD_ADMISSION,ESSENTIAL_RESERVE_FEASIBLE,A0-M_MYOPIC_ADMISSION,non-authoritative reserve-aware admission challenge; unchanged A0 hardware; not attack or spacecraft validation,55fc2d816b210ab18ecf700d22c0a53aa46f86ce,8,bursty_benign,W2 — bursty benign,E0_CANONICAL,CLOSED_LOOP,1.0,43200.0,10800.0,43200.0,d25c338bb34e51db323952745b770ee70d1e921d7b441a136124505790b148b0,f1e4e90f3f517362d1f0d86129448dbb51a9890353ed63ed0111bae36bf018af,RSIM canonical-derived monotone FDIR,30.0,True,,False,756754.6982371792,5783074.152843459,0.0,6539828.851080637,4320000.0,0.2420159385639026,2052.0,True,True,40000.0,16416.0,378.0,29952.659667917615,29750.813098439816,970466173.2405306,963926344.3894501,6539828.851080637,0.00673885296717059,40000.0,40000.0,332.1410932437815,319.6232578971029,0.0,0,0.0,0.6332018096461041,0.6374978136793821,1105168783f36d0473a622a282d0bd9f9071faa2f03272376fe72ff67ad0cced,1.1481779438327067e-07,0.9,0.2,0.2,0.9,991185066.0918195,1439151157.8947375,531578876.60218775,459606189.4896318,90585011.80371241,0.0,-1.8062422441289527e-05,1.8062422441289527e-05,0.0019707300344969252,8.101733308894381,"{""essential_reserve_J"":""maximum_over_full_trace"",""protected_battery_SOC_equivalent"":""maximum_over_full_trace"",""reserve_active"":""any_over_full_trace"",""reserve_denied_compute_W"":""maximum_over_full_trace"",""reserve_limited_compute"":""any_over_full_trace"",""time_until_next_generation_s"":""maximum_over_full_trace""}","{""battery_never_creates_energy"":true,""compute_denial_attribution_closes"":true,""electrical_balance_closes"":true,""essential_reserve_architecture_feasible"":true,""executed_le_design"":true,""executed_le_requested"":true,""fdir_never_increases_power"":true,""finite_state"":true,""housekeeping_priority"":true,""no_hidden_clipping"":true,""reserve_never_increases_power"":true,""soc_within_bounds"":true,""warmup_power_deficit_flag"":false}",[]
run,rsim-001-pwr1.1,RSIM-001-PWR1,A0-R_RESERVE_AWARE_ESSENTIAL_LOAD_ADMISSION,ESSENTIAL_RESERVE_FEASIBLE,A0-M_MYOPIC_ADMISSION,non-authoritative reserve-aware admission challenge; unchanged A0 hardware; not attack or spacecraft validation,55fc2d816b210ab18ecf700d22c0a53aa46f86ce,8,bursty_benign,W2 — bursty benign,E1_REPRESENTATIVE_ANALYTIC_LEO,POWER_CONSTRAINED,1.0,43200.0,10800.0,43200.0,d25c338bb34e51db323952745b770ee70d1e921d7b441a136124505790b148b0,b348f00169c885d3849e406bf8ee33c9e3461c493394179d38bcd5672eae6285,,,True,,False,591564.2067696332,3684075.523109357,0.0,4275639.72987899,4496842.105263158,0.24373588926534892,2136.0,True,True,40000.0,16177.0,376.0,29952.659667917615,29820.695478723817,970466173.2405306,966190533.5106517,4275639.72987899,0.0044057586423666825,40000.0,40000.0,338.4732245162658,325.94940561036094,0.0,0,0.0,0.6415317659368084,0.6443707077513718,f9e98255d68ed74933fa49561573985ad76978300a5d6eb07d5b634d28ee6876,-2.2110866666480433e-06,0.9,0.4829898723934743,0.2,0.9,1013339138.2011802,1451993045.840408,528107668.6984413,485231469.50273895,72838103.58925834,0.0,-1.6676081031619105e-05,1.6676081031619105e-05,0.0019801007145388494,6.905277275402625,"{""essential_reserve_J"":""maximum_over_full_trace"",""protected_battery_SOC_equivalent"":""maximum_over_full_trace"",""reserve_active"":""any_over_full_trace"",""reserve_denied_compute_W"":""maximum_over_full_trace"",""reserve_limited_compute"":""any_over_full_trace"",""time_until_next_generation_s"":""maximum_over_full_trace""}","{""battery_never_creates_energy"":true,""compute_denial_attribution_closes"":true,""electrical_balance_closes"":true,""essential_reserve_architecture_feasible"":true,""executed_le_design"":true,""executed_le_requested"":true,""fdir_never_increases_power"":true,""finite_state"":true,""housekeeping_priority"":true,""no_hidden_clipping"":true,""reserve_never_increases_power"":true,""soc_within_bounds"":true,""warmup_power_deficit_flag"":false}","[""E1 is a fixed-wall-clock representative environment challenge, not a periodic/steady-state result"",""E1 radiator incidence and Earth-view factors are ASSUMED_EXPLORATORY"",""E1 albedo is a bounded analytic approximation, not a flight environment model""]"
run,rsim-001-pwr1.1,RSIM-001-PWR1,A0-R_RESERVE_AWARE_ESSENTIAL_LOAD_ADMISSION,ESSENTIAL_RESERVE_FEASIBLE,A0-M_MYOPIC_ADMISSION,non-authoritative reserve-aware admission challenge; unchanged A0 hardware; not attack or spacecraft validation,55fc2d816b210ab18ecf700d22c0a53aa46f86ce,8,bursty_benign,W2 — bursty benign,E1_REPRESENTATIVE_ANALYTIC_LEO,CLOSED_LOOP,1.0,43200.0,10800.0,43200.0,d25c338bb34e51db323952745b770ee70d1e921d7b441a136124505790b148b0,b348f00169c885d3849e406bf8ee33c9e3461c493394179d38bcd5672eae6285,RSIM canonical-derived monotone FDIR,30.0,True,,False,591564.2067696332,3684075.523109357,0.0,4275639.72987899,4496842.105263158,0.24373588926534892,2136.0,True,True,40000.0,16177.0,376.0,29952.659667917615,29820.695478723817,970466173.2405306,966190533.5106517,4275639.72987899,0.0044057586423666825,40000.0,40000.0,338.4732245162658,325.94940561036094,0.0,0,0.0,0.6415317659368084,0.6443707077513718,f9e98255d68ed74933fa49561573985ad76978300a5d6eb07d5b634d28ee6876,-2.2110866666480433e-06,0.9,0.4829898723934743,0.2,0.9,1013339138.2011802,1451993045.840408,528107668.6984413,485231469.50273895,72838103.58925834,0.0,-1.6676081031619105e-05,1.6676081031619105e-05,0.0019801007145388494,6.905277275402625,"{""essential_reserve_J"":""maximum_over_full_trace"",""protected_battery_SOC_equivalent"":""maximum_over_full_trace"",""reserve_active"":""any_over_full_trace"",""reserve_denied_compute_W"":""maximum_over_full_trace"",""reserve_limited_compute"":""any_over_full_trace"",""time_until_next_generation_s"":""maximum_over_full_trace""}","{""battery_never_creates_energy"":true,""compute_denial_attribution_closes"":true,""electrical_balance_closes"":true,""essential_reserve_architecture_feasible"":true,""executed_le_design"":true,""executed_le_requested"":true,""fdir_never_increases_power"":true,""finite_state"":true,""housekeeping_priority"":true,""no_hidden_clipping"":true,""reserve_never_increases_power"":true,""soc_within_bounds"":true,""warmup_power_deficit_flag"":false}","[""E1 is a fixed-wall-clock representative environment challenge, not a periodic/steady-state result"",""E1 radiator incidence and Earth-view factors are ASSUMED_EXPLORATORY"",""E1 albedo is a bounded analytic approximation, not a flight environment model""]"
run,rsim-001-pwr1.1,RSIM-001-PWR1,A0-R_RESERVE_AWARE_ESSENTIAL_LOAD_ADMISSION,ESSENTIAL_RESERVE_FEASIBLE,A0-M_MYOPIC_ADMISSION,non-authoritative reserve-aware admission challenge; unchanged A0 hardware; not attack or spacecraft validation,55fc2d816b210ab18ecf700d22c0a53aa46f86ce,8,queue_driven_benign,W3 — queue-driven benign,E0_CANONICAL,POWER_CONSTRAINED,1.0,43200.0,10800.0,43200.0,534ccdbab43a4f97a8b6278f9772477494672ba65afb8202960b2df912d335c5,f1e4e90f3f517362d1f0d86129448dbb51a9890353ed63ed0111bae36bf018af,,,True,,False,350368.0321081723,2093390.028969737,0.0,2443758.0610779095,4320000.0,0.2420159385639026,2052.0,True,True,40000.0,16416.0,105.0,29952.659667917607,29877.235036402857,970466173.2405306,968022415.1794528,2443758.0610779095,0.002518128017711157,39874.46400832341,39874.46400832341,333.83251021654814,321.21004247143094,0.0,0,0.0,0.6345881287134493,0.6361901369218236,271729a59f3032e8dbf3ab2041f643599259a102326f2f8311c4f1ae36a414fc,-1.3701264833798632e-06,0.9,0.24029655911395942,0.2,0.9,998039505.6685588,1439151157.8947375,532934488.07566345,465105017.5928954,78189231.7566515,0.0,2.4391441002080683e-05,2.557110610723612e-05,0.0019720856459704006,9.793150281661042,"{""essential_reserve_J"":""maximum_over_full_trace"",""protected_battery_SOC_equivalent"":""maximum_over_full_trace"",""reserve_active"":""any_over_full_trace"",""reserve_denied_compute_W"":""maximum_over_full_trace"",""reserve_limited_compute"":""any_over_full_trace"",""time_until_next_generation_s"":""maximum_over_full_trace""}","{""battery_never_creates_energy"":true,""compute_denial_attribution_closes"":true,""electrical_balance_closes"":true,""essential_reserve_architecture_feasible"":true,""executed_le_design"":true,""executed_le_requested"":true,""fdir_never_increases_power"":true,""finite_state"":true,""housekeeping_priority"":true,""no_hidden_clipping"":true,""reserve_never_increases_power"":true,""soc_within_bounds"":true,""warmup_power_deficit_flag"":false}",[]
run,rsim-001-pwr1.1,RSIM-001-PWR1,A0-R_RESERVE_AWARE_ESSENTIAL_LOAD_ADMISSION,ESSENTIAL_RESERVE_FEASIBLE,A0-M_MYOPIC_ADMISSION,non-authoritative reserve-aware admission challenge; unchanged A0 hardware; not attack or spacecraft validation,55fc2d816b210ab18ecf700d22c0a53aa46f86ce,8,queue_driven_benign,W3 — queue-driven benign,E0_CANONICAL,CLOSED_LOOP,1.0,43200.0,10800.0,43200.0,534ccdbab43a4f97a8b6278f9772477494672ba65afb8202960b2df912d335c5,f1e4e90f3f517362d1f0d86129448dbb51a9890353ed63ed0111bae36bf018af,RSIM canonical-derived monotone FDIR,30.0,True,,False,350368.0321081723,2093390.028969737,0.0,2443758.0610779095,4320000.0,0.2420159385639026,2052.0,True,True,40000.0,16416.0,105.0,29952.659667917607,29877.235036402857,970466173.2405306,968022415.1794528,2443758.0610779095,0.002518128017711157,39874.46400832341,39874.46400832341,333.83251021654814,321.21004247143094,0.0,0,0.0,0.6345881287134493,0.6361901369218236,271729a59f3032e8dbf3ab2041f643599259a102326f2f8311c4f1ae36a414fc,-1.3701264833798632e-06,0.9,0.24029655911395942,0.2,0.9,998039505.6685588,1439151157.8947375,532934488.07566345,465105017.5928954,78189231.7566515,0.0,2.4391441002080683e-05,2.557110610723612e-05,0.0019720856459704006,9.793150281661042,"{""essential_reserve_J"":""maximum_over_full_trace"",""protected_battery_SOC_equivalent"":""maximum_over_full_trace"",""reserve_active"":""any_over_full_trace"",""reserve_denied_compute_W"":""maximum_over_full_trace"",""reserve_limited_compute"":""any_over_full_trace"",""time_until_next_generation_s"":""maximum_over_full_trace""}","{""battery_never_creates_energy"":true,""compute_denial_attribution_closes"":true,""electrical_balance_closes"":true,""essential_reserve_architecture_feasible"":true,""executed_le_design"":true,""executed_le_requested"":true,""fdir_never_increases_power"":true,""finite_state"":true,""housekeeping_priority"":true,""no_hidden_clipping"":true,""reserve_never_increases_power"":true,""soc_within_bounds"":true,""warmup_power_deficit_flag"":false}",[]
run,rsim-001-pwr1.1,RSIM-001-PWR1,A0-R_RESERVE_AWARE_ESSENTIAL_LOAD_ADMISSION,ESSENTIAL_RESERVE_FEASIBLE,A0-M_MYOPIC_ADMISSION,non-authoritative reserve-aware admission challenge; unchanged A0 hardware; not attack or spacecraft validation,55fc2d816b210ab18ecf700d22c0a53aa46f86ce,8,queue_driven_benign,W3 — queue-driven benign,E1_REPRESENTATIVE_ANALYTIC_LEO,POWER_CONSTRAINED,1.0,43200.0,10800.0,43200.0,534ccdbab43a4f97a8b6278f9772477494672ba65afb8202960b2df912d335c5,b348f00169c885d3849e406bf8ee33c9e3461c493394179d38bcd5672eae6285,,,True,,False,0.0,0.0,0.0,0.0,4496842.105263158,0.24373588926534892,2136.0,True,True,40000.0,16177.0,44.0,29952.659667917607,29952.659667917607,970466173.2405306,970466173.2405306,0.0,0.0,39874.46400832341,39874.46400832341,341.42885374912726,328.8823954825485,0.0,0,0.0,0.6577838440629588,0.6577838440629588,166c6047d2e30472c61b033df29c20d451a8e8c33945a2fa4db50997d0de24a8,9.858645171334501e-07,0.9,0.5767628844452426,0.2,0.9,1000190486.3145514,1451993045.840408,516712560.1436765,483477926.1708749,53890892.58963117,0.0,2.1721673874708358e-05,2.5323479349026456e-05,0.0019687056059840844,9.860906508264065,"{""essential_reserve_J"":""maximum_over_full_trace"",""protected_battery_SOC_equivalent"":""maximum_over_full_trace"",""reserve_active"":""any_over_full_trace"",""reserve_denied_compute_W"":""maximum_over_full_trace"",""reserve_limited_compute"":""any_over_full_trace"",""time_until_next_generation_s"":""maximum_over_full_trace""}","{""battery_never_creates_energy"":true,""compute_denial_attribution_closes"":true,""electrical_balance_closes"":true,""essential_reserve_architecture_feasible"":true,""executed_le_design"":true,""executed_le_requested"":true,""fdir_never_increases_power"":true,""finite_state"":true,""housekeeping_priority"":true,""no_hidden_clipping"":true,""reserve_never_increases_power"":true,""soc_within_bounds"":true,""warmup_power_deficit_flag"":false}","[""E1 is a fixed-wall-clock representative environment challenge, not a periodic/steady-state result"",""E1 radiator incidence and Earth-view factors are ASSUMED_EXPLORATORY"",""E1 albedo is a bounded analytic approximation, not a flight environment model""]"
run,rsim-001-pwr1.1,RSIM-001-PWR1,A0-R_RESERVE_AWARE_ESSENTIAL_LOAD_ADMISSION,ESSENTIAL_RESERVE_FEASIBLE,A0-M_MYOPIC_ADMISSION,non-authoritative reserve-aware admission challenge; unchanged A0 hardware; not attack or spacecraft validation,55fc2d816b210ab18ecf700d22c0a53aa46f86ce,8,queue_driven_benign,W3 — queue-driven benign,E1_REPRESENTATIVE_ANALYTIC_LEO,CLOSED_LOOP,1.0,43200.0,10800.0,43200.0,534ccdbab43a4f97a8b6278f9772477494672ba65afb8202960b2df912d335c5,b348f00169c885d3849e406bf8ee33c9e3461c493394179d38bcd5672eae6285,RSIM canonical-derived monotone FDIR,30.0,True,,False,0.0,0.0,0.0,0.0,4496842.105263158,0.24373588926534892,2136.0,True,True,40000.0,16177.0,44.0,29952.659667917607,29952.659667917607,970466173.2405306,970466173.2405306,0.0,0.0,39874.46400832341,39874.46400832341,341.42885374912726,328.8823954825485,0.0,0,0.0,0.6577838440629588,0.6577838440629588,166c6047d2e30472c61b033df29c20d451a8e8c33945a2fa4db50997d0de24a8,9.858645171334501e-07,0.9,0.5767628844452426,0.2,0.9,1000190486.3145514,1451993045.840408,516712560.1436765,483477926.1708749,53890892.58963117,0.0,2.1721673874708358e-05,2.5323479349026456e-05,0.0019687056059840844,9.860906508264065,"{""essential_reserve_J"":""maximum_over_full_trace"",""protected_battery_SOC_equivalent"":""maximum_over_full_trace"",""reserve_active"":""any_over_full_trace"",""reserve_denied_compute_W"":""maximum_over_full_trace"",""reserve_limited_compute"":""any_over_full_trace"",""time_until_next_generation_s"":""maximum_over_full_trace""}","{""battery_never_creates_energy"":true,""compute_denial_attribution_closes"":true,""electrical_balance_closes"":true,""essential_reserve_architecture_feasible"":true,""executed_le_design"":true,""executed_le_requested"":true,""fdir_never_increases_power"":true,""finite_state"":true,""housekeeping_priority"":true,""no_hidden_clipping"":true,""reserve_never_increases_power"":true,""soc_within_bounds"":true,""warmup_power_deficit_flag"":false}","[""E1 is a fixed-wall-clock representative environment challenge, not a periodic/steady-state result"",""E1 radiator incidence and Earth-view factors are ASSUMED_EXPLORATORY"",""E1 albedo is a bounded analytic approximation, not a flight environment model""]"
run,rsim-001-pwr1.1,RSIM-001-PWR1,A0-R_RESERVE_AWARE_ESSENTIAL_LOAD_ADMISSION,ESSENTIAL_RESERVE_FEASIBLE,A0-M_MYOPIC_ADMISSION,non-authoritative reserve-aware admission challenge; unchanged A0 hardware; not attack or spacecraft validation,55fc2d816b210ab18ecf700d22c0a53aa46f86ce,8,power_aware_benign,W4 — power-aware benign,E0_CANONICAL,POWER_CONSTRAINED,1.0,43200.0,10800.0,43200.0,060013d5060ec9e1dfb95047b206dc3da56f53d7db36c4d234d20b87189dcbc7,f1e4e90f3f517362d1f0d86129448dbb51a9890353ed63ed0111bae36bf018af,,,True,,False,0.0,0.0,0.0,0.0,4320000.0,0.2420159385639026,2052.0,True,False,0.0,16416.0,0.0,29952.65966791761,29952.65966791761,970466173.2405306,970466173.2405306,0.0,0.0,39046.618531082044,39046.618531082044,334.4801980855674,322.1035826187242,0.0,0,0.0,0.6863300457597609,0.6863300457597609,b8a39f457474e9c02ea0b8d388cd9327b448b019e517d12ff1d9e8471061654d,-6.595969352929387e-07,0.9,0.3383299862747805,0.3383299862747805,0.9,836497376.4328003,1439151157.8947375,447123616.9009353,389373759.53186506,110297282.64018233,0.0,-4.230844206176698e-05,4.233972140355036e-05,0.0018862747747956728,10.440838150680293,"{""essential_reserve_J"":""maximum_over_full_trace"",""protected_battery_SOC_equivalent"":""maximum_over_full_trace"",""reserve_active"":""any_over_full_trace"",""reserve_denied_compute_W"":""maximum_over_full_trace"",""reserve_limited_compute"":""any_over_full_trace"",""time_until_next_generation_s"":""maximum_over_full_trace""}","{""battery_never_creates_energy"":true,""compute_denial_attribution_closes"":true,""electrical_balance_closes"":true,""essential_reserve_architecture_feasible"":true,""executed_le_design"":true,""executed_le_requested"":true,""fdir_never_increases_power"":true,""finite_state"":true,""housekeeping_priority"":true,""no_hidden_clipping"":true,""reserve_never_increases_power"":true,""soc_within_bounds"":true,""warmup_power_deficit_flag"":false}",[]
run,rsim-001-pwr1.1,RSIM-001-PWR1,A0-R_RESERVE_AWARE_ESSENTIAL_LOAD_ADMISSION,ESSENTIAL_RESERVE_FEASIBLE,A0-M_MYOPIC_ADMISSION,non-authoritative reserve-aware admission challenge; unchanged A0 hardware; not attack or spacecraft validation,55fc2d816b210ab18ecf700d22c0a53aa46f86ce,8,power_aware_benign,W4 — power-aware benign,E0_CANONICAL,CLOSED_LOOP,1.0,43200.0,10800.0,43200.0,060013d5060ec9e1dfb95047b206dc3da56f53d7db36c4d234d20b87189dcbc7,f1e4e90f3f517362d1f0d86129448dbb51a9890353ed63ed0111bae36bf018af,RSIM canonical-derived monotone FDIR,30.0,True,,False,0.0,0.0,0.0,0.0,4320000.0,0.2420159385639026,2052.0,True,False,0.0,16416.0,0.0,29952.65966791761,29952.65966791761,970466173.2405306,970466173.2405306,0.0,0.0,39046.618531082044,39046.618531082044,334.4801980855674,322.1035826187242,0.0,0,0.0,0.6863300457597609,0.6863300457597609,b8a39f457474e9c02ea0b8d388cd9327b448b019e517d12ff1d9e8471061654d,-6.595969352929387e-07,0.9,0.3383299862747805,0.3383299862747805,0.9,836497376.4328003,1439151157.8947375,447123616.9009353,389373759.53186506,110297282.64018233,0.0,-4.230844206176698e-05,4.233972140355036e-05,0.0018862747747956728,10.440838150680293,"{""essential_reserve_J"":""maximum_over_full_trace"",""protected_battery_SOC_equivalent"":""maximum_over_full_trace"",""reserve_active"":""any_over_full_trace"",""reserve_denied_compute_W"":""maximum_over_full_trace"",""reserve_limited_compute"":""any_over_full_trace"",""time_until_next_generation_s"":""maximum_over_full_trace""}","{""battery_never_creates_energy"":true,""compute_denial_attribution_closes"":true,""electrical_balance_closes"":true,""essential_reserve_architecture_feasible"":true,""executed_le_design"":true,""executed_le_requested"":true,""fdir_never_increases_power"":true,""finite_state"":true,""housekeeping_priority"":true,""no_hidden_clipping"":true,""reserve_never_increases_power"":true,""soc_within_bounds"":true,""warmup_power_deficit_flag"":false}",[]
run,rsim-001-pwr1.1,RSIM-001-PWR1,A0-R_RESERVE_AWARE_ESSENTIAL_LOAD_ADMISSION,ESSENTIAL_RESERVE_FEASIBLE,A0-M_MYOPIC_ADMISSION,non-authoritative reserve-aware admission challenge; unchanged A0 hardware; not attack or spacecraft validation,55fc2d816b210ab18ecf700d22c0a53aa46f86ce,8,power_aware_benign,W4 — power-aware benign,E1_REPRESENTATIVE_ANALYTIC_LEO,POWER_CONSTRAINED,1.0,43200.0,10800.0,43200.0,060013d5060ec9e1dfb95047b206dc3da56f53d7db36c4d234d20b87189dcbc7,b348f00169c885d3849e406bf8ee33c9e3461c493394179d38bcd5672eae6285,,,True,,False,113899.78734221042,2155144.992407779,0.0,2269044.7797499895,4496842.105263158,0.24373588926534892,2136.0,True,True,26347.01175552974,16177.0,265.0,29952.65966791761,29882.627421629033,970466173.2405306,968197128.4607806,2269044.7797499895,0.0023380977537561273,39046.618531082044,39046.618531082044,341.7129395151813,329.1510552711207,0.0,0,0.0,0.6804236159113738,0.6820182412292125,babda074fe474c640435d254d7aadd9db71f7e77bc06cb3529c900accf0009c3,-2.260630026285071e-06,0.9,0.605580120117982,0.2,0.9,955890681.7478932,1451993045.840408,493081190.79856366,462809490.9493295,95564582.87948966,0.0,-3.246633150411071e-05,3.2507909963896964e-05,0.0019450742366389719,10.1449922743181,"{""essential_reserve_J"":""maximum_over_full_trace"",""protected_battery_SOC_equivalent"":""maximum_over_full_trace"",""reserve_active"":""any_over_full_trace"",""reserve_denied_compute_W"":""maximum_over_full_trace"",""reserve_limited_compute"":""any_over_full_trace"",""time_until_next_generation_s"":""maximum_over_full_trace""}","{""battery_never_creates_energy"":true,""compute_denial_attribution_closes"":true,""electrical_balance_closes"":true,""essential_reserve_architecture_feasible"":true,""executed_le_design"":true,""executed_le_requested"":true,""fdir_never_increases_power"":true,""finite_state"":true,""housekeeping_priority"":true,""no_hidden_clipping"":true,""reserve_never_increases_power"":true,""soc_within_bounds"":true,""warmup_power_deficit_flag"":false}","[""E1 is a fixed-wall-clock representative environment challenge, not a periodic/steady-state result"",""E1 radiator incidence and Earth-view factors are ASSUMED_EXPLORATORY"",""E1 albedo is a bounded analytic approximation, not a flight environment model""]"
run,rsim-001-pwr1.1,RSIM-001-PWR1,A0-R_RESERVE_AWARE_ESSENTIAL_LOAD_ADMISSION,ESSENTIAL_RESERVE_FEASIBLE,A0-M_MYOPIC_ADMISSION,non-authoritative reserve-aware admission challenge; unchanged A0 hardware; not attack or spacecraft validation,55fc2d816b210ab18ecf700d22c0a53aa46f86ce,8,power_aware_benign,W4 — power-aware benign,E1_REPRESENTATIVE_ANALYTIC_LEO,CLOSED_LOOP,1.0,43200.0,10800.0,43200.0,060013d5060ec9e1dfb95047b206dc3da56f53d7db36c4d234d20b87189dcbc7,b348f00169c885d3849e406bf8ee33c9e3461c493394179d38bcd5672eae6285,RSIM canonical-derived monotone FDIR,30.0,True,,False,113899.78734221042,2155144.992407779,0.0,2269044.7797499895,4496842.105263158,0.24373588926534892,2136.0,True,True,26347.01175552974,16177.0,265.0,29952.65966791761,29882.627421629033,970466173.2405306,968197128.4607806,2269044.7797499895,0.0023380977537561273,39046.618531082044,39046.618531082044,341.7129395151813,329.1510552711207,0.0,0,0.0,0.6804236159113738,0.6820182412292125,babda074fe474c640435d254d7aadd9db71f7e77bc06cb3529c900accf0009c3,-2.260630026285071e-06,0.9,0.605580120117982,0.2,0.9,955890681.7478932,1451993045.840408,493081190.79856366,462809490.9493295,95564582.87948966,0.0,-3.246633150411071e-05,3.2507909963896964e-05,0.0019450742366389719,10.1449922743181,"{""essential_reserve_J"":""maximum_over_full_trace"",""protected_battery_SOC_equivalent"":""maximum_over_full_trace"",""reserve_active"":""any_over_full_trace"",""reserve_denied_compute_W"":""maximum_over_full_trace"",""reserve_limited_compute"":""any_over_full_trace"",""time_until_next_generation_s"":""maximum_over_full_trace""}","{""battery_never_creates_energy"":true,""compute_denial_attribution_closes"":true,""electrical_balance_closes"":true,""essential_reserve_architecture_feasible"":true,""executed_le_design"":true,""executed_le_requested"":true,""fdir_never_increases_power"":true,""finite_state"":true,""housekeeping_priority"":true,""no_hidden_clipping"":true,""reserve_never_increases_power"":true,""soc_within_bounds"":true,""warmup_power_deficit_flag"":false}","[""E1 is a fixed-wall-clock representative environment challenge, not a periodic/steady-state result"",""E1 radiator incidence and Earth-view factors are ASSUMED_EXPLORATORY"",""E1 albedo is a bounded analytic approximation, not a flight environment model""]"
run,rsim-001-pwr1.1,RSIM-001-PWR1,A0-R_RESERVE_AWARE_ESSENTIAL_LOAD_ADMISSION,ESSENTIAL_RESERVE_FEASIBLE,A0-M_MYOPIC_ADMISSION,non-authoritative reserve-aware admission challenge; unchanged A0 hardware; not attack or spacecraft validation,55fc2d816b210ab18ecf700d22c0a53aa46f86ce,8,phase_shaped_candidate,W5 — phase-shaped adversarial candidate,E0_CANONICAL,POWER_CONSTRAINED,1.0,43200.0,10800.0,43200.0,b2e91cdfd9d8395c2ce753d013733c265fd74e8f89b630eb66f892851ef4621e,f1e4e90f3f517362d1f0d86129448dbb51a9890353ed63ed0111bae36bf018af,,,True,,False,0.0,0.0,0.0,0.0,4320000.0,0.2420159385639026,2052.0,True,False,0.0,16416.0,0.0,29952.65966791761,29952.65966791761,970466173.2405306,970466173.2405306,0.0,0.0,40000.0,40000.0,341.4220066799663,327.73406715909573,0.0,0,0.0,0.8258984971750587,0.8258984971750587,906e3d09c53d30e5b306d75a9920258d78ef3898ee921b0af32a58a8b997c155,2.645011591084767e-06,0.9,0.5695920296651108,0.5695401687513252,0.9,509076621.38590336,1439151157.8947375,271524274.5989395,237552346.78696394,66987494.021830216,0.0,-4.1266443076892756e-05,4.1588538806536235e-05,0.0017106754324936768,17.38264674507917,"{""essential_reserve_J"":""maximum_over_full_trace"",""protected_battery_SOC_equivalent"":""maximum_over_full_trace"",""reserve_active"":""any_over_full_trace"",""reserve_denied_compute_W"":""maximum_over_full_trace"",""reserve_limited_compute"":""any_over_full_trace"",""time_until_next_generation_s"":""maximum_over_full_trace""}","{""battery_never_creates_energy"":true,""compute_denial_attribution_closes"":true,""electrical_balance_closes"":true,""essential_reserve_architecture_feasible"":true,""executed_le_design"":true,""executed_le_requested"":true,""fdir_never_increases_power"":true,""finite_state"":true,""housekeeping_priority"":true,""no_hidden_clipping"":true,""reserve_never_increases_power"":true,""soc_within_bounds"":true,""warmup_power_deficit_flag"":false}",[]
run,rsim-001-pwr1.1,RSIM-001-PWR1,A0-R_RESERVE_AWARE_ESSENTIAL_LOAD_ADMISSION,ESSENTIAL_RESERVE_FEASIBLE,A0-M_MYOPIC_ADMISSION,non-authoritative reserve-aware admission challenge; unchanged A0 hardware; not attack or spacecraft validation,55fc2d816b210ab18ecf700d22c0a53aa46f86ce,8,phase_shaped_candidate,W5 — phase-shaped adversarial candidate,E0_CANONICAL,CLOSED_LOOP,1.0,43200.0,10800.0,43200.0,b2e91cdfd9d8395c2ce753d013733c265fd74e8f89b630eb66f892851ef4621e,f1e4e90f3f517362d1f0d86129448dbb51a9890353ed63ed0111bae36bf018af,RSIM canonical-derived monotone FDIR,30.0,True,,False,0.0,0.0,0.0,0.0,4320000.0,0.2420159385639026,2052.0,True,False,0.0,16416.0,0.0,29952.65966791761,29952.65966791761,970466173.2405306,970466173.2405306,0.0,0.0,40000.0,40000.0,341.4220066799663,327.73406715909573,0.0,0,0.0,0.8258984971750587,0.8258984971750587,906e3d09c53d30e5b306d75a9920258d78ef3898ee921b0af32a58a8b997c155,2.645011591084767e-06,0.9,0.5695920296651108,0.5695401687513252,0.9,509076621.38590336,1439151157.8947375,271524274.5989395,237552346.78696394,66987494.021830216,0.0,-4.1266443076892756e-05,4.1588538806536235e-05,0.0017106754324936768,17.38264674507917,"{""essential_reserve_J"":""maximum_over_full_trace"",""protected_battery_SOC_equivalent"":""maximum_over_full_trace"",""reserve_active"":""any_over_full_trace"",""reserve_denied_compute_W"":""maximum_over_full_trace"",""reserve_limited_compute"":""any_over_full_trace"",""time_until_next_generation_s"":""maximum_over_full_trace""}","{""battery_never_creates_energy"":true,""compute_denial_attribution_closes"":true,""electrical_balance_closes"":true,""essential_reserve_architecture_feasible"":true,""executed_le_design"":true,""executed_le_requested"":true,""fdir_never_increases_power"":true,""finite_state"":true,""housekeeping_priority"":true,""no_hidden_clipping"":true,""reserve_never_increases_power"":true,""soc_within_bounds"":true,""warmup_power_deficit_flag"":false}",[]
run,rsim-001-pwr1.1,RSIM-001-PWR1,A0-R_RESERVE_AWARE_ESSENTIAL_LOAD_ADMISSION,ESSENTIAL_RESERVE_FEASIBLE,A0-M_MYOPIC_ADMISSION,non-authoritative reserve-aware admission challenge; unchanged A0 hardware; not attack or spacecraft validation,55fc2d816b210ab18ecf700d22c0a53aa46f86ce,8,phase_shaped_candidate,W5 — phase-shaped adversarial candidate,E1_REPRESENTATIVE_ANALYTIC_LEO,POWER_CONSTRAINED,1.0,43200.0,10800.0,43200.0,b2e91cdfd9d8395c2ce753d013733c265fd74e8f89b630eb66f892851ef4621e,b348f00169c885d3849e406bf8ee33c9e3461c493394179d38bcd5672eae6285,,,True,,False,0.0,0.0,0.0,0.0,4496842.105263158,0.24373588926534892,2136.0,True,True,14530.28834430341,16177.0,410.0,29952.65966791761,29952.65966791761,970466173.2405306,970466173.2405306,0.0,0.0,40000.0,40000.0,348.33498721963525,334.4597587403552,148.0,0,0.0,0.7671511073199543,0.7671511073199543,76f86c6facbfcf4cf9382815059c693a0ce0d58211a86461047e58991a6798ca,-4.181019903626293e-07,0.9,0.7027817399201118,0.2,0.9,786603588.437933,1451993045.840408,403440600.0229627,383162988.4149702,57491803.59881553,0.0,-1.9305000478198053e-05,1.9310530205984833e-05,0.001855433645863371,16.76703997877206,"{""essential_reserve_J"":""maximum_over_full_trace"",""protected_battery_SOC_equivalent"":""maximum_over_full_trace"",""reserve_active"":""any_over_full_trace"",""reserve_denied_compute_W"":""maximum_over_full_trace"",""reserve_limited_compute"":""any_over_full_trace"",""time_until_next_generation_s"":""maximum_over_full_trace""}","{""battery_never_creates_energy"":true,""compute_denial_attribution_closes"":true,""electrical_balance_closes"":true,""essential_reserve_architecture_feasible"":true,""executed_le_design"":true,""executed_le_requested"":true,""fdir_never_increases_power"":true,""finite_state"":true,""housekeeping_priority"":true,""no_hidden_clipping"":true,""reserve_never_increases_power"":true,""soc_within_bounds"":true,""warmup_power_deficit_flag"":false}","[""E1 is a fixed-wall-clock representative environment challenge, not a periodic/steady-state result"",""E1 radiator incidence and Earth-view factors are ASSUMED_EXPLORATORY"",""E1 albedo is a bounded analytic approximation, not a flight environment model""]"
run,rsim-001-pwr1.1,RSIM-001-PWR1,A0-R_RESERVE_AWARE_ESSENTIAL_LOAD_ADMISSION,ESSENTIAL_RESERVE_FEASIBLE,A0-M_MYOPIC_ADMISSION,non-authoritative reserve-aware admission challenge; unchanged A0 hardware; not attack or spacecraft validation,55fc2d816b210ab18ecf700d22c0a53aa46f86ce,8,phase_shaped_candidate,W5 — phase-shaped adversarial candidate,E1_REPRESENTATIVE_ANALYTIC_LEO,CLOSED_LOOP,1.0,43200.0,10800.0,43200.0,b2e91cdfd9d8395c2ce753d013733c265fd74e8f89b630eb66f892851ef4621e,b348f00169c885d3849e406bf8ee33c9e3461c493394179d38bcd5672eae6285,RSIM canonical-derived monotone FDIR,30.0,True,,False,0.0,0.0,2371484.311235657,2371484.311235657,4496842.105263158,0.24373588926534892,2136.0,True,True,14530.28834430341,16177.0,410.0,29952.65966791761,29879.46570769429,970466173.2405306,968094688.929295,2371484.311235657,0.002443654788416704,40000.0,40000.0,348.198382348183,334.42218554697786,31.0,1,85.0,0.7671511073199543,0.7665807111570645,689f840b320ee0266747353e8898c67e136bcac8d293cfebc3f2db165f0900a4,3.9963970266398974e-07,0.9,0.7027817399201118,0.2,0.9,786603588.437933,1451993045.840408,403440600.0229627,383162988.4149703,59863287.91005114,0.0,-1.925371952893329e-05,1.9259249256720068e-05,0.001855433645863371,16.630435107319784,"{""essential_reserve_J"":""maximum_over_full_trace"",""protected_battery_SOC_equivalent"":""maximum_over_full_trace"",""reserve_active"":""any_over_full_trace"",""reserve_denied_compute_W"":""maximum_over_full_trace"",""reserve_limited_compute"":""any_over_full_trace"",""time_until_next_generation_s"":""maximum_over_full_trace""}","{""battery_never_creates_energy"":true,""compute_denial_attribution_closes"":true,""electrical_balance_closes"":true,""essential_reserve_architecture_feasible"":true,""executed_le_design"":true,""executed_le_requested"":true,""fdir_never_increases_power"":true,""finite_state"":true,""housekeeping_priority"":true,""no_hidden_clipping"":true,""reserve_never_increases_power"":true,""soc_within_bounds"":true,""warmup_power_deficit_flag"":false}","[""E1 is a fixed-wall-clock representative environment challenge, not a periodic/steady-state result"",""E1 radiator incidence and Earth-view factors are ASSUMED_EXPLORATORY"",""E1 albedo is a bounded analytic approximation, not a flight environment model""]"
run,rsim-001-pwr1.1,RSIM-001-PWR1,A0-R_RESERVE_AWARE_ESSENTIAL_LOAD_ADMISSION,ESSENTIAL_RESERVE_FEASIBLE,A0-M_MYOPIC_ADMISSION,non-authoritative reserve-aware admission challenge; unchanged A0 hardware; not attack or spacecraft validation,55fc2d816b210ab18ecf700d22c0a53aa46f86ce,9,constant_reference,W0 — constant reference,E0_CANONICAL,POWER_CONSTRAINED,1.0,43200.0,10800.0,43200.0,28974feaa710c0bc8820d21f3f8f863bffa6665af9f833efef35c670161cf50c,f1e4e90f3f517362d1f0d86129448dbb51a9890353ed63ed0111bae36bf018af,,,True,,False,0.0,0.0,0.0,0.0,4320000.0,0.2420159385639026,2052.0,True,False,0.0,16416.0,0.0,29954.78386059112,29954.78386059112,970534997.0831524,970534997.0831524,0.0,0.0,29954.783860591124,29954.783860591124,324.0437192777726,313.4791219436831,0.0,0,0.0,0.6200000000000001,0.6200000000000001,e0af01974fa5c0fa2f3f17182eeae47befd90a0d748118accc55eaf8d740236f,-3.972440026700497e-06,0.9,0.2286948822453461,0.2286948822453461,0.9,1035334997.0831282,1439151157.8947375,552178665.1110148,483156331.9721135,74688614.37043947,0.0,-4.5494234655052423e-05,4.5881475671194494e-05,0.001991329823005752,0.0,"{""essential_reserve_J"":""maximum_over_full_trace"",""protected_battery_SOC_equivalent"":""maximum_over_full_trace"",""reserve_active"":""any_over_full_trace"",""reserve_denied_compute_W"":""maximum_over_full_trace"",""reserve_limited_compute"":""any_over_full_trace"",""time_until_next_generation_s"":""maximum_over_full_trace""}","{""battery_never_creates_energy"":true,""compute_denial_attribution_closes"":true,""electrical_balance_closes"":true,""essential_reserve_architecture_feasible"":true,""executed_le_design"":true,""executed_le_requested"":true,""fdir_never_increases_power"":true,""finite_state"":true,""housekeeping_priority"":true,""no_hidden_clipping"":true,""reserve_never_increases_power"":true,""soc_within_bounds"":true,""warmup_power_deficit_flag"":false}",[]
run,rsim-001-pwr1.1,RSIM-001-PWR1,A0-R_RESERVE_AWARE_ESSENTIAL_LOAD_ADMISSION,ESSENTIAL_RESERVE_FEASIBLE,A0-M_MYOPIC_ADMISSION,non-authoritative reserve-aware admission challenge; unchanged A0 hardware; not attack or spacecraft validation,55fc2d816b210ab18ecf700d22c0a53aa46f86ce,9,constant_reference,W0 — constant reference,E0_CANONICAL,CLOSED_LOOP,1.0,43200.0,10800.0,43200.0,28974feaa710c0bc8820d21f3f8f863bffa6665af9f833efef35c670161cf50c,f1e4e90f3f517362d1f0d86129448dbb51a9890353ed63ed0111bae36bf018af,RSIM canonical-derived monotone FDIR,30.0,True,,False,0.0,0.0,0.0,0.0,4320000.0,0.2420159385639026,2052.0,True,False,0.0,16416.0,0.0,29954.78386059112,29954.78386059112,970534997.0831524,970534997.0831524,0.0,0.0,29954.783860591124,29954.783860591124,324.0437192777726,313.4791219436831,0.0,0,0.0,0.6200000000000001,0.6200000000000001,e0af01974fa5c0fa2f3f17182eeae47befd90a0d748118accc55eaf8d740236f,-3.972440026700497e-06,0.9,0.2286948822453461,0.2286948822453461,0.9,1035334997.0831282,1439151157.8947375,552178665.1110148,483156331.9721135,74688614.37043947,0.0,-4.5494234655052423e-05,4.5881475671194494e-05,0.001991329823005752,0.0,"{""essential_reserve_J"":""maximum_over_full_trace"",""protected_battery_SOC_equivalent"":""maximum_over_full_trace"",""reserve_active"":""any_over_full_trace"",""reserve_denied_compute_W"":""maximum_over_full_trace"",""reserve_limited_compute"":""any_over_full_trace"",""time_until_next_generation_s"":""maximum_over_full_trace""}","{""battery_never_creates_energy"":true,""compute_denial_attribution_closes"":true,""electrical_balance_closes"":true,""essential_reserve_architecture_feasible"":true,""executed_le_design"":true,""executed_le_requested"":true,""fdir_never_increases_power"":true,""finite_state"":true,""housekeeping_priority"":true,""no_hidden_clipping"":true,""reserve_never_increases_power"":true,""soc_within_bounds"":true,""warmup_power_deficit_flag"":false}",[]
run,rsim-001-pwr1.1,RSIM-001-PWR1,A0-R_RESERVE_AWARE_ESSENTIAL_LOAD_ADMISSION,ESSENTIAL_RESERVE_FEASIBLE,A0-M_MYOPIC_ADMISSION,non-authoritative reserve-aware admission challenge; unchanged A0 hardware; not attack or spacecraft validation,55fc2d816b210ab18ecf700d22c0a53aa46f86ce,9,constant_reference,W0 — constant reference,E1_REPRESENTATIVE_ANALYTIC_LEO,POWER_CONSTRAINED,1.0,43200.0,10800.0,43200.0,28974feaa710c0bc8820d21f3f8f863bffa6665af9f833efef35c670161cf50c,b348f00169c885d3849e406bf8ee33c9e3461c493394179d38bcd5672eae6285,,,True,,False,0.0,0.0,0.0,0.0,4496842.105263158,0.24373588926534892,2136.0,True,False,0.0,16177.0,0.0,29954.78386059112,29954.78386059112,970534997.0831524,970534997.0831524,0.0,0.0,29954.783860591124,29954.783860591124,331.5720809080167,320.9601183140022,0.0,0,0.0,0.6325617283950616,0.6325617283950616,e0af01974fa5c0fa2f3f17182eeae47befd90a0d748118accc55eaf8d740236f,-6.032409601175459e-06,0.9,0.4992452391571941,0.20121455578755065,0.9,1047074175.5750726,1451993045.840408,544139514.2239819,502934661.3510907,59074014.890294835,0.0,-4.119508957955986e-05,4.119508957955986e-05,0.00199613256006439,0.0,"{""essential_reserve_J"":""maximum_over_full_trace"",""protected_battery_SOC_equivalent"":""maximum_over_full_trace"",""reserve_active"":""any_over_full_trace"",""reserve_denied_compute_W"":""maximum_over_full_trace"",""reserve_limited_compute"":""any_over_full_trace"",""time_until_next_generation_s"":""maximum_over_full_trace""}","{""battery_never_creates_energy"":true,""compute_denial_attribution_closes"":true,""electrical_balance_closes"":true,""essential_reserve_architecture_feasible"":true,""executed_le_design"":true,""executed_le_requested"":true,""fdir_never_increases_power"":true,""finite_state"":true,""housekeeping_priority"":true,""no_hidden_clipping"":true,""reserve_never_increases_power"":true,""soc_within_bounds"":true,""warmup_power_deficit_flag"":false}","[""E1 is a fixed-wall-clock representative environment challenge, not a periodic/steady-state result"",""E1 radiator incidence and Earth-view factors are ASSUMED_EXPLORATORY"",""E1 albedo is a bounded analytic approximation, not a flight environment model""]"
run,rsim-001-pwr1.1,RSIM-001-PWR1,A0-R_RESERVE_AWARE_ESSENTIAL_LOAD_ADMISSION,ESSENTIAL_RESERVE_FEASIBLE,A0-M_MYOPIC_ADMISSION,non-authoritative reserve-aware admission challenge; unchanged A0 hardware; not attack or spacecraft validation,55fc2d816b210ab18ecf700d22c0a53aa46f86ce,9,constant_reference,W0 — constant reference,E1_REPRESENTATIVE_ANALYTIC_LEO,CLOSED_LOOP,1.0,43200.0,10800.0,43200.0,28974feaa710c0bc8820d21f3f8f863bffa6665af9f833efef35c670161cf50c,b348f00169c885d3849e406bf8ee33c9e3461c493394179d38bcd5672eae6285,RSIM canonical-derived monotone FDIR,30.0,True,,False,0.0,0.0,0.0,0.0,4496842.105263158,0.24373588926534892,2136.0,True,False,0.0,16177.0,0.0,29954.78386059112,29954.78386059112,970534997.0831524,970534997.0831524,0.0,0.0,29954.783860591124,29954.783860591124,331.5720809080167,320.9601183140022,0.0,0,0.0,0.6325617283950616,0.6325617283950616,e0af01974fa5c0fa2f3f17182eeae47befd90a0d748118accc55eaf8d740236f,-6.032409601175459e-06,0.9,0.4992452391571941,0.20121455578755065,0.9,1047074175.5750726,1451993045.840408,544139514.2239819,502934661.3510907,59074014.890294835,0.0,-4.119508957955986e-05,4.119508957955986e-05,0.00199613256006439,0.0,"{""essential_reserve_J"":""maximum_over_full_trace"",""protected_battery_SOC_equivalent"":""maximum_over_full_trace"",""reserve_active"":""any_over_full_trace"",""reserve_denied_compute_W"":""maximum_over_full_trace"",""reserve_limited_compute"":""any_over_full_trace"",""time_until_next_generation_s"":""maximum_over_full_trace""}","{""battery_never_creates_energy"":true,""compute_denial_attribution_closes"":true,""electrical_balance_closes"":true,""essential_reserve_architecture_feasible"":true,""executed_le_design"":true,""executed_le_requested"":true,""fdir_never_increases_power"":true,""finite_state"":true,""housekeeping_priority"":true,""no_hidden_clipping"":true,""reserve_never_increases_power"":true,""soc_within_bounds"":true,""warmup_power_deficit_flag"":false}","[""E1 is a fixed-wall-clock representative environment challenge, not a periodic/steady-state result"",""E1 radiator incidence and Earth-view factors are ASSUMED_EXPLORATORY"",""E1 albedo is a bounded analytic approximation, not a flight environment model""]"
run,rsim-001-pwr1.1,RSIM-001-PWR1,A0-R_RESERVE_AWARE_ESSENTIAL_LOAD_ADMISSION,ESSENTIAL_RESERVE_FEASIBLE,A0-M_MYOPIC_ADMISSION,non-authoritative reserve-aware admission challenge; unchanged A0 hardware; not attack or spacecraft validation,55fc2d816b210ab18ecf700d22c0a53aa46f86ce,9,diversified_stochastic,W1 — diversified stochastic,E0_CANONICAL,POWER_CONSTRAINED,1.0,43200.0,10800.0,43200.0,980bcdaa9478408af5e9a45871fe39bf1608281c75924ad4dc22b3ac109f5544,f1e4e90f3f517362d1f0d86129448dbb51a9890353ed63ed0111bae36bf018af,,,True,,False,0.0,0.0,0.0,0.0,4320000.0,0.2420159385639026,2052.0,True,False,0.0,16416.0,0.0,29954.783860591127,29954.783860591127,970534997.0831524,970534997.0831524,0.0,0.0,37365.33192488319,37365.33192488319,325.9540987367452,315.0201182801539,0.0,0,0.0,0.6214894937457248,0.6214894937457248,9dd1cd8c9939579a3667a6755f980c1c38614695dfbde5b30781250b3685ba55,9.577656783221755e-07,0.9,0.22636269260808245,0.20700696264697124,0.9,1036597692.7923346,1439151157.8947375,552929908.6477826,483667784.14455193,72910308.57729198,0.0,-1.6411649994552135e-05,1.6422261978732422e-05,0.00199208106654252,1.9103794589726135,"{""essential_reserve_J"":""maximum_over_full_trace"",""protected_battery_SOC_equivalent"":""maximum_over_full_trace"",""reserve_active"":""any_over_full_trace"",""reserve_denied_compute_W"":""maximum_over_full_trace"",""reserve_limited_compute"":""any_over_full_trace"",""time_until_next_generation_s"":""maximum_over_full_trace""}","{""battery_never_creates_energy"":true,""compute_denial_attribution_closes"":true,""electrical_balance_closes"":true,""essential_reserve_architecture_feasible"":true,""executed_le_design"":true,""executed_le_requested"":true,""fdir_never_increases_power"":true,""finite_state"":true,""housekeeping_priority"":true,""no_hidden_clipping"":true,""reserve_never_increases_power"":true,""soc_within_bounds"":true,""warmup_power_deficit_flag"":false}",[]
run,rsim-001-pwr1.1,RSIM-001-PWR1,A0-R_RESERVE_AWARE_ESSENTIAL_LOAD_ADMISSION,ESSENTIAL_RESERVE_FEASIBLE,A0-M_MYOPIC_ADMISSION,non-authoritative reserve-aware admission challenge; unchanged A0 hardware; not attack or spacecraft validation,55fc2d816b210ab18ecf700d22c0a53aa46f86ce,9,diversified_stochastic,W1 — diversified stochastic,E0_CANONICAL,CLOSED_LOOP,1.0,43200.0,10800.0,43200.0,980bcdaa9478408af5e9a45871fe39bf1608281c75924ad4dc22b3ac109f5544,f1e4e90f3f517362d1f0d86129448dbb51a9890353ed63ed0111bae36bf018af,RSIM canonical-derived monotone FDIR,30.0,True,,False,0.0,0.0,0.0,0.0,4320000.0,0.2420159385639026,2052.0,True,False,0.0,16416.0,0.0,29954.783860591127,29954.783860591127,970534997.0831524,970534997.0831524,0.0,0.0,37365.33192488319,37365.33192488319,325.9540987367452,315.0201182801539,0.0,0,0.0,0.6214894937457248,0.6214894937457248,9dd1cd8c9939579a3667a6755f980c1c38614695dfbde5b30781250b3685ba55,9.577656783221755e-07,0.9,0.22636269260808245,0.20700696264697124,0.9,1036597692.7923346,1439151157.8947375,552929908.6477826,483667784.14455193,72910308.57729198,0.0,-1.6411649994552135e-05,1.6422261978732422e-05,0.00199208106654252,1.9103794589726135,"{""essential_reserve_J"":""maximum_over_full_trace"",""protected_battery_SOC_equivalent"":""maximum_over_full_trace"",""reserve_active"":""any_over_full_trace"",""reserve_denied_compute_W"":""maximum_over_full_trace"",""reserve_limited_compute"":""any_over_full_trace"",""time_until_next_generation_s"":""maximum_over_full_trace""}","{""battery_never_creates_energy"":true,""compute_denial_attribution_closes"":true,""electrical_balance_closes"":true,""essential_reserve_architecture_feasible"":true,""executed_le_design"":true,""executed_le_requested"":true,""fdir_never_increases_power"":true,""finite_state"":true,""housekeeping_priority"":true,""no_hidden_clipping"":true,""reserve_never_increases_power"":true,""soc_within_bounds"":true,""warmup_power_deficit_flag"":false}",[]
run,rsim-001-pwr1.1,RSIM-001-PWR1,A0-R_RESERVE_AWARE_ESSENTIAL_LOAD_ADMISSION,ESSENTIAL_RESERVE_FEASIBLE,A0-M_MYOPIC_ADMISSION,non-authoritative reserve-aware admission challenge; unchanged A0 hardware; not attack or spacecraft validation,55fc2d816b210ab18ecf700d22c0a53aa46f86ce,9,diversified_stochastic,W1 — diversified stochastic,E1_REPRESENTATIVE_ANALYTIC_LEO,POWER_CONSTRAINED,1.0,43200.0,10800.0,43200.0,980bcdaa9478408af5e9a45871fe39bf1608281c75924ad4dc22b3ac109f5544,b348f00169c885d3849e406bf8ee33c9e3461c493394179d38bcd5672eae6285,,,True,,False,585226.9241190352,1894826.2757334586,0.0,2480053.1998524936,4496842.105263158,0.24373588926534892,2136.0,True,True,35009.54227684984,16177.0,114.0,29954.783860591127,29878.239008743825,970534997.0831524,968054943.8833,2480053.1998524936,0.0025553464916835042,37365.33192488319,37365.33192488319,333.4718364296986,322.5069039455216,0.0,0,0.0,0.6330979144554206,0.634719843580917,f314659bd209b90474769decc206398dba2b636c486f12ca1b78fac98d81f017,4.3353788896638434e-06,0.9,0.5144022244012657,0.2,0.9,1041320226.2942542,1451993045.840408,540483333.1860303,500836893.1082239,59654086.50359633,0.0,-1.5576908026559977e-05,1.578579349370557e-05,0.0019924763790264382,1.899755521681925,"{""essential_reserve_J"":""maximum_over_full_trace"",""protected_battery_SOC_equivalent"":""maximum_over_full_trace"",""reserve_active"":""any_over_full_trace"",""reserve_denied_compute_W"":""maximum_over_full_trace"",""reserve_limited_compute"":""any_over_full_trace"",""time_until_next_generation_s"":""maximum_over_full_trace""}","{""battery_never_creates_energy"":true,""compute_denial_attribution_closes"":true,""electrical_balance_closes"":true,""essential_reserve_architecture_feasible"":true,""executed_le_design"":true,""executed_le_requested"":true,""fdir_never_increases_power"":true,""finite_state"":true,""housekeeping_priority"":true,""no_hidden_clipping"":true,""reserve_never_increases_power"":true,""soc_within_bounds"":true,""warmup_power_deficit_flag"":false}","[""E1 is a fixed-wall-clock representative environment challenge, not a periodic/steady-state result"",""E1 radiator incidence and Earth-view factors are ASSUMED_EXPLORATORY"",""E1 albedo is a bounded analytic approximation, not a flight environment model""]"
run,rsim-001-pwr1.1,RSIM-001-PWR1,A0-R_RESERVE_AWARE_ESSENTIAL_LOAD_ADMISSION,ESSENTIAL_RESERVE_FEASIBLE,A0-M_MYOPIC_ADMISSION,non-authoritative reserve-aware admission challenge; unchanged A0 hardware; not attack or spacecraft validation,55fc2d816b210ab18ecf700d22c0a53aa46f86ce,9,diversified_stochastic,W1 — diversified stochastic,E1_REPRESENTATIVE_ANALYTIC_LEO,CLOSED_LOOP,1.0,43200.0,10800.0,43200.0,980bcdaa9478408af5e9a45871fe39bf1608281c75924ad4dc22b3ac109f5544,b348f00169c885d3849e406bf8ee33c9e3461c493394179d38bcd5672eae6285,RSIM canonical-derived monotone FDIR,30.0,True,,False,585226.9241190352,1894826.2757334586,0.0,2480053.1998524936,4496842.105263158,0.24373588926534892,2136.0,True,True,35009.54227684984,16177.0,114.0,29954.783860591127,29878.239008743825,970534997.0831524,968054943.8833,2480053.1998524936,0.0025553464916835042,37365.33192488319,37365.33192488319,333.4718364296986,322.5069039455216,0.0,0,0.0,0.6330979144554206,0.634719843580917,f314659bd209b90474769decc206398dba2b636c486f12ca1b78fac98d81f017,4.3353788896638434e-06,0.9,0.5144022244012657,0.2,0.9,1041320226.2942542,1451993045.840408,540483333.1860303,500836893.1082239,59654086.50359633,0.0,-1.5576908026559977e-05,1.578579349370557e-05,0.0019924763790264382,1.899755521681925,"{""essential_reserve_J"":""maximum_over_full_trace"",""protected_battery_SOC_equivalent"":""maximum_over_full_trace"",""reserve_active"":""any_over_full_trace"",""reserve_denied_compute_W"":""maximum_over_full_trace"",""reserve_limited_compute"":""any_over_full_trace"",""time_until_next_generation_s"":""maximum_over_full_trace""}","{""battery_never_creates_energy"":true,""compute_denial_attribution_closes"":true,""electrical_balance_closes"":true,""essential_reserve_architecture_feasible"":true,""executed_le_design"":true,""executed_le_requested"":true,""fdir_never_increases_power"":true,""finite_state"":true,""housekeeping_priority"":true,""no_hidden_clipping"":true,""reserve_never_increases_power"":true,""soc_within_bounds"":true,""warmup_power_deficit_flag"":false}","[""E1 is a fixed-wall-clock representative environment challenge, not a periodic/steady-state result"",""E1 radiator incidence and Earth-view factors are ASSUMED_EXPLORATORY"",""E1 albedo is a bounded analytic approximation, not a flight environment model""]"
run,rsim-001-pwr1.1,RSIM-001-PWR1,A0-R_RESERVE_AWARE_ESSENTIAL_LOAD_ADMISSION,ESSENTIAL_RESERVE_FEASIBLE,A0-M_MYOPIC_ADMISSION,non-authoritative reserve-aware admission challenge; unchanged A0 hardware; not attack or spacecraft validation,55fc2d816b210ab18ecf700d22c0a53aa46f86ce,9,bursty_benign,W2 — bursty benign,E0_CANONICAL,POWER_CONSTRAINED,1.0,43200.0,10800.0,43200.0,02ac08f1bf449185d2f9aebc3450197d2d3311cf9dfdd4233d8c2354d6f4589c,f1e4e90f3f517362d1f0d86129448dbb51a9890353ed63ed0111bae36bf018af,,,True,,False,1008432.2666243644,19607898.82386719,0.0,20616331.090491556,4320000.0,0.2420159385639026,2052.0,True,True,40000.0,16416.0,578.0,29954.783860591127,29318.477345452495,970534997.0831524,949918665.9926609,20616331.090491556,0.021242233564427778,40000.0,40000.0,331.7723095982294,319.5201986668463,0.0,0,0.0,0.6085401954122918,0.6217475010476451,14fe02b67d3d2654a28c56bb72034191677ca559166c626a60d1471fe5316ac6,-2.2382664610631764e-07,0.9,0.2,0.2,0.9,1004635349.7477317,1439151157.8947375,538304018.4301393,466331331.3175923,96795849.3204823,0.0,-1.5416809674206888e-05,1.808678098313976e-05,0.001977455176324877,7.728590320456817,"{""essential_reserve_J"":""maximum_over_full_trace"",""protected_battery_SOC_equivalent"":""maximum_over_full_trace"",""reserve_active"":""any_over_full_trace"",""reserve_denied_compute_W"":""maximum_over_full_trace"",""reserve_limited_compute"":""any_over_full_trace"",""time_until_next_generation_s"":""maximum_over_full_trace""}","{""battery_never_creates_energy"":true,""compute_denial_attribution_closes"":true,""electrical_balance_closes"":true,""essential_reserve_architecture_feasible"":true,""executed_le_design"":true,""executed_le_requested"":true,""fdir_never_increases_power"":true,""finite_state"":true,""housekeeping_priority"":true,""no_hidden_clipping"":true,""reserve_never_increases_power"":true,""soc_within_bounds"":true,""warmup_power_deficit_flag"":false}",[]
run,rsim-001-pwr1.1,RSIM-001-PWR1,A0-R_RESERVE_AWARE_ESSENTIAL_LOAD_ADMISSION,ESSENTIAL_RESERVE_FEASIBLE,A0-M_MYOPIC_ADMISSION,non-authoritative reserve-aware admission challenge; unchanged A0 hardware; not attack or spacecraft validation,55fc2d816b210ab18ecf700d22c0a53aa46f86ce,9,bursty_benign,W2 — bursty benign,E0_CANONICAL,CLOSED_LOOP,1.0,43200.0,10800.0,43200.0,02ac08f1bf449185d2f9aebc3450197d2d3311cf9dfdd4233d8c2354d6f4589c,f1e4e90f3f517362d1f0d86129448dbb51a9890353ed63ed0111bae36bf018af,RSIM canonical-derived monotone FDIR,30.0,True,,False,1008432.2666243644,19607898.82386719,0.0,20616331.090491556,4320000.0,0.2420159385639026,2052.0,True,True,40000.0,16416.0,578.0,29954.783860591127,29318.477345452495,970534997.0831524,949918665.9926609,20616331.090491556,0.021242233564427778,40000.0,40000.0,331.7723095982294,319.5201986668463,0.0,0,0.0,0.6085401954122918,0.6217475010476451,14fe02b67d3d2654a28c56bb72034191677ca559166c626a60d1471fe5316ac6,-2.2382664610631764e-07,0.9,0.2,0.2,0.9,1004635349.7477317,1439151157.8947375,538304018.4301393,466331331.3175923,96795849.3204823,0.0,-1.5416809674206888e-05,1.808678098313976e-05,0.001977455176324877,7.728590320456817,"{""essential_reserve_J"":""maximum_over_full_trace"",""protected_battery_SOC_equivalent"":""maximum_over_full_trace"",""reserve_active"":""any_over_full_trace"",""reserve_denied_compute_W"":""maximum_over_full_trace"",""reserve_limited_compute"":""any_over_full_trace"",""time_until_next_generation_s"":""maximum_over_full_trace""}","{""battery_never_creates_energy"":true,""compute_denial_attribution_closes"":true,""electrical_balance_closes"":true,""essential_reserve_architecture_feasible"":true,""executed_le_design"":true,""executed_le_requested"":true,""fdir_never_increases_power"":true,""finite_state"":true,""housekeeping_priority"":true,""no_hidden_clipping"":true,""reserve_never_increases_power"":true,""soc_within_bounds"":true,""warmup_power_deficit_flag"":false}",[]
run,rsim-001-pwr1.1,RSIM-001-PWR1,A0-R_RESERVE_AWARE_ESSENTIAL_LOAD_ADMISSION,ESSENTIAL_RESERVE_FEASIBLE,A0-M_MYOPIC_ADMISSION,non-authoritative reserve-aware admission challenge; unchanged A0 hardware; not attack or spacecraft validation,55fc2d816b210ab18ecf700d22c0a53aa46f86ce,9,bursty_benign,W2 — bursty benign,E1_REPRESENTATIVE_ANALYTIC_LEO,POWER_CONSTRAINED,1.0,43200.0,10800.0,43200.0,02ac08f1bf449185d2f9aebc3450197d2d3311cf9dfdd4233d8c2354d6f4589c,b348f00169c885d3849e406bf8ee33c9e3461c493394179d38bcd5672eae6285,,,True,,False,308819.0730833611,18170126.378865108,0.0,18478945.451948468,4496842.105263158,0.24373588926534892,2136.0,True,True,40000.0,16177.0,661.0,29954.783860591127,29384.44603800012,970534997.0831524,952056051.631204,18478945.451948468,0.01903995786600702,40000.0,40000.0,340.08877221258496,327.79673267622667,0.0,0,0.0,0.6240563750769786,0.636169006149729,ec3741f807b472ff2953fa82a3bc6e752c44b0f568d5150c94b52b7ed1e13212,-6.849440978839993e-07,0.9,0.4690155332972902,0.2,0.9,1022516693.8703549,1451993045.840408,533414854.2011496,489101839.6692053,80748407.11281826,0.0,-1.4839807590760756e-05,1.56037231135997e-05,0.0019854079000415576,8.516691304568269,"{""essential_reserve_J"":""maximum_over_full_trace"",""protected_battery_SOC_equivalent"":""maximum_over_full_trace"",""reserve_active"":""any_over_full_trace"",""reserve_denied_compute_W"":""maximum_over_full_trace"",""reserve_limited_compute"":""any_over_full_trace"",""time_until_next_generation_s"":""maximum_over_full_trace""}","{""battery_never_creates_energy"":true,""compute_denial_attribution_closes"":true,""electrical_balance_closes"":true,""essential_reserve_architecture_feasible"":true,""executed_le_design"":true,""executed_le_requested"":true,""fdir_never_increases_power"":true,""finite_state"":true,""housekeeping_priority"":true,""no_hidden_clipping"":true,""reserve_never_increases_power"":true,""soc_within_bounds"":true,""warmup_power_deficit_flag"":false}","[""E1 is a fixed-wall-clock representative environment challenge, not a periodic/steady-state result"",""E1 radiator incidence and Earth-view factors are ASSUMED_EXPLORATORY"",""E1 albedo is a bounded analytic approximation, not a flight environment model""]"
run,rsim-001-pwr1.1,RSIM-001-PWR1,A0-R_RESERVE_AWARE_ESSENTIAL_LOAD_ADMISSION,ESSENTIAL_RESERVE_FEASIBLE,A0-M_MYOPIC_ADMISSION,non-authoritative reserve-aware admission challenge; unchanged A0 hardware; not attack or spacecraft validation,55fc2d816b210ab18ecf700d22c0a53aa46f86ce,9,bursty_benign,W2 — bursty benign,E1_REPRESENTATIVE_ANALYTIC_LEO,CLOSED_LOOP,1.0,43200.0,10800.0,43200.0,02ac08f1bf449185d2f9aebc3450197d2d3311cf9dfdd4233d8c2354d6f4589c,b348f00169c885d3849e406bf8ee33c9e3461c493394179d38bcd5672eae6285,RSIM canonical-derived monotone FDIR,30.0,True,,False,308819.0730833611,18170126.378865108,0.0,18478945.451948468,4496842.105263158,0.24373588926534892,2136.0,True,True,40000.0,16177.0,661.0,29954.783860591127,29384.44603800012,970534997.0831524,952056051.631204,18478945.451948468,0.01903995786600702,40000.0,40000.0,340.08877221258496,327.79673267622667,0.0,0,0.0,0.6240563750769786,0.636169006149729,ec3741f807b472ff2953fa82a3bc6e752c44b0f568d5150c94b52b7ed1e13212,-6.849440978839993e-07,0.9,0.4690155332972902,0.2,0.9,1022516693.8703549,1451993045.840408,533414854.2011496,489101839.6692053,80748407.11281826,0.0,-1.4839807590760756e-05,1.56037231135997e-05,0.0019854079000415576,8.516691304568269,"{""essential_reserve_J"":""maximum_over_full_trace"",""protected_battery_SOC_equivalent"":""maximum_over_full_trace"",""reserve_active"":""any_over_full_trace"",""reserve_denied_compute_W"":""maximum_over_full_trace"",""reserve_limited_compute"":""any_over_full_trace"",""time_until_next_generation_s"":""maximum_over_full_trace""}","{""battery_never_creates_energy"":true,""compute_denial_attribution_closes"":true,""electrical_balance_closes"":true,""essential_reserve_architecture_feasible"":true,""executed_le_design"":true,""executed_le_requested"":true,""fdir_never_increases_power"":true,""finite_state"":true,""housekeeping_priority"":true,""no_hidden_clipping"":true,""reserve_never_increases_power"":true,""soc_within_bounds"":true,""warmup_power_deficit_flag"":false}","[""E1 is a fixed-wall-clock representative environment challenge, not a periodic/steady-state result"",""E1 radiator incidence and Earth-view factors are ASSUMED_EXPLORATORY"",""E1 albedo is a bounded analytic approximation, not a flight environment model""]"
run,rsim-001-pwr1.1,RSIM-001-PWR1,A0-R_RESERVE_AWARE_ESSENTIAL_LOAD_ADMISSION,ESSENTIAL_RESERVE_FEASIBLE,A0-M_MYOPIC_ADMISSION,non-authoritative reserve-aware admission challenge; unchanged A0 hardware; not attack or spacecraft validation,55fc2d816b210ab18ecf700d22c0a53aa46f86ce,9,queue_driven_benign,W3 — queue-driven benign,E0_CANONICAL,POWER_CONSTRAINED,1.0,43200.0,10800.0,43200.0,cee28610eaa0a2b4c9297854ad2461b2f0ba22e40d0f434caa05ea60b8d17d22,f1e4e90f3f517362d1f0d86129448dbb51a9890353ed63ed0111bae36bf018af,,,True,,False,510573.0963951824,5524330.092583483,0.0,6034903.1889786655,4320000.0,0.2420159385639026,2052.0,True,True,40000.0,16416.0,197.0,29954.78386059112,29768.52141648684,970534997.0831524,964500093.8941737,6034903.1889786655,0.006218120116344051,40000.0,40000.0,330.0982655930673,317.9331024284221,0.0,0,0.0,0.6225729692163136,0.6264684251328868,92d88761bd69071f200bb7e8960b91d1dd70cd1febad5efa135bbd178b29b463,2.549541022744961e-07,0.9,0.2,0.2,0.9,1005684683.8808403,1439151157.8947375,538828685.4966913,466855998.3841492,82833573.8766895,0.0,-8.010425972315716e-06,1.6041254639276303e-05,0.001977979843391429,6.054546315294715,"{""essential_reserve_J"":""maximum_over_full_trace"",""protected_battery_SOC_equivalent"":""maximum_over_full_trace"",""reserve_active"":""any_over_full_trace"",""reserve_denied_compute_W"":""maximum_over_full_trace"",""reserve_limited_compute"":""any_over_full_trace"",""time_until_next_generation_s"":""maximum_over_full_trace""}","{""battery_never_creates_energy"":true,""compute_denial_attribution_closes"":true,""electrical_balance_closes"":true,""essential_reserve_architecture_feasible"":true,""executed_le_design"":true,""executed_le_requested"":true,""fdir_never_increases_power"":true,""finite_state"":true,""housekeeping_priority"":true,""no_hidden_clipping"":true,""reserve_never_increases_power"":true,""soc_within_bounds"":true,""warmup_power_deficit_flag"":false}",[]
run,rsim-001-pwr1.1,RSIM-001-PWR1,A0-R_RESERVE_AWARE_ESSENTIAL_LOAD_ADMISSION,ESSENTIAL_RESERVE_FEASIBLE,A0-M_MYOPIC_ADMISSION,non-authoritative reserve-aware admission challenge; unchanged A0 hardware; not attack or spacecraft validation,55fc2d816b210ab18ecf700d22c0a53aa46f86ce,9,queue_driven_benign,W3 — queue-driven benign,E0_CANONICAL,CLOSED_LOOP,1.0,43200.0,10800.0,43200.0,cee28610eaa0a2b4c9297854ad2461b2f0ba22e40d0f434caa05ea60b8d17d22,f1e4e90f3f517362d1f0d86129448dbb51a9890353ed63ed0111bae36bf018af,RSIM canonical-derived monotone FDIR,30.0,True,,False,510573.0963951824,5524330.092583483,0.0,6034903.1889786655,4320000.0,0.2420159385639026,2052.0,True,True,40000.0,16416.0,197.0,29954.78386059112,29768.52141648684,970534997.0831524,964500093.8941737,6034903.1889786655,0.006218120116344051,40000.0,40000.0,330.0982655930673,317.9331024284221,0.0,0,0.0,0.6225729692163136,0.6264684251328868,92d88761bd69071f200bb7e8960b91d1dd70cd1febad5efa135bbd178b29b463,2.549541022744961e-07,0.9,0.2,0.2,0.9,1005684683.8808403,1439151157.8947375,538828685.4966913,466855998.3841492,82833573.8766895,0.0,-8.010425972315716e-06,1.6041254639276303e-05,0.001977979843391429,6.054546315294715,"{""essential_reserve_J"":""maximum_over_full_trace"",""protected_battery_SOC_equivalent"":""maximum_over_full_trace"",""reserve_active"":""any_over_full_trace"",""reserve_denied_compute_W"":""maximum_over_full_trace"",""reserve_limited_compute"":""any_over_full_trace"",""time_until_next_generation_s"":""maximum_over_full_trace""}","{""battery_never_creates_energy"":true,""compute_denial_attribution_closes"":true,""electrical_balance_closes"":true,""essential_reserve_architecture_feasible"":true,""executed_le_design"":true,""executed_le_requested"":true,""fdir_never_increases_power"":true,""finite_state"":true,""housekeeping_priority"":true,""no_hidden_clipping"":true,""reserve_never_increases_power"":true,""soc_within_bounds"":true,""warmup_power_deficit_flag"":false}",[]
run,rsim-001-pwr1.1,RSIM-001-PWR1,A0-R_RESERVE_AWARE_ESSENTIAL_LOAD_ADMISSION,ESSENTIAL_RESERVE_FEASIBLE,A0-M_MYOPIC_ADMISSION,non-authoritative reserve-aware admission challenge; unchanged A0 hardware; not attack or spacecraft validation,55fc2d816b210ab18ecf700d22c0a53aa46f86ce,9,queue_driven_benign,W3 — queue-driven benign,E1_REPRESENTATIVE_ANALYTIC_LEO,POWER_CONSTRAINED,1.0,43200.0,10800.0,43200.0,cee28610eaa0a2b4c9297854ad2461b2f0ba22e40d0f434caa05ea60b8d17d22,b348f00169c885d3849e406bf8ee33c9e3461c493394179d38bcd5672eae6285,,,True,,False,1117999.9999999285,2800795.892710177,0.0,3918795.8927101055,4496842.105263158,0.24373588926534892,2136.0,True,True,40000.0,16177.0,269.0,29954.78386059112,29833.833370075376,970534997.0831524,966616201.1904423,3918795.8927101055,0.004037768761031454,40000.0,40000.0,338.8024448778991,325.8570868186293,0.0,0,0.0,0.633504410914251,0.6360727254949988,2cff5c66cbd2e60de35a331b3e84663daaa2365dfe4c1954079a9ccc09097cb7,3.307355655124411e-06,0.9,0.5012859651087945,0.2,0.9,1023031795.1085999,1451993045.840408,532013412.1832991,491018382.92530096,67082341.97422475,0.0,-1.7965285223908722e-06,1.0018044577009277e-05,0.001984006458023707,7.230363969882433,"{""essential_reserve_J"":""maximum_over_full_trace"",""protected_battery_SOC_equivalent"":""maximum_over_full_trace"",""reserve_active"":""any_over_full_trace"",""reserve_denied_compute_W"":""maximum_over_full_trace"",""reserve_limited_compute"":""any_over_full_trace"",""time_until_next_generation_s"":""maximum_over_full_trace""}","{""battery_never_creates_energy"":true,""compute_denial_attribution_closes"":true,""electrical_balance_closes"":true,""essential_reserve_architecture_feasible"":true,""executed_le_design"":true,""executed_le_requested"":true,""fdir_never_increases_power"":true,""finite_state"":true,""housekeeping_priority"":true,""no_hidden_clipping"":true,""reserve_never_increases_power"":true,""soc_within_bounds"":true,""warmup_power_deficit_flag"":false}","[""E1 is a fixed-wall-clock representative environment challenge, not a periodic/steady-state result"",""E1 radiator incidence and Earth-view factors are ASSUMED_EXPLORATORY"",""E1 albedo is a bounded analytic approximation, not a flight environment model""]"
run,rsim-001-pwr1.1,RSIM-001-PWR1,A0-R_RESERVE_AWARE_ESSENTIAL_LOAD_ADMISSION,ESSENTIAL_RESERVE_FEASIBLE,A0-M_MYOPIC_ADMISSION,non-authoritative reserve-aware admission challenge; unchanged A0 hardware; not attack or spacecraft validation,55fc2d816b210ab18ecf700d22c0a53aa46f86ce,9,queue_driven_benign,W3 — queue-driven benign,E1_REPRESENTATIVE_ANALYTIC_LEO,CLOSED_LOOP,1.0,43200.0,10800.0,43200.0,cee28610eaa0a2b4c9297854ad2461b2f0ba22e40d0f434caa05ea60b8d17d22,b348f00169c885d3849e406bf8ee33c9e3461c493394179d38bcd5672eae6285,RSIM canonical-derived monotone FDIR,30.0,True,,False,1117999.9999999285,2800795.892710177,0.0,3918795.8927101055,4496842.105263158,0.24373588926534892,2136.0,True,True,40000.0,16177.0,269.0,29954.78386059112,29833.833370075376,970534997.0831524,966616201.1904423,3918795.8927101055,0.004037768761031454,40000.0,40000.0,338.8024448778991,325.8570868186293,0.0,0,0.0,0.633504410914251,0.6360727254949988,2cff5c66cbd2e60de35a331b3e84663daaa2365dfe4c1954079a9ccc09097cb7,3.307355655124411e-06,0.9,0.5012859651087945,0.2,0.9,1023031795.1085999,1451993045.840408,532013412.1832991,491018382.92530096,67082341.97422475,0.0,-1.7965285223908722e-06,1.0018044577009277e-05,0.001984006458023707,7.230363969882433,"{""essential_reserve_J"":""maximum_over_full_trace"",""protected_battery_SOC_equivalent"":""maximum_over_full_trace"",""reserve_active"":""any_over_full_trace"",""reserve_denied_compute_W"":""maximum_over_full_trace"",""reserve_limited_compute"":""any_over_full_trace"",""time_until_next_generation_s"":""maximum_over_full_trace""}","{""battery_never_creates_energy"":true,""compute_denial_attribution_closes"":true,""electrical_balance_closes"":true,""essential_reserve_architecture_feasible"":true,""executed_le_design"":true,""executed_le_requested"":true,""fdir_never_increases_power"":true,""finite_state"":true,""housekeeping_priority"":true,""no_hidden_clipping"":true,""reserve_never_increases_power"":true,""soc_within_bounds"":true,""warmup_power_deficit_flag"":false}","[""E1 is a fixed-wall-clock representative environment challenge, not a periodic/steady-state result"",""E1 radiator incidence and Earth-view factors are ASSUMED_EXPLORATORY"",""E1 albedo is a bounded analytic approximation, not a flight environment model""]"
run,rsim-001-pwr1.1,RSIM-001-PWR1,A0-R_RESERVE_AWARE_ESSENTIAL_LOAD_ADMISSION,ESSENTIAL_RESERVE_FEASIBLE,A0-M_MYOPIC_ADMISSION,non-authoritative reserve-aware admission challenge; unchanged A0 hardware; not attack or spacecraft validation,55fc2d816b210ab18ecf700d22c0a53aa46f86ce,9,power_aware_benign,W4 — power-aware benign,E0_CANONICAL,POWER_CONSTRAINED,1.0,43200.0,10800.0,43200.0,0bc835960d36e83155548af7ecfc4807910140e830010d3c36d9ac83a298ebc5,f1e4e90f3f517362d1f0d86129448dbb51a9890353ed63ed0111bae36bf018af,,,True,,False,0.0,0.0,0.0,0.0,4320000.0,0.2420159385639026,2052.0,True,False,0.0,16416.0,0.0,29954.783860591124,29954.783860591124,970534997.0831524,970534997.0831524,0.0,0.0,39245.98984000422,39245.98984000422,334.47456439901055,322.10623821166877,0.0,0,0.0,0.6863623075713768,0.6863623075713768,6d39eaf9b9a6b0f6717a0c6f966e4f26a647e3309e2d6bcf5ea2e974e19bf49d,-9.119544301938731e-07,0.9,0.33876754705770884,0.33841414178636153,0.9,836565084.832212,1439151157.8947375,447134976.51112485,389430108.3210871,110153352.35281451,0.0,-4.178053859504871e-05,4.183620694675483e-05,0.0018862861344058623,10.430845121237951,"{""essential_reserve_J"":""maximum_over_full_trace"",""protected_battery_SOC_equivalent"":""maximum_over_full_trace"",""reserve_active"":""any_over_full_trace"",""reserve_denied_compute_W"":""maximum_over_full_trace"",""reserve_limited_compute"":""any_over_full_trace"",""time_until_next_generation_s"":""maximum_over_full_trace""}","{""battery_never_creates_energy"":true,""compute_denial_attribution_closes"":true,""electrical_balance_closes"":true,""essential_reserve_architecture_feasible"":true,""executed_le_design"":true,""executed_le_requested"":true,""fdir_never_increases_power"":true,""finite_state"":true,""housekeeping_priority"":true,""no_hidden_clipping"":true,""reserve_never_increases_power"":true,""soc_within_bounds"":true,""warmup_power_deficit_flag"":false}",[]
run,rsim-001-pwr1.1,RSIM-001-PWR1,A0-R_RESERVE_AWARE_ESSENTIAL_LOAD_ADMISSION,ESSENTIAL_RESERVE_FEASIBLE,A0-M_MYOPIC_ADMISSION,non-authoritative reserve-aware admission challenge; unchanged A0 hardware; not attack or spacecraft validation,55fc2d816b210ab18ecf700d22c0a53aa46f86ce,9,power_aware_benign,W4 — power-aware benign,E0_CANONICAL,CLOSED_LOOP,1.0,43200.0,10800.0,43200.0,0bc835960d36e83155548af7ecfc4807910140e830010d3c36d9ac83a298ebc5,f1e4e90f3f517362d1f0d86129448dbb51a9890353ed63ed0111bae36bf018af,RSIM canonical-derived monotone FDIR,30.0,True,,False,0.0,0.0,0.0,0.0,4320000.0,0.2420159385639026,2052.0,True,False,0.0,16416.0,0.0,29954.783860591124,29954.783860591124,970534997.0831524,970534997.0831524,0.0,0.0,39245.98984000422,39245.98984000422,334.47456439901055,322.10623821166877,0.0,0,0.0,0.6863623075713768,0.6863623075713768,6d39eaf9b9a6b0f6717a0c6f966e4f26a647e3309e2d6bcf5ea2e974e19bf49d,-9.119544301938731e-07,0.9,0.33876754705770884,0.33841414178636153,0.9,836565084.832212,1439151157.8947375,447134976.51112485,389430108.3210871,110153352.35281451,0.0,-4.178053859504871e-05,4.183620694675483e-05,0.0018862861344058623,10.430845121237951,"{""essential_reserve_J"":""maximum_over_full_trace"",""protected_battery_SOC_equivalent"":""maximum_over_full_trace"",""reserve_active"":""any_over_full_trace"",""reserve_denied_compute_W"":""maximum_over_full_trace"",""reserve_limited_compute"":""any_over_full_trace"",""time_until_next_generation_s"":""maximum_over_full_trace""}","{""battery_never_creates_energy"":true,""compute_denial_attribution_closes"":true,""electrical_balance_closes"":true,""essential_reserve_architecture_feasible"":true,""executed_le_design"":true,""executed_le_requested"":true,""fdir_never_increases_power"":true,""finite_state"":true,""housekeeping_priority"":true,""no_hidden_clipping"":true,""reserve_never_increases_power"":true,""soc_within_bounds"":true,""warmup_power_deficit_flag"":false}",[]
run,rsim-001-pwr1.1,RSIM-001-PWR1,A0-R_RESERVE_AWARE_ESSENTIAL_LOAD_ADMISSION,ESSENTIAL_RESERVE_FEASIBLE,A0-M_MYOPIC_ADMISSION,non-authoritative reserve-aware admission challenge; unchanged A0 hardware; not attack or spacecraft validation,55fc2d816b210ab18ecf700d22c0a53aa46f86ce,9,power_aware_benign,W4 — power-aware benign,E1_REPRESENTATIVE_ANALYTIC_LEO,POWER_CONSTRAINED,1.0,43200.0,10800.0,43200.0,0bc835960d36e83155548af7ecfc4807910140e830010d3c36d9ac83a298ebc5,b348f00169c885d3849e406bf8ee33c9e3461c493394179d38bcd5672eae6285,,,True,,False,115087.2681786204,2139114.7519306233,0.0,2254202.020109244,4496842.105263158,0.24373588926534892,2136.0,True,True,26538.92867747735,16177.0,263.0,29954.783860591124,29885.209724168,970534997.0831524,968280795.0630431,2254202.020109244,0.0023226385724203938,39245.98984000422,39245.98984000422,341.756665976034,329.1843720410588,0.0,0,0.0,0.6804885207791843,0.6820727292092418,a261fa0fa444c4072126d790f9d5087abcca42929ea6c6bc27a0546f72fb6f37,4.2019246393465437e-07,0.9,0.6058992007275568,0.2,0.9,955868425.4150082,1451993045.840408,493053658.99720967,462814766.41779846,95395475.18058012,0.0,-3.308659051981522e-05,3.312180979264667e-05,0.001945046704837618,10.184585068017327,"{""essential_reserve_J"":""maximum_over_full_trace"",""protected_battery_SOC_equivalent"":""maximum_over_full_trace"",""reserve_active"":""any_over_full_trace"",""reserve_denied_compute_W"":""maximum_over_full_trace"",""reserve_limited_compute"":""any_over_full_trace"",""time_until_next_generation_s"":""maximum_over_full_trace""}","{""battery_never_creates_energy"":true,""compute_denial_attribution_closes"":true,""electrical_balance_closes"":true,""essential_reserve_architecture_feasible"":true,""executed_le_design"":true,""executed_le_requested"":true,""fdir_never_increases_power"":true,""finite_state"":true,""housekeeping_priority"":true,""no_hidden_clipping"":true,""reserve_never_increases_power"":true,""soc_within_bounds"":true,""warmup_power_deficit_flag"":false}","[""E1 is a fixed-wall-clock representative environment challenge, not a periodic/steady-state result"",""E1 radiator incidence and Earth-view factors are ASSUMED_EXPLORATORY"",""E1 albedo is a bounded analytic approximation, not a flight environment model""]"
run,rsim-001-pwr1.1,RSIM-001-PWR1,A0-R_RESERVE_AWARE_ESSENTIAL_LOAD_ADMISSION,ESSENTIAL_RESERVE_FEASIBLE,A0-M_MYOPIC_ADMISSION,non-authoritative reserve-aware admission challenge; unchanged A0 hardware; not attack or spacecraft validation,55fc2d816b210ab18ecf700d22c0a53aa46f86ce,9,power_aware_benign,W4 — power-aware benign,E1_REPRESENTATIVE_ANALYTIC_LEO,CLOSED_LOOP,1.0,43200.0,10800.0,43200.0,0bc835960d36e83155548af7ecfc4807910140e830010d3c36d9ac83a298ebc5,b348f00169c885d3849e406bf8ee33c9e3461c493394179d38bcd5672eae6285,RSIM canonical-derived monotone FDIR,30.0,True,,False,115087.2681786204,2139114.7519306233,0.0,2254202.020109244,4496842.105263158,0.24373588926534892,2136.0,True,True,26538.92867747735,16177.0,263.0,29954.783860591124,29885.209724168,970534997.0831524,968280795.0630431,2254202.020109244,0.0023226385724203938,39245.98984000422,39245.98984000422,341.756665976034,329.1843720410588,0.0,0,0.0,0.6804885207791843,0.6820727292092418,a261fa0fa444c4072126d790f9d5087abcca42929ea6c6bc27a0546f72fb6f37,4.2019246393465437e-07,0.9,0.6058992007275568,0.2,0.9,955868425.4150082,1451993045.840408,493053658.99720967,462814766.41779846,95395475.18058012,0.0,-3.308659051981522e-05,3.312180979264667e-05,0.001945046704837618,10.184585068017327,"{""essential_reserve_J"":""maximum_over_full_trace"",""protected_battery_SOC_equivalent"":""maximum_over_full_trace"",""reserve_active"":""any_over_full_trace"",""reserve_denied_compute_W"":""maximum_over_full_trace"",""reserve_limited_compute"":""any_over_full_trace"",""time_until_next_generation_s"":""maximum_over_full_trace""}","{""battery_never_creates_energy"":true,""compute_denial_attribution_closes"":true,""electrical_balance_closes"":true,""essential_reserve_architecture_feasible"":true,""executed_le_design"":true,""executed_le_requested"":true,""fdir_never_increases_power"":true,""finite_state"":true,""housekeeping_priority"":true,""no_hidden_clipping"":true,""reserve_never_increases_power"":true,""soc_within_bounds"":true,""warmup_power_deficit_flag"":false}","[""E1 is a fixed-wall-clock representative environment challenge, not a periodic/steady-state result"",""E1 radiator incidence and Earth-view factors are ASSUMED_EXPLORATORY"",""E1 albedo is a bounded analytic approximation, not a flight environment model""]"
run,rsim-001-pwr1.1,RSIM-001-PWR1,A0-R_RESERVE_AWARE_ESSENTIAL_LOAD_ADMISSION,ESSENTIAL_RESERVE_FEASIBLE,A0-M_MYOPIC_ADMISSION,non-authoritative reserve-aware admission challenge; unchanged A0 hardware; not attack or spacecraft validation,55fc2d816b210ab18ecf700d22c0a53aa46f86ce,9,phase_shaped_candidate,W5 — phase-shaped adversarial candidate,E0_CANONICAL,POWER_CONSTRAINED,1.0,43200.0,10800.0,43200.0,2f0fbfd40937927c8589002509ccbe6653e0c7dc385d343360fe8d3fcfdbd0d8,f1e4e90f3f517362d1f0d86129448dbb51a9890353ed63ed0111bae36bf018af,,,True,,False,0.0,0.0,0.0,0.0,4320000.0,0.2420159385639026,2052.0,True,False,0.0,16416.0,0.0,29954.78386059112,29954.78386059112,970534997.0831524,970534997.0831524,0.0,0.0,40000.0,40000.0,341.41662668056,327.73077886606796,0.0,0,0.0,0.8258213074888654,0.8258213074888654,592e37afbd5c5d98bc86e3a5185f2353b12b37c4c84a4865ce767a0c4ff34e22,1.283479832636658e-06,0.9,0.5694069940571693,0.5693927249883176,0.9,509286905.52111125,1439151157.8947375,271638929.1736256,237647976.34748572,66915726.3109041,0.0,-4.120590710954275e-05,4.122344580537174e-05,0.0017107900870683632,17.372907402787405,"{""essential_reserve_J"":""maximum_over_full_trace"",""protected_battery_SOC_equivalent"":""maximum_over_full_trace"",""reserve_active"":""any_over_full_trace"",""reserve_denied_compute_W"":""maximum_over_full_trace"",""reserve_limited_compute"":""any_over_full_trace"",""time_until_next_generation_s"":""maximum_over_full_trace""}","{""battery_never_creates_energy"":true,""compute_denial_attribution_closes"":true,""electrical_balance_closes"":true,""essential_reserve_architecture_feasible"":true,""executed_le_design"":true,""executed_le_requested"":true,""fdir_never_increases_power"":true,""finite_state"":true,""housekeeping_priority"":true,""no_hidden_clipping"":true,""reserve_never_increases_power"":true,""soc_within_bounds"":true,""warmup_power_deficit_flag"":false}",[]
run,rsim-001-pwr1.1,RSIM-001-PWR1,A0-R_RESERVE_AWARE_ESSENTIAL_LOAD_ADMISSION,ESSENTIAL_RESERVE_FEASIBLE,A0-M_MYOPIC_ADMISSION,non-authoritative reserve-aware admission challenge; unchanged A0 hardware; not attack or spacecraft validation,55fc2d816b210ab18ecf700d22c0a53aa46f86ce,9,phase_shaped_candidate,W5 — phase-shaped adversarial candidate,E0_CANONICAL,CLOSED_LOOP,1.0,43200.0,10800.0,43200.0,2f0fbfd40937927c8589002509ccbe6653e0c7dc385d343360fe8d3fcfdbd0d8,f1e4e90f3f517362d1f0d86129448dbb51a9890353ed63ed0111bae36bf018af,RSIM canonical-derived monotone FDIR,30.0,True,,False,0.0,0.0,0.0,0.0,4320000.0,0.2420159385639026,2052.0,True,False,0.0,16416.0,0.0,29954.78386059112,29954.78386059112,970534997.0831524,970534997.0831524,0.0,0.0,40000.0,40000.0,341.41662668056,327.73077886606796,0.0,0,0.0,0.8258213074888654,0.8258213074888654,592e37afbd5c5d98bc86e3a5185f2353b12b37c4c84a4865ce767a0c4ff34e22,1.283479832636658e-06,0.9,0.5694069940571693,0.5693927249883176,0.9,509286905.52111125,1439151157.8947375,271638929.1736256,237647976.34748572,66915726.3109041,0.0,-4.120590710954275e-05,4.122344580537174e-05,0.0017107900870683632,17.372907402787405,"{""essential_reserve_J"":""maximum_over_full_trace"",""protected_battery_SOC_equivalent"":""maximum_over_full_trace"",""reserve_active"":""any_over_full_trace"",""reserve_denied_compute_W"":""maximum_over_full_trace"",""reserve_limited_compute"":""any_over_full_trace"",""time_until_next_generation_s"":""maximum_over_full_trace""}","{""battery_never_creates_energy"":true,""compute_denial_attribution_closes"":true,""electrical_balance_closes"":true,""essential_reserve_architecture_feasible"":true,""executed_le_design"":true,""executed_le_requested"":true,""fdir_never_increases_power"":true,""finite_state"":true,""housekeeping_priority"":true,""no_hidden_clipping"":true,""reserve_never_increases_power"":true,""soc_within_bounds"":true,""warmup_power_deficit_flag"":false}",[]
run,rsim-001-pwr1.1,RSIM-001-PWR1,A0-R_RESERVE_AWARE_ESSENTIAL_LOAD_ADMISSION,ESSENTIAL_RESERVE_FEASIBLE,A0-M_MYOPIC_ADMISSION,non-authoritative reserve-aware admission challenge; unchanged A0 hardware; not attack or spacecraft validation,55fc2d816b210ab18ecf700d22c0a53aa46f86ce,9,phase_shaped_candidate,W5 — phase-shaped adversarial candidate,E1_REPRESENTATIVE_ANALYTIC_LEO,POWER_CONSTRAINED,1.0,43200.0,10800.0,43200.0,2f0fbfd40937927c8589002509ccbe6653e0c7dc385d343360fe8d3fcfdbd0d8,b348f00169c885d3849e406bf8ee33c9e3461c493394179d38bcd5672eae6285,,,True,,False,0.0,0.0,0.0,0.0,4496842.105263158,0.24373588926534892,2136.0,True,True,14725.856166956642,16177.0,410.0,29954.78386059112,29954.78386059112,970534997.0831524,970534997.0831524,0.0,0.0,40000.0,40000.0,348.32389934731634,334.45039872718826,141.0,0,0.0,0.767069085495839,0.767069085495839,50022331688f0dd7b834c611b74be2fe1e0bca4d22324227db0dda6cd23ada24,1.2617692846106365e-06,0.9,0.7025952023293124,0.2,0.9,786786584.9840147,1451993045.840408,403541688.01861626,383244896.96539855,57435826.77252129,0.0,-1.9742069071071455e-05,1.9780789898504736e-05,0.0018555347338590242,16.751818439299655,"{""essential_reserve_J"":""maximum_over_full_trace"",""protected_battery_SOC_equivalent"":""maximum_over_full_trace"",""reserve_active"":""any_over_full_trace"",""reserve_denied_compute_W"":""maximum_over_full_trace"",""reserve_limited_compute"":""any_over_full_trace"",""time_until_next_generation_s"":""maximum_over_full_trace""}","{""battery_never_creates_energy"":true,""compute_denial_attribution_closes"":true,""electrical_balance_closes"":true,""essential_reserve_architecture_feasible"":true,""executed_le_design"":true,""executed_le_requested"":true,""fdir_never_increases_power"":true,""finite_state"":true,""housekeeping_priority"":true,""no_hidden_clipping"":true,""reserve_never_increases_power"":true,""soc_within_bounds"":true,""warmup_power_deficit_flag"":false}","[""E1 is a fixed-wall-clock representative environment challenge, not a periodic/steady-state result"",""E1 radiator incidence and Earth-view factors are ASSUMED_EXPLORATORY"",""E1 albedo is a bounded analytic approximation, not a flight environment model""]"
run,rsim-001-pwr1.1,RSIM-001-PWR1,A0-R_RESERVE_AWARE_ESSENTIAL_LOAD_ADMISSION,ESSENTIAL_RESERVE_FEASIBLE,A0-M_MYOPIC_ADMISSION,non-authoritative reserve-aware admission challenge; unchanged A0 hardware; not attack or spacecraft validation,55fc2d816b210ab18ecf700d22c0a53aa46f86ce,9,phase_shaped_candidate,W5 — phase-shaped adversarial candidate,E1_REPRESENTATIVE_ANALYTIC_LEO,CLOSED_LOOP,1.0,43200.0,10800.0,43200.0,2f0fbfd40937927c8589002509ccbe6653e0c7dc385d343360fe8d3fcfdbd0d8,b348f00169c885d3849e406bf8ee33c9e3461c493394179d38bcd5672eae6285,RSIM canonical-derived monotone FDIR,30.0,True,,False,0.0,0.0,2371474.7614980913,2371474.7614980913,4496842.105263158,0.24373588926534892,2136.0,True,True,14725.856166956642,16177.0,410.0,29954.78386059112,29881.59019511279,970534997.0831524,968163522.3216543,2371474.7614980913,0.0024434716611202332,40000.0,40000.0,348.19857961367006,334.4170671336962,31.0,1,85.0,0.767069085495839,0.7664985312741774,79df201f00c508b31b6350d0dedd5f6c07dd32f4d5e7d4aaa7325d04ca929328,4.082512532477267e-07,0.9,0.7025952023293124,0.2,0.9,786786584.984015,1451993045.840408,403541688.01861626,383244896.96539867,59807301.53401922,0.0,-1.9588098894018913e-05,1.9626819721452193e-05,0.0018555347338590242,16.626498705653376,"{""essential_reserve_J"":""maximum_over_full_trace"",""protected_battery_SOC_equivalent"":""maximum_over_full_trace"",""reserve_active"":""any_over_full_trace"",""reserve_denied_compute_W"":""maximum_over_full_trace"",""reserve_limited_compute"":""any_over_full_trace"",""time_until_next_generation_s"":""maximum_over_full_trace""}","{""battery_never_creates_energy"":true,""compute_denial_attribution_closes"":true,""electrical_balance_closes"":true,""essential_reserve_architecture_feasible"":true,""executed_le_design"":true,""executed_le_requested"":true,""fdir_never_increases_power"":true,""finite_state"":true,""housekeeping_priority"":true,""no_hidden_clipping"":true,""reserve_never_increases_power"":true,""soc_within_bounds"":true,""warmup_power_deficit_flag"":false}","[""E1 is a fixed-wall-clock representative environment challenge, not a periodic/steady-state result"",""E1 radiator incidence and Earth-view factors are ASSUMED_EXPLORATORY"",""E1 albedo is a bounded analytic approximation, not a flight environment model""]"
